scenario,component_type,component_index,component_name,eta_i,eta_j,observed_diag_i,observed_diag_j,observed_offdiag,reported_diag_i,reported_diag_j,reported_offdiag,status,maximum_underestimate_ratio
quadratic_chain,module,0,QuadraticWell,0.940063788177018,,0.25,,,0.25,,,covered,1.0
quadratic_chain,module,1,QuadraticWell,0.872006481804008,,0.34258774617989884,,,0.34258774618003096,,,covered,0.9999999999996143
quadratic_chain,module,2,QuadraticWell,0.5356742585986218,,0.46946545533074696,,,0.46946545533085315,,,covered,0.9999999999997738
quadratic_chain,module,3,QuadraticWell,0.9155955505420955,,0.6433324490047599,,,0.6433324490047159,,,covered,1.0000000000000686
quadratic_chain,module,4,QuadraticWell,0.22158829812410974,,0.8815912549966564,,,0.8815912549960212,,,covered,1.0000000000007205
quadratic_chain,module,5,QuadraticWell,0.9795121133889388,,1.2080894444043724,,,1.2080894444044474,,,covered,0.9999999999999378
quadratic_chain,module,6,QuadraticWell,0.6941196446052222,,1.6555065597701326,,,1.6555065597696212,,,covered,1.0000000000003089
quadratic_chain,module,7,QuadraticWell,0.4265747635077827,,2.268625044385915,,,2.268625044390925,,,covered,0.9999999999977918
quadratic_chain,module,8,QuadraticWell,0.6579368097581262,,3.108812563548939,,,3.1088125635418384,,,covered,1.000000000002284
quadratic_chain,module,9,QuadraticWell,0.07262513350585165,,4.260164357751659,,,4.260164357759851,,,covered,0.9999999999980771
quadratic_chain,module,10,QuadraticWell,0.8679598261006072,,5.8379204227287165,,,5.8379204227257855,,,covered,1.000000000000502
quadratic_chain,module,11,QuadraticWell,0.8241305865119027,,8.0,,,8.0,,,covered,1.0
quadratic_chain,coupling,0,QuadraticCoupling,0.940063788177018,0.872006481804008,0.2999999999999306,0.2999999999999306,0.2999999999999306,0.3,0.3,0.3,covered,0.9999999999997687
quadratic_chain,coupling,1,QuadraticCoupling,0.872006481804008,0.5356742585986218,0.3600000000001943,0.3600000000001943,0.3600000000001943,0.36,0.36,0.36,covered,1.0000000000005398
quadratic_chain,coupling,2,QuadraticCoupling,0.5356742585986218,0.9155955505420955,0.420000000000111,0.420000000000111,0.420000000000111,0.42,0.42,0.42,covered,1.0000000000002642
quadratic_chain,coupling,3,QuadraticCoupling,0.9155955505420955,0.22158829812410974,0.30000000000027754,0.2999999999986122,0.2999999999994449,0.3,0.3,0.3,covered,1.0000000000009253
quadratic_chain,coupling,4,QuadraticCoupling,0.22158829812410974,0.9795121133889388,0.3600000000016653,0.36000000000088817,0.36000000000127674,0.36,0.36,0.36,covered,1.0000000000046259
quadratic_chain,coupling,5,QuadraticCoupling,0.9795121133889388,0.6941196446052222,0.420000000000111,0.420000000000111,0.420000000000111,0.42,0.42,0.42,covered,1.0000000000002642
quadratic_chain,coupling,6,QuadraticCoupling,0.6941196446052222,0.4265747635077827,0.30000000000027754,0.3,0.30000000000013877,0.3,0.3,0.3,covered,1.0000000000009253
quadratic_chain,coupling,7,QuadraticCoupling,0.4265747635077827,0.6579368097581262,0.35999999999958365,0.3600000000001943,0.35999999999988896,0.36,0.36,0.36,covered,1.0000000000005398
quadratic_chain,coupling,8,QuadraticCoupling,0.6579368097581262,0.07262513350585165,0.41999999999872323,0.4199999999969746,0.4199999999978489,0.42,0.42,0.42,covered,0.9999999999969601
quadratic_chain,coupling,9,QuadraticCoupling,0.07262513350585165,0.8679598261006072,0.29999999999902854,0.30000000000027754,0.29999999999965304,0.3,0.3,0.3,covered,1.0000000000009253
quadratic_chain,coupling,10,QuadraticCoupling,0.8679598261006072,0.8241305865119027,0.3600000000000208,0.3600000000000208,0.3600000000000208,0.36,0.36,0.36,covered,1.0000000000000577
quadratic_chain,module,0,QuadraticWell,0.9398571021401256,,0.25,,,0.25,,,covered,1.0
quadratic_chain,module,1,QuadraticWell,0.9471741029130033,,0.3425877461800723,,,0.34258774618003096,,,covered,1.0000000000001208
quadratic_chain,module,2,QuadraticWell,0.22363428779863015,,0.4694654553305695,,,0.46946545533085315,,,covered,0.9999999999993958
quadratic_chain,module,3,QuadraticWell,0.15470372909291344,,0.6433324490046582,,,0.6433324490047159,,,covered,0.9999999999999104
quadratic_chain,module,4,QuadraticWell,0.6083386870035253,,0.881591254995999,,,0.8815912549960212,,,covered,0.9999999999999748
quadratic_chain,module,5,QuadraticWell,0.5705050385480827,,1.2080894444045458,,,1.2080894444044474,,,covered,1.0000000000000815
quadratic_chain,module,6,QuadraticWell,0.9576098645983804,,1.6555065597701326,,,1.6555065597696212,,,covered,1.0000000000003089
quadratic_chain,module,7,QuadraticWell,0.8594966487290989,,2.2686250443915696,,,2.268625044390925,,,covered,1.0000000000002842
quadratic_chain,module,8,QuadraticWell,0.058275672404120696,,3.1088125635393897,,,3.1088125635418384,,,covered,0.9999999999992123
quadratic_chain,module,9,QuadraticWell,0.5953321859492389,,4.260164357759681,,,4.260164357759851,,,covered,0.9999999999999601
quadratic_chain,module,10,QuadraticWell,0.4592514267968459,,5.837920422725452,,,5.8379204227257855,,,covered,0.9999999999999429
quadratic_chain,module,11,QuadraticWell,0.48960049507748754,,8.0,,,8.0,,,covered,1.0
quadratic_chain,coupling,0,QuadraticCoupling,0.9398571021401256,0.9471741029130033,0.29999999999999566,0.29999999999999566,0.29999999999999566,0.3,0.3,0.3,covered,0.9999999999999856
quadratic_chain,coupling,1,QuadraticCoupling,0.9471741029130033,0.22363428779863015,0.36000000000088817,0.35999999999888976,0.35999999999988896,0.36,0.36,0.36,covered,1.0000000000024671
quadratic_chain,coupling,2,QuadraticCoupling,0.22363428779863015,0.15470372909291344,0.4200000000000347,0.4200000000000347,0.4200000000000347,0.42,0.42,0.42,covered,1.0000000000000826
quadratic_chain,coupling,3,QuadraticCoupling,0.15470372909291344,0.6083386870035253,0.3,0.30000000000027754,0.30000000000013877,0.3,0.3,0.3,covered,1.0000000000009253
quadratic_chain,coupling,4,QuadraticCoupling,0.6083386870035253,0.5705050385480827,0.3599999999999341,0.3599999999999341,0.3599999999999341,0.36,0.36,0.36,covered,0.9999999999998169
quadratic_chain,coupling,5,QuadraticCoupling,0.5705050385480827,0.9576098645983804,0.420000000000111,0.420000000000111,0.420000000000111,0.42,0.42,0.42,covered,1.0000000000002642
quadratic_chain,coupling,6,QuadraticCoupling,0.9576098645983804,0.8594966487290989,0.2999999999999306,0.2999999999999306,0.2999999999999306,0.3,0.3,0.3,covered,0.9999999999997687
quadratic_chain,coupling,7,QuadraticCoupling,0.8594966487290989,0.058275672404120696,0.3599999999981126,0.35999999999913956,0.3599999999986261,0.36,0.36,0.36,covered,0.9999999999976099
quadratic_chain,coupling,8,QuadraticCoupling,0.058275672404120696,0.5953321859492389,0.42000000000084653,0.420000000000111,0.42000000000047877,0.42,0.42,0.42,covered,1.0000000000020155
quadratic_chain,coupling,9,QuadraticCoupling,0.5953321859492389,0.4592514267968459,0.2999999999999306,0.3,0.2999999999999653,0.3,0.3,0.3,covered,1.0
quadratic_chain,coupling,10,QuadraticCoupling,0.4592514267968459,0.48960049507748754,0.3599999999999306,0.3599999999999306,0.3599999999999306,0.36,0.36,0.36,covered,0.9999999999998073
quadratic_chain,module,0,QuadraticWell,0.9224612366499372,,0.25,,,0.25,,,covered,1.0
quadratic_chain,module,1,QuadraticWell,0.8571262225318477,,0.3425877461800723,,,0.34258774618003096,,,covered,1.0000000000001208
quadratic_chain,module,2,QuadraticWell,0.5342472882546769,,0.46946545533074696,,,0.46946545533085315,,,covered,0.9999999999997738
quadratic_chain,module,3,QuadraticWell,0.8989717285204116,,0.6433324490047599,,,0.6433324490047159,,,covered,1.0000000000000686
quadratic_chain,module,4,QuadraticWell,0.23272476619914534,,0.8815912549966564,,,0.8815912549960212,,,covered,1.0000000000007205
quadratic_chain,module,5,QuadraticWell,0.9603316288533813,,1.2080894444043724,,,1.2080894444044474,,,covered,0.9999999999999378
quadratic_chain,module,6,QuadraticWell,0.6863548588210133,,1.6555065597701326,,,1.6555065597696212,,,covered,1.0000000000003089
quadratic_chain,module,7,QuadraticWell,0.4295117729674714,,2.268625044391466,,,2.268625044390925,,,covered,1.0000000000002387
quadratic_chain,module,8,QuadraticWell,0.6516193373678011,,3.108812563548939,,,3.1088125635418384,,,covered,1.000000000002284
quadratic_chain,module,9,QuadraticWell,0.08972012816561759,,4.260164357751659,,,4.260164357759851,,,covered,0.9999999999980771
quadratic_chain,module,10,QuadraticWell,0.8532414330565828,,5.8379204227287165,,,5.8379204227257855,,,covered,1.000000000000502
quadratic_chain,module,11,QuadraticWell,0.8111653630514266,,8.0,,,8.0,,,covered,1.0
quadratic_chain,coupling,0,QuadraticCoupling,0.9224612366499372,0.8571262225318477,0.3000000000001041,0.3000000000001041,0.3000000000001041,0.3,0.3,0.3,covered,1.000000000000347
quadratic_chain,coupling,1,QuadraticCoupling,0.8571262225318477,0.5342472882546769,0.3599999999995004,0.3599999999995004,0.3599999999995004,0.36,0.36,0.36,covered,0.9999999999986122
quadratic_chain,coupling,2,QuadraticCoupling,0.5342472882546769,0.8989717285204116,0.41999999999872323,0.41999999999872323,0.41999999999872323,0.42,0.42,0.42,covered,0.9999999999969601
quadratic_chain,coupling,3,QuadraticCoupling,0.8989717285204116,0.23272476619914534,0.30000000000027754,0.3,0.30000000000013877,0.3,0.3,0.3,covered,1.0000000000009253
quadratic_chain,coupling,4,QuadraticCoupling,0.23272476619914534,0.9603316288533813,0.35999999999888976,0.3599999999981126,0.3599999999985012,0.36,0.36,0.36,covered,0.999999999996916
quadratic_chain,coupling,5,QuadraticCoupling,0.9603316288533813,0.6863548588210133,0.420000000000111,0.420000000000111,0.420000000000111,0.42,0.42,0.42,covered,1.0000000000002642
quadratic_chain,coupling,6,QuadraticCoupling,0.6863548588210133,0.4295117729674714,0.29999999999958366,0.3,0.2999999999997918,0.3,0.3,0.3,covered,1.0
quadratic_chain,coupling,7,QuadraticCoupling,0.4295117729674714,0.6516193373678011,0.36000000000027754,0.3599999999995004,0.35999999999988896,0.36,0.36,0.36,covered,1.000000000000771
quadratic_chain,coupling,8,QuadraticCoupling,0.6516193373678011,0.08972012816561759,0.41999999999872323,0.4199999999969746,0.4199999999978489,0.42,0.42,0.42,covered,0.9999999999969601
quadratic_chain,coupling,9,QuadraticCoupling,0.08972012816561759,0.8532414330565828,0.29999999999764076,0.29999999999888977,0.29999999999826527,0.3,0.3,0.3,covered,0.9999999999962993
quadratic_chain,coupling,10,QuadraticCoupling,0.8532414330565828,0.8111653630514266,0.3599999999999341,0.3599999999999341,0.3599999999999341,0.36,0.36,0.36,covered,0.9999999999998169
quadratic_chain,module,0,QuadraticWell,0.34160984821574786,,0.25,,,0.25,,,covered,1.0
quadratic_chain,module,1,QuadraticWell,0.19066309106821128,,0.34258774617955834,,,0.34258774618003096,,,covered,0.9999999999986204
quadratic_chain,module,2,QuadraticWell,0.4296857260761766,,0.4694654553305695,,,0.46946545533085315,,,covered,0.9999999999993958
quadratic_chain,module,3,QuadraticWell,0.483109575145866,,0.6433324490039644,,,0.6433324490047159,,,covered,0.9999999999988318
quadratic_chain,module,4,QuadraticWell,0.14404791436698228,,0.8815912549966564,,,0.8815912549960212,,,covered,1.0000000000007205
quadratic_chain,module,5,QuadraticWell,0.24600688799924483,,1.2080894444032173,,,1.2080894444044474,,,covered,0.9999999999989817
quadratic_chain,module,6,QuadraticWell,0.5944708330443005,,1.6555065597687448,,,1.6555065597696212,,,covered,0.9999999999994706
quadratic_chain,module,7,QuadraticWell,0.7266779532527218,,2.2686250443908755,,,2.268625044390925,,,covered,0.9999999999999782
quadratic_chain,module,8,QuadraticWell,0.630784841995076,,3.108812563548939,,,3.1088125635418384,,,covered,1.000000000002284
quadratic_chain,module,9,QuadraticWell,0.12116615604539557,,4.260164357751659,,,4.260164357759851,,,covered,0.9999999999980771
quadratic_chain,module,10,QuadraticWell,0.025405546689315203,,5.8379204227467945,,,5.8379204227257855,,,covered,1.0000000000035987
quadratic_chain,module,11,QuadraticWell,0.3005251295587762,,8.0,,,8.0,,,covered,1.0
quadratic_chain,coupling,0,QuadraticCoupling,0.34160984821574786,0.19066309106821128,0.3,0.3,0.3,0.3,0.3,0.3,covered,1.0
quadratic_chain,coupling,1,QuadraticCoupling,0.19066309106821128,0.4296857260761766,0.35999999999958365,0.35999999999958365,0.35999999999958365,0.36,0.36,0.36,covered,0.9999999999988435
quadratic_chain,coupling,2,QuadraticCoupling,0.4296857260761766,0.483109575145866,0.4199999999998612,0.4199999999998612,0.4199999999998612,0.42,0.42,0.42,covered,0.9999999999996696
quadratic_chain,coupling,3,QuadraticCoupling,0.483109575145866,0.14404791436698228,0.3,0.3,0.3,0.3,0.3,0.3,covered,1.0
quadratic_chain,coupling,4,QuadraticCoupling,0.14404791436698228,0.24600688799924483,0.36000000000027754,0.36000000000027754,0.36000000000027754,0.36,0.36,0.36,covered,1.000000000000771
quadratic_chain,coupling,5,QuadraticCoupling,0.24600688799924483,0.5944708330443005,0.4200000000005551,0.420000000000111,0.42000000000033305,0.42,0.42,0.42,covered,1.0000000000013216
quadratic_chain,coupling,6,QuadraticCoupling,0.5944708330443005,0.7266779532527218,0.2999999999999306,0.2999999999999306,0.2999999999999306,0.3,0.3,0.3,covered,0.9999999999997687
quadratic_chain,coupling,7,QuadraticCoupling,0.7266779532527218,0.630784841995076,0.3600000000001943,0.3600000000001943,0.3600000000001943,0.36,0.36,0.36,covered,1.0000000000005398
quadratic_chain,coupling,8,QuadraticCoupling,0.630784841995076,0.12116615604539557,0.420000000000111,0.42000000000113796,0.4200000000006245,0.42,0.42,0.42,covered,1.0000000000027094
quadratic_chain,coupling,9,QuadraticCoupling,0.12116615604539557,0.025405546689315203,0.3000000000000694,0.2999999999999653,0.30000000000001736,0.3,0.3,0.3,covered,1.0000000000002314
quadratic_chain,coupling,10,QuadraticCoupling,0.025405546689315203,0.3005251295587762,0.36000000000065224,0.36000000000027754,0.3600000000004649,0.36,0.36,0.36,covered,1.0000000000018119
quadratic_chain,module,0,QuadraticWell,0.07064235988450622,,0.25000000000034694,,,0.25,,,covered,1.0000000000013878
quadratic_chain,module,1,QuadraticWell,0.7714467883261786,,0.34258774617989884,,,0.34258774618003096,,,covered,0.9999999999996143
quadratic_chain,module,2,QuadraticWell,0.5970030803466959,,0.46946545533074696,,,0.46946545533085315,,,covered,0.9999999999997738
quadratic_chain,module,3,QuadraticWell,0.37722531374195156,,0.6433324490046582,,,0.6433324490047159,,,covered,0.9999999999999104
quadratic_chain,module,4,QuadraticWell,0.04318517324283856,,0.8815912549972681,,,0.8815912549960212,,,covered,1.0000000000014144
quadratic_chain,module,5,QuadraticWell,0.731320775524112,,1.2080894444043724,,,1.2080894444044474,,,covered,0.9999999999999378
quadratic_chain,module,6,QuadraticWell,0.8436065399687896,,1.6555065597696124,,,1.6555065597696212,,,covered,0.9999999999999947
quadratic_chain,module,7,QuadraticWell,0.30221173243752925,,2.2686250443970173,,,2.268625044390925,,,covered,1.0000000000026856
quadratic_chain,module,8,QuadraticWell,0.5671390523581762,,3.1088125635378367,,,3.1088125635418384,,,covered,0.9999999999987128
quadratic_chain,module,9,QuadraticWell,0.8397539196577611,,4.260164357758293,,,4.260164357759851,,,covered,0.9999999999996343
quadratic_chain,module,10,QuadraticWell,0.8239106470823793,,5.8379204227287165,,,5.8379204227257855,,,covered,1.000000000000502
quadratic_chain,module,11,QuadraticWell,0.2550469854010255,,8.0,,,8.0,,,covered,1.0
quadratic_chain,coupling,0,QuadraticCoupling,0.07064235988450622,0.7714467883261786,0.3000000000004163,0.30000000000027754,0.30000000000034693,0.3,0.3,0.3,covered,1.0000000000013878
quadratic_chain,coupling,1,QuadraticCoupling,0.7714467883261786,0.5970030803466959,0.3600000000001943,0.3600000000001943,0.3600000000001943,0.36,0.36,0.36,covered,1.0000000000005398
quadratic_chain,coupling,2,QuadraticCoupling,0.5970030803466959,0.37722531374195156,0.420000000000111,0.4199999999998612,0.4199999999999861,0.42,0.42,0.42,covered,1.0000000000002642
quadratic_chain,coupling,3,QuadraticCoupling,0.37722531374195156,0.04318517324283856,0.3,0.30000000000020816,0.3000000000001041,0.3,0.3,0.3,covered,1.000000000000694
quadratic_chain,coupling,4,QuadraticCoupling,0.04318517324283856,0.731320775524112,0.36000000000052734,0.36000000000088817,0.36000000000070775,0.36,0.36,0.36,covered,1.0000000000024671
quadratic_chain,coupling,5,QuadraticCoupling,0.731320775524112,0.8436065399687896,0.420000000000111,0.420000000000111,0.420000000000111,0.42,0.42,0.42,covered,1.0000000000002642
quadratic_chain,coupling,6,QuadraticCoupling,0.8436065399687896,0.30221173243752925,0.29999999999888977,0.3,0.2999999999994449,0.3,0.3,0.3,covered,1.0
quadratic_chain,coupling,7,QuadraticCoupling,0.30221173243752925,0.5671390523581762,0.36000000000027754,0.3600000000001943,0.3600000000002359,0.36,0.36,0.36,covered,1.000000000000771
quadratic_chain,coupling,8,QuadraticCoupling,0.5671390523581762,0.8397539196577611,0.420000000000111,0.420000000000111,0.420000000000111,0.42,0.42,0.42,covered,1.0000000000002642
quadratic_chain,coupling,9,QuadraticCoupling,0.8397539196577611,0.8239106470823793,0.30000000000001736,0.30000000000001736,0.30000000000001736,0.3,0.3,0.3,covered,1.000000000000058
quadratic_chain,coupling,10,QuadraticCoupling,0.8239106470823793,0.2550469854010255,0.36000000000088817,0.36000000000027754,0.36000000000058285,0.36,0.36,0.36,covered,1.0000000000024671
quadratic_chain,module,0,QuadraticWell,0.36998860040037534,,0.25,,,0.25,,,covered,1.0
quadratic_chain,module,1,QuadraticWell,0.15496757552114665,,0.34258774617955834,,,0.34258774618003096,,,covered,0.9999999999986204
quadratic_chain,module,2,QuadraticWell,0.03210550578174463,,0.4694654553298544,,,0.46946545533085315,,,covered,0.9999999999978726
quadratic_chain,module,3,QuadraticWell,0.33109708125044757,,0.6433324490046582,,,0.6433324490047159,,,covered,0.9999999999999104
quadratic_chain,module,4,QuadraticWell,0.6724571742041303,,0.881591254995999,,,0.8815912549960212,,,covered,0.9999999999999748
quadratic_chain,module,5,QuadraticWell,0.12599207409506202,,1.2080894444032173,,,1.2080894444044474,,,covered,0.9999999999989817
quadratic_chain,module,6,QuadraticWell,0.3358357322524862,,1.6555065597706573,,,1.6555065597696212,,,covered,1.0000000000006257
quadratic_chain,module,7,QuadraticWell,0.44267986772150475,,2.268625044391466,,,2.268625044390925,,,covered,1.0000000000002387
quadratic_chain,module,8,QuadraticWell,0.25104176568435077,,3.108812563541396,,,3.1088125635418384,,,covered,0.9999999999998577
quadratic_chain,module,9,QuadraticWell,0.30186072343556924,,4.260164357756849,,,4.260164357759851,,,covered,0.9999999999992953
quadratic_chain,module,10,QuadraticWell,0.5920390413669191,,5.8379204227287165,,,5.8379204227257855,,,covered,1.000000000000502
quadratic_chain,module,11,QuadraticWell,0.18060182472127523,,8.0,,,8.0,,,covered,1.0
quadratic_chain,coupling,0,QuadraticCoupling,0.36998860040037534,0.15496757552114665,0.3,0.3,0.3,0.3,0.3,0.3,covered,1.0
quadratic_chain,coupling,1,QuadraticCoupling,0.15496757552114665,0.03210550578174463,0.3599999999999306,0.35999999999983345,0.359999999999882,0.36,0.36,0.36,covered,0.9999999999998073
quadratic_chain,coupling,2,QuadraticCoupling,0.03210550578174463,0.33109708125044757,0.41999999999945875,0.4199999999991673,0.41999999999931303,0.42,0.42,0.42,covered,0.9999999999987114
quadratic_chain,coupling,3,QuadraticCoupling,0.33109708125044757,0.6724571742041303,0.3,0.29999999999958366,0.2999999999997918,0.3,0.3,0.3,covered,1.0
quadratic_chain,coupling,4,QuadraticCoupling,0.6724571742041303,0.12599207409506202,0.3599999999995004,0.36000000000027754,0.35999999999988896,0.36,0.36,0.36,covered,1.000000000000771
quadratic_chain,coupling,5,QuadraticCoupling,0.12599207409506202,0.3358357322524862,0.4200000000005551,0.4200000000005551,0.4200000000005551,0.42,0.42,0.42,covered,1.0000000000013216
quadratic_chain,coupling,6,QuadraticCoupling,0.3358357322524862,0.44267986772150475,0.3,0.3,0.3,0.3,0.3,0.3,covered,1.0
quadratic_chain,coupling,7,QuadraticCoupling,0.44267986772150475,0.25104176568435077,0.35999999999958365,0.35999999999958365,0.35999999999958365,0.36,0.36,0.36,covered,0.9999999999988435
quadratic_chain,coupling,8,QuadraticCoupling,0.25104176568435077,0.30186072343556924,0.4199999999998612,0.4199999999998612,0.4199999999998612,0.42,0.42,0.42,covered,0.9999999999996696
quadratic_chain,coupling,9,QuadraticCoupling,0.30186072343556924,0.5920390413669191,0.3,0.29999999999958366,0.2999999999997918,0.3,0.3,0.3,covered,1.0
quadratic_chain,coupling,10,QuadraticCoupling,0.5920390413669191,0.18060182472127523,0.36000000000088817,0.35999999999888976,0.35999999999988896,0.36,0.36,0.36,covered,1.0000000000024671
quadratic_chain,module,0,QuadraticWell,0.8552030129445399,,0.25,,,0.25,,,covered,1.0
quadratic_chain,module,1,QuadraticWell,0.7923267417273703,,0.34258774617998555,,,0.34258774618003096,,,covered,0.9999999999998674
quadratic_chain,module,2,QuadraticWell,0.25868673072594767,,0.46946545533091644,,,0.46946545533085315,,,covered,1.0000000000001348
quadratic_chain,module,3,QuadraticWell,0.4951694877240097,,0.6433324490039644,,,0.6433324490047159,,,covered,0.9999999999988318
quadratic_chain,module,4,QuadraticWell,0.6366416595671306,,0.881591254995999,,,0.8815912549960212,,,covered,0.9999999999999748
quadratic_chain,module,5,QuadraticWell,0.6595141657205349,,1.2080894444043724,,,1.2080894444044474,,,covered,0.9999999999999378
quadratic_chain,module,6,QuadraticWell,0.1281179662165055,,1.6555065597706573,,,1.6555065597696212,,,covered,1.0000000000006257
quadratic_chain,module,7,QuadraticWell,0.7261874938593624,,2.2686250443908755,,,2.268625044390925,,,covered,0.9999999999999782
quadratic_chain,module,8,QuadraticWell,0.8627892161410932,,3.1088125635267345,,,3.1088125635418384,,,covered,0.9999999999951416
quadratic_chain,module,9,QuadraticWell,0.5331024504480808,,4.260164357759681,,,4.260164357759851,,,covered,0.9999999999999601
quadratic_chain,module,10,QuadraticWell,0.8281217685309107,,5.8379204227287165,,,5.8379204227257855,,,covered,1.000000000000502
quadratic_chain,module,11,QuadraticWell,0.9624943187573874,,8.0,,,8.0,,,covered,1.0
quadratic_chain,coupling,0,QuadraticCoupling,0.8552030129445399,0.7923267417273703,0.3000000000001041,0.3000000000001041,0.3000000000001041,0.3,0.3,0.3,covered,1.000000000000347
quadratic_chain,coupling,1,QuadraticCoupling,0.7923267417273703,0.25868673072594767,0.36000000000088817,0.36000000000027754,0.36000000000058285,0.36,0.36,0.36,covered,1.0000000000024671
quadratic_chain,coupling,2,QuadraticCoupling,0.25868673072594767,0.4951694877240097,0.4199999999998612,0.4199999999998612,0.4199999999998612,0.42,0.42,0.42,covered,0.9999999999996696
quadratic_chain,coupling,3,QuadraticCoupling,0.4951694877240097,0.6366416595671306,0.3,0.2999999999999306,0.2999999999999653,0.3,0.3,0.3,covered,1.0
quadratic_chain,coupling,4,QuadraticCoupling,0.6366416595671306,0.6595141657205349,0.3600000000000208,0.3600000000000208,0.3600000000000208,0.36,0.36,0.36,covered,1.0000000000000577
quadratic_chain,coupling,5,QuadraticCoupling,0.6595141657205349,0.1281179662165055,0.420000000000111,0.41999999999777954,0.4199999999989453,0.42,0.42,0.42,covered,1.0000000000002642
quadratic_chain,coupling,6,QuadraticCoupling,0.1281179662165055,0.7261874938593624,0.30000000000138777,0.30000000000027754,0.30000000000083266,0.3,0.3,0.3,covered,1.0000000000046259
quadratic_chain,coupling,7,QuadraticCoupling,0.7261874938593624,0.8627892161410932,0.3600000000001943,0.3600000000001943,0.3600000000001943,0.36,0.36,0.36,covered,1.0000000000005398
quadratic_chain,coupling,8,QuadraticCoupling,0.8627892161410932,0.5331024504480808,0.420000000000111,0.420000000000111,0.420000000000111,0.42,0.42,0.42,covered,1.0000000000002642
quadratic_chain,coupling,9,QuadraticCoupling,0.5331024504480808,0.8281217685309107,0.30000000000027754,0.30000000000027754,0.30000000000027754,0.3,0.3,0.3,covered,1.0000000000009253
quadratic_chain,coupling,10,QuadraticCoupling,0.8281217685309107,0.9624943187573874,0.35999999999984733,0.35999999999984733,0.35999999999984733,0.36,0.36,0.36,covered,0.999999999999576
quadratic_chain,module,0,QuadraticWell,0.3805214568983474,,0.25,,,0.25,,,covered,1.0
quadratic_chain,module,1,QuadraticWell,0.7369855953545984,,0.3425877461800723,,,0.34258774618003096,,,covered,1.0000000000001208
quadratic_chain,module,2,QuadraticWell,0.7392103736073835,,0.46946545533074696,,,0.46946545533085315,,,covered,0.9999999999997738
quadratic_chain,module,3,QuadraticWell,0.7269127922982315,,0.6433324490047599,,,0.6433324490047159,,,covered,1.0000000000000686
quadratic_chain,module,4,QuadraticWell,0.07473751878048414,,0.8815912549978798,,,0.8815912549960212,,,covered,1.0000000000021083
quadratic_chain,module,5,QuadraticWell,0.858805053240962,,1.2080894444043724,,,1.2080894444044474,,,covered,0.9999999999999378
quadratic_chain,module,6,QuadraticWell,0.5483139994716928,,1.6555065597687448,,,1.6555065597696212,,,covered,0.9999999999994706
quadratic_chain,module,7,QuadraticWell,0.22835772271180316,,2.268625044385915,,,2.268625044390925,,,covered,0.9999999999977918
quadratic_chain,module,8,QuadraticWell,0.940766390102131,,3.1088125635267345,,,3.1088125635418384,,,covered,0.9999999999951416
quadratic_chain,module,9,QuadraticWell,0.023357514778233543,,4.260164357772385,,,4.260164357759851,,,covered,1.000000000002942
quadratic_chain,module,10,QuadraticWell,0.3815848852695231,,5.837920422729616,,,5.8379204227257855,,,covered,1.0000000000006561
quadratic_chain,module,11,QuadraticWell,0.3491298943888455,,8.0,,,8.0,,,covered,1.0
quadratic_chain,coupling,0,QuadraticCoupling,0.3805214568983474,0.7369855953545984,0.3,0.29999999999958366,0.2999999999997918,0.3,0.3,0.3,covered,1.0
quadratic_chain,coupling,1,QuadraticCoupling,0.7369855953545984,0.7392103736073835,0.35999999999999915,0.35999999999999915,0.35999999999999915,0.36,0.36,0.36,covered,0.9999999999999977
quadratic_chain,coupling,2,QuadraticCoupling,0.7392103736073835,0.7269127922982315,0.4200000000000243,0.4200000000000243,0.4200000000000243,0.42,0.42,0.42,covered,1.000000000000058
quadratic_chain,coupling,3,QuadraticCoupling,0.7269127922982315,0.07473751878048414,0.29999999999888977,0.3000000000004163,0.29999999999965304,0.3,0.3,0.3,covered,1.0000000000013878
quadratic_chain,coupling,4,QuadraticCoupling,0.07473751878048414,0.858805053240962,0.35999999999938936,0.3599999999981126,0.359999999998751,0.36,0.36,0.36,covered,0.9999999999983038
quadratic_chain,coupling,5,QuadraticCoupling,0.858805053240962,0.5483139994716928,0.420000000000111,0.420000000000111,0.420000000000111,0.42,0.42,0.42,covered,1.0000000000002642
quadratic_chain,coupling,6,QuadraticCoupling,0.5483139994716928,0.22835772271180316,0.30000000000027754,0.3,0.30000000000013877,0.3,0.3,0.3,covered,1.0000000000009253
quadratic_chain,coupling,7,QuadraticCoupling,0.22835772271180316,0.940766390102131,0.3600000000016653,0.36000000000088817,0.36000000000127674,0.36,0.36,0.36,covered,1.0000000000046259
quadratic_chain,coupling,8,QuadraticCoupling,0.940766390102131,0.023357514778233543,0.420000000000111,0.42000000000099225,0.4200000000005516,0.42,0.42,0.42,covered,1.0000000000023626
quadratic_chain,coupling,9,QuadraticCoupling,0.023357514778233543,0.3815848852695231,0.30000000000031224,0.3,0.30000000000015614,0.3,0.3,0.3,covered,1.000000000001041
quadratic_chain,coupling,10,QuadraticCoupling,0.3815848852695231,0.3491298943888455,0.36000000000001736,0.36000000000001736,0.36000000000001736,0.36,0.36,0.36,covered,1.0000000000000482
quadratic_chain,module,0,QuadraticWell,0.34929571388751535,,0.25,,,0.25,,,covered,1.0
quadratic_chain,module,1,QuadraticWell,0.20767583301410913,,0.34258774617955834,,,0.34258774618003096,,,covered,0.9999999999986204
quadratic_chain,module,2,QuadraticWell,0.12515534065414555,,0.46946545533091644,,,0.46946545533085315,,,covered,1.0000000000001348
quadratic_chain,module,3,QuadraticWell,0.9218622234899498,,0.6433324490047599,,,0.6433324490047159,,,covered,1.0000000000000686
quadratic_chain,module,4,QuadraticWell,0.45166750880213974,,0.8815912549966564,,,0.8815912549960212,,,covered,1.0000000000007205
quadratic_chain,module,5,QuadraticWell,0.05995054985004028,,1.2080894444040555,,,1.2080894444044474,,,covered,0.9999999999996756
quadratic_chain,module,6,QuadraticWell,0.32409825802809017,,1.6555065597651062,,,1.6555065597696212,,,covered,0.9999999999972727
quadratic_chain,module,7,QuadraticWell,0.8377456292598763,,2.2686250443915696,,,2.268625044390925,,,covered,1.0000000000002842
quadratic_chain,module,8,QuadraticWell,0.5147869817936623,,3.108812563548939,,,3.1088125635418384,,,covered,1.000000000002284
quadratic_chain,module,9,QuadraticWell,0.3155346855239668,,4.260164357767951,,,4.260164357759851,,,covered,1.0000000000019014
quadratic_chain,module,10,QuadraticWell,0.9120855891185845,,5.8379204227287165,,,5.8379204227257855,,,covered,1.000000000000502
quadratic_chain,module,11,QuadraticWell,0.9128891899033287,,8.0,,,8.0,,,covered,1.0
quadratic_chain,coupling,0,QuadraticCoupling,0.34929571388751535,0.20767583301410913,0.3,0.3,0.3,0.3,0.3,0.3,covered,1.0
quadratic_chain,coupling,1,QuadraticCoupling,0.20767583301410913,0.12515534065414555,0.3599999999999306,0.3599999999999306,0.3599999999999306,0.36,0.36,0.36,covered,0.9999999999998073
quadratic_chain,coupling,2,QuadraticCoupling,0.12515534065414555,0.9218622234899498,0.4200000000005551,0.420000000000111,0.42000000000033305,0.42,0.42,0.42,covered,1.0000000000013216
quadratic_chain,coupling,3,QuadraticCoupling,0.9218622234899498,0.45166750880213974,0.30000000000027754,0.3,0.30000000000013877,0.3,0.3,0.3,covered,1.0000000000009253
quadratic_chain,coupling,4,QuadraticCoupling,0.45166750880213974,0.05995054985004028,0.36000000000027754,0.36000000000052734,0.36000000000040244,0.36,0.36,0.36,covered,1.0000000000014648
quadratic_chain,coupling,5,QuadraticCoupling,0.05995054985004028,0.32409825802809017,0.42000000000015264,0.4199999999998612,0.4200000000000069,0.42,0.42,0.42,covered,1.0000000000003635
quadratic_chain,coupling,6,QuadraticCoupling,0.32409825802809017,0.8377456292598763,0.3,0.30000000000027754,0.30000000000013877,0.3,0.3,0.3,covered,1.0000000000009253
quadratic_chain,coupling,7,QuadraticCoupling,0.8377456292598763,0.5147869817936623,0.3600000000001943,0.3600000000001943,0.3600000000001943,0.36,0.36,0.36,covered,1.0000000000005398
quadratic_chain,coupling,8,QuadraticCoupling,0.5147869817936623,0.3155346855239668,0.420000000000111,0.4199999999998612,0.4199999999999861,0.42,0.42,0.42,covered,1.0000000000002642
quadratic_chain,coupling,9,QuadraticCoupling,0.3155346855239668,0.9120855891185845,0.30000000000277555,0.29999999999888977,0.30000000000083266,0.3,0.3,0.3,covered,1.000000000009252
quadratic_chain,coupling,10,QuadraticCoupling,0.9120855891185845,0.9128891899033287,0.35999999999999915,0.35999999999999915,0.35999999999999915,0.36,0.36,0.36,covered,0.9999999999999977
quadratic_chain,module,0,QuadraticWell,0.6915853808285063,,0.25,,,0.25,,,covered,1.0
quadratic_chain,module,1,QuadraticWell,0.17263968370489438,,0.3425877461809461,,,0.34258774618003096,,,covered,1.0000000000026712
quadratic_chain,module,2,QuadraticWell,0.4237523869274146,,0.46946545533091644,,,0.46946545533085315,,,covered,1.0000000000001348
quadratic_chain,module,3,QuadraticWell,0.571850761062463,,0.6433324490047599,,,0.6433324490047159,,,covered,1.0000000000000686
quadratic_chain,module,4,QuadraticWell,0.8935619843515904,,0.881591254995999,,,0.8815912549960212,,,covered,0.9999999999999748
quadratic_chain,module,5,QuadraticWell,0.834410366320117,,1.2080894444043724,,,1.2080894444044474,,,covered,0.9999999999999378
quadratic_chain,module,6,QuadraticWell,0.8757472276127414,,1.6555065597701326,,,1.6555065597696212,,,covered,1.0000000000003089
quadratic_chain,module,7,QuadraticWell,0.15529424708614029,,2.2686250443970173,,,2.268625044390925,,,covered,1.0000000000026856
quadratic_chain,module,8,QuadraticWell,0.5692592347364613,,3.108812563548939,,,3.1088125635418384,,,covered,1.000000000002284
quadratic_chain,module,9,QuadraticWell,0.8392368620994278,,4.260164357758293,,,4.260164357759851,,,covered,0.9999999999996343
quadratic_chain,module,10,QuadraticWell,0.3884881854215213,,5.837920422726841,,,5.8379204227257855,,,covered,1.0000000000001807
quadratic_chain,module,11,QuadraticWell,0.12618225247178355,,8.0,,,8.0,,,covered,1.0
quadratic_chain,coupling,0,QuadraticCoupling,0.6915853808285063,0.17263968370489438,0.30000000000027754,0.3,0.30000000000013877,0.3,0.3,0.3,covered,1.0000000000009253
quadratic_chain,coupling,1,QuadraticCoupling,0.17263968370489438,0.4237523869274146,0.35999999999958365,0.35999999999958365,0.35999999999958365,0.36,0.36,0.36,covered,0.9999999999988435
quadratic_chain,coupling,2,QuadraticCoupling,0.4237523869274146,0.571850761062463,0.4199999999998612,0.420000000000111,0.4199999999999861,0.42,0.42,0.42,covered,1.0000000000002642
quadratic_chain,coupling,3,QuadraticCoupling,0.571850761062463,0.8935619843515904,0.30000000000027754,0.30000000000027754,0.30000000000027754,0.3,0.3,0.3,covered,1.0000000000009253
quadratic_chain,coupling,4,QuadraticCoupling,0.8935619843515904,0.834410366320117,0.3600000000000208,0.3600000000000208,0.3600000000000208,0.36,0.36,0.36,covered,1.0000000000000577
quadratic_chain,coupling,5,QuadraticCoupling,0.834410366320117,0.8757472276127414,0.41999999999993753,0.41999999999993753,0.41999999999993753,0.42,0.42,0.42,covered,0.9999999999998513
quadratic_chain,coupling,6,QuadraticCoupling,0.8757472276127414,0.15529424708614029,0.30000000000027754,0.3,0.30000000000013877,0.3,0.3,0.3,covered,1.0000000000009253
quadratic_chain,coupling,7,QuadraticCoupling,0.15529424708614029,0.5692592347364613,0.35999999999888976,0.3599999999995004,0.3599999999991951,0.36,0.36,0.36,covered,0.9999999999986122
quadratic_chain,coupling,8,QuadraticCoupling,0.5692592347364613,0.8392368620994278,0.420000000000111,0.420000000000111,0.420000000000111,0.42,0.42,0.42,covered,1.0000000000002642
quadratic_chain,coupling,9,QuadraticCoupling,0.8392368620994278,0.3884881854215213,0.30000000000027754,0.3,0.30000000000013877,0.3,0.3,0.3,covered,1.0000000000009253
quadratic_chain,coupling,10,QuadraticCoupling,0.3884881854215213,0.12618225247178355,0.36000000000027754,0.36000000000027754,0.36000000000027754,0.36,0.36,0.36,covered,1.000000000000771
quadratic_chain,module,0,QuadraticWell,0.8338750275161948,,0.25,,,0.25,,,covered,1.0
quadratic_chain,module,1,QuadraticWell,0.1763539489799396,,0.3425877461809461,,,0.34258774618003096,,,covered,1.0000000000026712
quadratic_chain,module,2,QuadraticWell,0.37012006845139417,,0.46946545533091644,,,0.46946545533085315,,,covered,1.0000000000001348
quadratic_chain,module,3,QuadraticWell,0.292142195832467,,0.6433324490048317,,,0.6433324490047159,,,covered,1.00000000000018
quadratic_chain,module,4,QuadraticWell,0.5001641951116305,,0.881591254995999,,,0.8815912549960212,,,covered,0.9999999999999748
quadratic_chain,module,5,QuadraticWell,0.95907683015973,,1.2080894444043724,,,1.2080894444044474,,,covered,0.9999999999999378
quadratic_chain,module,6,QuadraticWell,0.6524650688596461,,1.6555065597687448,,,1.6555065597696212,,,covered,0.9999999999994706
quadratic_chain,module,7,QuadraticWell,0.9092610064108438,,2.268625044390182,,,2.268625044390925,,,covered,0.9999999999996725
quadratic_chain,module,8,QuadraticWell,0.10763229996751242,,3.108812563541547,,,3.1088125635418384,,,covered,0.9999999999999063
quadratic_chain,module,9,QuadraticWell,0.9551425379920496,,4.260164357769395,,,4.260164357759851,,,covered,1.0000000000022404
quadratic_chain,module,10,QuadraticWell,0.9254806239219724,,5.8379204227287165,,,5.8379204227257855,,,covered,1.000000000000502
quadratic_chain,module,11,QuadraticWell,0.6264992555427006,,8.0,,,8.0,,,covered,1.0
quadratic_chain,coupling,0,QuadraticCoupling,0.8338750275161948,0.1763539489799396,0.29999999999888977,0.29999999999722443,0.2999999999980571,0.3,0.3,0.3,covered,0.9999999999962993
quadratic_chain,coupling,1,QuadraticCoupling,0.1763539489799396,0.37012006845139417,0.35999999999958365,0.35999999999958365,0.35999999999958365,0.36,0.36,0.36,covered,0.9999999999988435
quadratic_chain,coupling,2,QuadraticCoupling,0.37012006845139417,0.292142195832467,0.4199999999998612,0.4199999999998612,0.4199999999998612,0.42,0.42,0.42,covered,0.9999999999996696
quadratic_chain,coupling,3,QuadraticCoupling,0.292142195832467,0.5001641951116305,0.3,0.2999999999999306,0.2999999999999653,0.3,0.3,0.3,covered,1.0
quadratic_chain,coupling,4,QuadraticCoupling,0.5001641951116305,0.95907683015973,0.3599999999995004,0.3599999999995004,0.3599999999995004,0.36,0.36,0.36,covered,0.9999999999986122
quadratic_chain,coupling,5,QuadraticCoupling,0.95907683015973,0.6524650688596461,0.420000000000111,0.420000000000111,0.420000000000111,0.42,0.42,0.42,covered,1.0000000000002642
quadratic_chain,coupling,6,QuadraticCoupling,0.6524650688596461,0.9092610064108438,0.30000000000027754,0.30000000000027754,0.30000000000027754,0.3,0.3,0.3,covered,1.0000000000009253
quadratic_chain,coupling,7,QuadraticCoupling,0.9092610064108438,0.10763229996751242,0.36000000000088817,0.3600000000021649,0.36000000000152654,0.36,0.36,0.36,covered,1.0000000000060136
quadratic_chain,coupling,8,QuadraticCoupling,0.10763229996751242,0.9551425379920496,0.42000000000113796,0.420000000000111,0.4200000000006245,0.42,0.42,0.42,covered,1.0000000000027094
quadratic_chain,coupling,9,QuadraticCoupling,0.9551425379920496,0.9254806239219724,0.2999999999999306,0.2999999999999306,0.2999999999999306,0.3,0.3,0.3,covered,0.9999999999997687
quadratic_chain,coupling,10,QuadraticCoupling,0.9254806239219724,0.6264992555427006,0.3600000000001943,0.3600000000001943,0.3600000000001943,0.36,0.36,0.36,covered,1.0000000000005398
quadratic_chain,module,0,QuadraticWell,0.4316191479335814,,0.25,,,0.25,,,covered,1.0
quadratic_chain,module,1,QuadraticWell,0.28587029274673936,,0.34258774617817056,,,0.34258774618003096,,,covered,0.9999999999945696
quadratic_chain,module,2,QuadraticWell,0.9490459253342934,,0.46946545533213474,,,0.46946545533085315,,,covered,1.0000000000027298
quadratic_chain,module,3,QuadraticWell,0.11138120717052746,,0.6433324490055511,,,0.6433324490047159,,,covered,1.0000000000012983
quadratic_chain,module,4,QuadraticWell,0.48452720631329366,,0.8815912549959625,,,0.8815912549960212,,,covered,0.9999999999999334
quadratic_chain,module,5,QuadraticWell,0.6750491587097553,,1.2080894444043724,,,1.2080894444044474,,,covered,0.9999999999999378
quadratic_chain,module,6,QuadraticWell,0.10955198148492983,,1.6555065597729548,,,1.6555065597696212,,,covered,1.0000000000020137
quadratic_chain,module,7,QuadraticWell,0.15683582842101632,,2.268625044385915,,,2.268625044390925,,,covered,0.9999999999977918
quadratic_chain,module,8,QuadraticWell,0.10586990351376943,,3.108812563542935,,,3.1088125635418384,,,covered,1.0000000000003526
quadratic_chain,module,9,QuadraticWell,0.12133433550422175,,4.260164357762761,,,4.260164357759851,,,covered,1.0000000000006832
quadratic_chain,module,10,QuadraticWell,0.47751868311974166,,5.8379204227258,,,5.8379204227257855,,,covered,1.0000000000000024
quadratic_chain,module,11,QuadraticWell,0.3537376927816976,,8.0,,,8.0,,,covered,1.0
quadratic_chain,coupling,0,QuadraticCoupling,0.4316191479335814,0.28587029274673936,0.3,0.3,0.3,0.3,0.3,0.3,covered,1.0
quadratic_chain,coupling,1,QuadraticCoupling,0.28587029274673936,0.9490459253342934,0.35999999999888976,0.36000000000088817,0.35999999999988896,0.36,0.36,0.36,covered,1.0000000000024671
quadratic_chain,coupling,2,QuadraticCoupling,0.9490459253342934,0.11138120717052746,0.420000000000111,0.4199999999983624,0.4199999999992367,0.42,0.42,0.42,covered,1.0000000000002642
quadratic_chain,coupling,3,QuadraticCoupling,0.11138120717052746,0.48452720631329366,0.3000000000004163,0.3,0.30000000000020816,0.3,0.3,0.3,covered,1.0000000000013878
quadratic_chain,coupling,4,QuadraticCoupling,0.48452720631329366,0.6750491587097553,0.36000000000027754,0.3600000000001943,0.3600000000002359,0.36,0.36,0.36,covered,1.000000000000771
quadratic_chain,coupling,5,QuadraticCoupling,0.6750491587097553,0.10955198148492983,0.420000000000111,0.4199999999983624,0.4199999999992367,0.42,0.42,0.42,covered,1.0000000000002642
quadratic_chain,coupling,6,QuadraticCoupling,0.10955198148492983,0.15683582842101632,0.29999999999998267,0.3,0.29999999999999133,0.3,0.3,0.3,covered,1.0
quadratic_chain,coupling,7,QuadraticCoupling,0.15683582842101632,0.10586990351376943,0.3599999999999306,0.36000000000008325,0.3600000000000069,0.36,0.36,0.36,covered,1.0000000000002314
quadratic_chain,coupling,8,QuadraticCoupling,0.10586990351376943,0.12133433550422175,0.4200000000000104,0.4200000000000104,0.4200000000000104,0.42,0.42,0.42,covered,1.0000000000000249
quadratic_chain,coupling,9,QuadraticCoupling,0.12133433550422175,0.47751868311974166,0.3000000000004163,0.3,0.30000000000020816,0.3,0.3,0.3,covered,1.0000000000013878
quadratic_chain,coupling,10,QuadraticCoupling,0.47751868311974166,0.3537376927816976,0.36000000000027754,0.36000000000027754,0.36000000000027754,0.36,0.36,0.36,covered,1.000000000000771
quadratic_chain,module,0,QuadraticWell,0.07500305012959217,,0.25000000000034694,,,0.25,,,covered,1.0000000000013878
quadratic_chain,module,1,QuadraticWell,0.7963555894022528,,0.34258774617998555,,,0.34258774618003096,,,covered,0.9999999999998674
quadratic_chain,module,2,QuadraticWell,0.5132414319023547,,0.46946545533074696,,,0.46946545533085315,,,covered,0.9999999999997738
quadratic_chain,module,3,QuadraticWell,0.14195172865093655,,0.6433324490053521,,,0.6433324490047159,,,covered,1.000000000000989
quadratic_chain,module,4,QuadraticWell,0.34469566157168646,,0.8815912549952686,,,0.8815912549960212,,,covered,0.9999999999991462
quadratic_chain,module,5,QuadraticWell,0.25652857068830465,,1.2080894444059929,,,1.2080894444044474,,,covered,1.0000000000012792
quadratic_chain,module,6,QuadraticWell,0.6676866105936374,,1.6555065597715204,,,1.6555065597696212,,,covered,1.000000000001147
quadratic_chain,module,7,QuadraticWell,0.49111372840462664,,2.268625044391466,,,2.268625044390925,,,covered,1.0000000000002387
quadratic_chain,module,8,QuadraticWell,0.9612444428066779,,3.108812563548939,,,3.1088125635418384,,,covered,1.000000000002284
quadratic_chain,module,9,QuadraticWell,0.6738982920392793,,4.260164357758293,,,4.260164357759851,,,covered,0.9999999999996343
quadratic_chain,module,10,QuadraticWell,0.45413879854421024,,5.837920422725452,,,5.8379204227257855,,,covered,0.9999999999999429
quadratic_chain,module,11,QuadraticWell,0.3933494182740888,,8.0,,,8.0,,,covered,1.0
quadratic_chain,coupling,0,QuadraticCoupling,0.07500305012959217,0.7963555894022528,0.29999999999764076,0.29999999999888977,0.29999999999826527,0.3,0.3,0.3,covered,0.9999999999962993
quadratic_chain,coupling,1,QuadraticCoupling,0.7963555894022528,0.5132414319023547,0.3599999999995004,0.3599999999995004,0.3599999999995004,0.36,0.36,0.36,covered,0.9999999999986122
quadratic_chain,coupling,2,QuadraticCoupling,0.5132414319023547,0.14195172865093655,0.420000000000111,0.4200000000005551,0.42000000000033305,0.42,0.42,0.42,covered,1.0000000000013216
quadratic_chain,coupling,3,QuadraticCoupling,0.14195172865093655,0.34469566157168646,0.3,0.3,0.3,0.3,0.3,0.3,covered,1.0
quadratic_chain,coupling,4,QuadraticCoupling,0.34469566157168646,0.25652857068830465,0.3599999999999306,0.3599999999999306,0.3599999999999306,0.36,0.36,0.36,covered,0.9999999999998073
quadratic_chain,coupling,5,QuadraticCoupling,0.25652857068830465,0.6676866105936374,0.4200000000005551,0.420000000000111,0.42000000000033305,0.42,0.42,0.42,covered,1.0000000000013216
quadratic_chain,coupling,6,QuadraticCoupling,0.6676866105936374,0.49111372840462664,0.2999999999999306,0.3,0.2999999999999653,0.3,0.3,0.3,covered,1.0
quadratic_chain,coupling,7,QuadraticCoupling,0.49111372840462664,0.9612444428066779,0.36000000000027754,0.3599999999995004,0.35999999999988896,0.36,0.36,0.36,covered,1.000000000000771
quadratic_chain,coupling,8,QuadraticCoupling,0.9612444428066779,0.6738982920392793,0.4199999999994171,0.4199999999994171,0.4199999999994171,0.42,0.42,0.42,covered,0.9999999999986122
quadratic_chain,coupling,9,QuadraticCoupling,0.6738982920392793,0.45413879854421024,0.29999999999958366,0.3,0.2999999999997918,0.3,0.3,0.3,covered,1.0
quadratic_chain,coupling,10,QuadraticCoupling,0.45413879854421024,0.3933494182740888,0.36000000000010407,0.36000000000010407,0.36000000000010407,0.36,0.36,0.36,covered,1.000000000000289
quadratic_chain,module,0,QuadraticWell,0.2123681969000472,,0.25,,,0.25,,,covered,1.0
quadratic_chain,module,1,QuadraticWell,0.16986167066672392,,0.34258774617955834,,,0.34258774618003096,,,covered,0.9999999999986204
quadratic_chain,module,2,QuadraticWell,0.9263367047170871,,0.4694654553293592,,,0.46946545533085315,,,covered,0.9999999999968178
quadratic_chain,module,3,QuadraticWell,0.376657587961496,,0.6433324490046582,,,0.6433324490047159,,,covered,0.9999999999999104
quadratic_chain,module,4,QuadraticWell,0.08970131446719058,,0.8815912549978798,,,0.8815912549960212,,,covered,1.0000000000021083
quadratic_chain,module,5,QuadraticWell,0.8388137060960972,,1.2080894444043724,,,1.2080894444044474,,,covered,0.9999999999999378
quadratic_chain,module,6,QuadraticWell,0.5977139315883261,,1.6555065597687448,,,1.6555065597696212,,,covered,0.9999999999994706
quadratic_chain,module,7,QuadraticWell,0.3814910162548567,,2.268625044391466,,,2.268625044390925,,,covered,1.0000000000002387
quadratic_chain,module,8,QuadraticWell,0.8441411575872467,,3.108812563548939,,,3.1088125635418384,,,covered,1.000000000002284
quadratic_chain,module,9,QuadraticWell,0.3365843020419241,,4.2601643577624,,,4.260164357759851,,,covered,1.0000000000005984
quadratic_chain,module,10,QuadraticWell,0.16928476245550436,,5.837920422729616,,,5.8379204227257855,,,covered,1.0000000000006561
quadratic_chain,module,11,QuadraticWell,0.37332858879827946,,8.0,,,8.0,,,covered,1.0
quadratic_chain,coupling,0,QuadraticCoupling,0.2123681969000472,0.16986167066672392,0.3,0.3,0.3,0.3,0.3,0.3,covered,1.0
quadratic_chain,coupling,1,QuadraticCoupling,0.16986167066672392,0.9263367047170871,0.35999999999888976,0.3599999999981126,0.3599999999985012,0.36,0.36,0.36,covered,0.999999999996916
quadratic_chain,coupling,2,QuadraticCoupling,0.9263367047170871,0.376657587961496,0.420000000000111,0.4200000000005551,0.42000000000033305,0.42,0.42,0.42,covered,1.0000000000013216
quadratic_chain,coupling,3,QuadraticCoupling,0.376657587961496,0.08970131446719058,0.3,0.29999999999972243,0.2999999999998612,0.3,0.3,0.3,covered,1.0
quadratic_chain,coupling,4,QuadraticCoupling,0.08970131446719058,0.8388137060960972,0.35999999999938936,0.3599999999981126,0.359999999998751,0.36,0.36,0.36,covered,0.9999999999983038
quadratic_chain,coupling,5,QuadraticCoupling,0.8388137060960972,0.5977139315883261,0.420000000000111,0.420000000000111,0.420000000000111,0.42,0.42,0.42,covered,1.0000000000002642
quadratic_chain,coupling,6,QuadraticCoupling,0.5977139315883261,0.3814910162548567,0.30000000000027754,0.3,0.30000000000013877,0.3,0.3,0.3,covered,1.0000000000009253
quadratic_chain,coupling,7,QuadraticCoupling,0.3814910162548567,0.8441411575872467,0.36000000000027754,0.3599999999995004,0.35999999999988896,0.36,0.36,0.36,covered,1.000000000000771
quadratic_chain,coupling,8,QuadraticCoupling,0.8441411575872467,0.3365843020419241,0.420000000000111,0.4200000000005551,0.42000000000033305,0.42,0.42,0.42,covered,1.0000000000013216
quadratic_chain,coupling,9,QuadraticCoupling,0.3365843020419241,0.16928476245550436,0.3,0.3,0.3,0.3,0.3,0.3,covered,1.0
quadratic_chain,coupling,10,QuadraticCoupling,0.16928476245550436,0.37332858879827946,0.36000000000027754,0.36000000000027754,0.36000000000027754,0.36,0.36,0.36,covered,1.000000000000771
quadratic_chain,module,0,QuadraticWell,0.6748437587028226,,0.25,,,0.25,,,covered,1.0
quadratic_chain,module,1,QuadraticWell,0.8503174402443743,,0.34258774617998555,,,0.34258774618003096,,,covered,0.9999999999998674
quadratic_chain,module,2,QuadraticWell,0.1859027266462496,,0.46946545533091644,,,0.46946545533085315,,,covered,1.0000000000001348
quadratic_chain,module,3,QuadraticWell,0.38229168093443755,,0.6433324490046582,,,0.6433324490047159,,,covered,0.9999999999999104
quadratic_chain,module,4,QuadraticWell,0.4303706132618125,,0.8815912549952686,,,0.8815912549960212,,,covered,0.9999999999991462
quadratic_chain,module,5,QuadraticWell,0.20550454059494258,,1.2080894444059929,,,1.2080894444044474,,,covered,1.0000000000012792
quadratic_chain,module,6,QuadraticWell,0.9744650791904466,,1.6555065597701326,,,1.6555065597696212,,,covered,1.0000000000003089
quadratic_chain,module,7,QuadraticWell,0.9328036725069665,,2.268625044390182,,,2.268625044390925,,,covered,0.9999999999996725
quadratic_chain,module,8,QuadraticWell,0.5839068317465362,,3.1088125635378367,,,3.1088125635418384,,,covered,0.9999999999987128
quadratic_chain,module,9,QuadraticWell,0.6700784349013625,,4.260164357758293,,,4.260164357759851,,,covered,0.9999999999996343
quadratic_chain,module,10,QuadraticWell,0.5504333039362822,,5.837920422725941,,,5.8379204227257855,,,covered,1.0000000000000266
quadratic_chain,module,11,QuadraticWell,0.421598182023597,,8.0,,,8.0,,,covered,1.0
quadratic_chain,coupling,0,QuadraticCoupling,0.6748437587028226,0.8503174402443743,0.2999999999999306,0.2999999999999306,0.2999999999999306,0.3,0.3,0.3,covered,0.9999999999997687
quadratic_chain,coupling,1,QuadraticCoupling,0.8503174402443743,0.1859027266462496,0.36000000000088817,0.36000000000027754,0.36000000000058285,0.36,0.36,0.36,covered,1.0000000000024671
quadratic_chain,coupling,2,QuadraticCoupling,0.1859027266462496,0.38229168093443755,0.4200000000005551,0.4200000000005551,0.4200000000005551,0.42,0.42,0.42,covered,1.0000000000013216
quadratic_chain,coupling,3,QuadraticCoupling,0.38229168093443755,0.4303706132618125,0.3,0.3,0.3,0.3,0.3,0.3,covered,1.0
quadratic_chain,coupling,4,QuadraticCoupling,0.4303706132618125,0.20550454059494258,0.36000000000027754,0.36000000000027754,0.36000000000027754,0.36,0.36,0.36,covered,1.000000000000771
quadratic_chain,coupling,5,QuadraticCoupling,0.20550454059494258,0.9744650791904466,0.41999999999777954,0.41999999999733545,0.4199999999975575,0.42,0.42,0.42,covered,0.9999999999947132
quadratic_chain,coupling,6,QuadraticCoupling,0.9744650791904466,0.9328036725069665,0.30000000000001736,0.30000000000001736,0.30000000000001736,0.3,0.3,0.3,covered,1.000000000000058
quadratic_chain,coupling,7,QuadraticCoupling,0.9328036725069665,0.5839068317465362,0.3599999999995004,0.3599999999995004,0.3599999999995004,0.36,0.36,0.36,covered,0.9999999999986122
quadratic_chain,coupling,8,QuadraticCoupling,0.5839068317465362,0.6700784349013625,0.420000000000111,0.420000000000111,0.420000000000111,0.42,0.42,0.42,covered,1.0000000000002642
quadratic_chain,coupling,9,QuadraticCoupling,0.6700784349013625,0.5504333039362822,0.2999999999999306,0.2999999999999306,0.2999999999999306,0.3,0.3,0.3,covered,0.9999999999997687
quadratic_chain,coupling,10,QuadraticCoupling,0.5504333039362822,0.421598182023597,0.3600000000001943,0.36000000000027754,0.3600000000002359,0.36,0.36,0.36,covered,1.000000000000771
quadratic_chain,module,0,QuadraticWell,0.7440034557828661,,0.25,,,0.25,,,covered,1.0
quadratic_chain,module,1,QuadraticWell,0.5102082118547298,,0.3425877461800723,,,0.34258774618003096,,,covered,1.0000000000001208
quadratic_chain,module,2,QuadraticWell,0.08644726582843937,,0.46946545533156797,,,0.46946545533085315,,,covered,1.0000000000015226
quadratic_chain,module,3,QuadraticWell,0.6592159901303399,,0.6433324490047599,,,0.6433324490047159,,,covered,1.0000000000000686
quadratic_chain,module,4,QuadraticWell,0.49846888640726,,0.8815912549959625,,,0.8815912549960212,,,covered,0.9999999999999334
quadratic_chain,module,5,QuadraticWell,0.9211512814375363,,1.2080894444043724,,,1.2080894444044474,,,covered,0.9999999999999378
quadratic_chain,module,6,QuadraticWell,0.3181875988016819,,1.6555065597762084,,,1.6555065597696212,,,covered,1.000000000003979
quadratic_chain,module,7,QuadraticWell,0.2979279711236502,,2.268625044385915,,,2.268625044390925,,,covered,0.9999999999977918
quadratic_chain,module,8,QuadraticWell,0.8312531729206919,,3.1088125635267345,,,3.1088125635418384,,,covered,0.9999999999951416
quadratic_chain,module,9,QuadraticWell,0.5221417019997869,,4.260164357759681,,,4.260164357759851,,,covered,0.9999999999999601
quadratic_chain,module,10,QuadraticWell,0.7600508396004375,,5.8379204227287165,,,5.8379204227257855,,,covered,1.000000000000502
quadratic_chain,module,11,QuadraticWell,0.43429166902863314,,8.0,,,8.0,,,covered,1.0
quadratic_chain,coupling,0,QuadraticCoupling,0.7440034557828661,0.5102082118547298,0.30000000000027754,0.30000000000027754,0.30000000000027754,0.3,0.3,0.3,covered,1.0000000000009253
quadratic_chain,coupling,1,QuadraticCoupling,0.5102082118547298,0.08644726582843937,0.36000000000088817,0.36000000000077714,0.36000000000083265,0.36,0.36,0.36,covered,1.0000000000024671
quadratic_chain,coupling,2,QuadraticCoupling,0.08644726582843937,0.6592159901303399,0.42000000000113796,0.420000000000111,0.4200000000006245,0.42,0.42,0.42,covered,1.0000000000027094
quadratic_chain,coupling,3,QuadraticCoupling,0.6592159901303399,0.49846888640726,0.2999999999999306,0.3,0.2999999999999653,0.3,0.3,0.3,covered,1.0
quadratic_chain,coupling,4,QuadraticCoupling,0.49846888640726,0.9211512814375363,0.35999999999888976,0.36000000000088817,0.35999999999988896,0.36,0.36,0.36,covered,1.0000000000024671
quadratic_chain,coupling,5,QuadraticCoupling,0.9211512814375363,0.3181875988016819,0.420000000000111,0.42000000000333065,0.42000000000172083,0.42,0.42,0.42,covered,1.00000000000793
quadratic_chain,coupling,6,QuadraticCoupling,0.3181875988016819,0.2979279711236502,0.3,0.3,0.3,0.3,0.3,0.3,covered,1.0
quadratic_chain,coupling,7,QuadraticCoupling,0.2979279711236502,0.8312531729206919,0.35999999999888976,0.36000000000088817,0.35999999999988896,0.36,0.36,0.36,covered,1.0000000000024671
quadratic_chain,coupling,8,QuadraticCoupling,0.8312531729206919,0.5221417019997869,0.420000000000111,0.420000000000111,0.420000000000111,0.42,0.42,0.42,covered,1.0000000000002642
quadratic_chain,coupling,9,QuadraticCoupling,0.5221417019997869,0.7600508396004375,0.29999999999958366,0.29999999999958366,0.29999999999958366,0.3,0.3,0.3,covered,0.9999999999986122
quadratic_chain,coupling,10,QuadraticCoupling,0.7600508396004375,0.43429166902863314,0.3600000000001943,0.35999999999958365,0.35999999999988896,0.36,0.36,0.36,covered,1.0000000000005398
quadratic_chain,module,0,QuadraticWell,0.8737252118857386,,0.25,,,0.25,,,covered,1.0
quadratic_chain,module,1,QuadraticWell,0.2915843508792054,,0.3425877461809461,,,0.34258774618003096,,,covered,1.0000000000026712
quadratic_chain,module,2,QuadraticWell,0.5489508597257476,,0.46946545533074696,,,0.46946545533085315,,,covered,0.9999999999997738
quadratic_chain,module,3,QuadraticWell,0.33903767622651965,,0.6433324490046582,,,0.6433324490047159,,,covered,0.9999999999999104
quadratic_chain,module,4,QuadraticWell,0.19057886944607813,,0.8815912549966564,,,0.8815912549960212,,,covered,1.0000000000007205
quadratic_chain,module,5,QuadraticWell,0.03647440996636743,,1.2080894444040555,,,1.2080894444044474,,,covered,0.9999999999996756
quadratic_chain,module,6,QuadraticWell,0.0924537011810769,,1.6555065597729548,,,1.6555065597696212,,,covered,1.0000000000020137
quadratic_chain,module,7,QuadraticWell,0.12076331908828511,,2.2686250443890636,,,2.268625044390925,,,covered,0.9999999999991797
quadratic_chain,module,8,QuadraticWell,0.18390110533345988,,3.1088125635419166,,,3.1088125635418384,,,covered,1.000000000000025
quadratic_chain,module,9,QuadraticWell,0.4494276295146804,,4.2601643577624,,,4.260164357759851,,,covered,1.0000000000005984
quadratic_chain,module,10,QuadraticWell,0.5894450634541443,,5.837920422723165,,,5.8379204227257855,,,covered,0.9999999999995511
quadratic_chain,module,11,QuadraticWell,0.5225297728323705,,8.0,,,8.0,,,covered,1.0
quadratic_chain,coupling,0,QuadraticCoupling,0.8737252118857386,0.2915843508792054,0.30000000000027754,0.2999999999986122,0.2999999999994449,0.3,0.3,0.3,covered,1.0000000000009253
quadratic_chain,coupling,1,QuadraticCoupling,0.2915843508792054,0.5489508597257476,0.36000000000027754,0.3600000000001943,0.3600000000002359,0.36,0.36,0.36,covered,1.000000000000771
quadratic_chain,coupling,2,QuadraticCoupling,0.5489508597257476,0.33903767622651965,0.420000000000111,0.4199999999998612,0.4199999999999861,0.42,0.42,0.42,covered,1.0000000000002642
quadratic_chain,coupling,3,QuadraticCoupling,0.33903767622651965,0.19057886944607813,0.3,0.3,0.3,0.3,0.3,0.3,covered,1.0
quadratic_chain,coupling,4,QuadraticCoupling,0.19057886944607813,0.03647440996636743,0.3599999999999306,0.35999999999983345,0.359999999999882,0.36,0.36,0.36,covered,0.9999999999998073
quadratic_chain,coupling,5,QuadraticCoupling,0.03647440996636743,0.0924537011810769,0.41999999999997917,0.42000000000009713,0.4200000000000381,0.42,0.42,0.42,covered,1.0000000000002314
quadratic_chain,coupling,6,QuadraticCoupling,0.0924537011810769,0.12076331908828511,0.29999999999998267,0.29999999999998267,0.29999999999998267,0.3,0.3,0.3,covered,0.9999999999999423
quadratic_chain,coupling,7,QuadraticCoupling,0.12076331908828511,0.18390110533345988,0.3599999999999098,0.36000000000010407,0.3600000000000069,0.36,0.36,0.36,covered,1.000000000000289
quadratic_chain,coupling,8,QuadraticCoupling,0.18390110533345988,0.4494276295146804,0.4199999999998612,0.4199999999998612,0.4199999999998612,0.42,0.42,0.42,covered,0.9999999999996696
quadratic_chain,coupling,9,QuadraticCoupling,0.4494276295146804,0.5894450634541443,0.3,0.2999999999999306,0.2999999999999653,0.3,0.3,0.3,covered,1.0
quadratic_chain,coupling,10,QuadraticCoupling,0.5894450634541443,0.5225297728323705,0.3600000000000208,0.3600000000000208,0.3600000000000208,0.36,0.36,0.36,covered,1.0000000000000577
quadratic_chain,module,0,QuadraticWell,0.06725839133054123,,0.24999999999895917,,,0.25,,,covered,0.9999999999958367
quadratic_chain,module,1,QuadraticWell,0.4745184902548316,,0.34258774618025223,,,0.34258774618003096,,,covered,1.000000000000646
quadratic_chain,module,2,QuadraticWell,0.4150081578934218,,0.46946545533091644,,,0.46946545533085315,,,covered,1.0000000000001348
quadratic_chain,module,3,QuadraticWell,0.48754233689032,,0.6433324490039644,,,0.6433324490047159,,,covered,0.9999999999988318
quadratic_chain,module,4,QuadraticWell,0.7264195985703606,,0.881591254995999,,,0.8815912549960212,,,covered,0.9999999999999748
quadratic_chain,module,5,QuadraticWell,0.5324005215950852,,1.2080894444043724,,,1.2080894444044474,,,covered,0.9999999999999378
quadratic_chain,module,6,QuadraticWell,0.05388327672312744,,1.655506559771806,,,1.6555065597696212,,,covered,1.0000000000013196
quadratic_chain,module,7,QuadraticWell,0.7027857058705697,,2.2686250443915696,,,2.268625044390925,,,covered,1.0000000000002842
quadratic_chain,module,8,QuadraticWell,0.1927017402611688,,3.108812563541743,,,3.1088125635418384,,,covered,0.9999999999999692
quadratic_chain,module,9,QuadraticWell,0.3534976845553464,,4.2601643577624,,,4.260164357759851,,,covered,1.0000000000005984
quadratic_chain,module,10,QuadraticWell,0.8446428397388605,,5.8379204227287165,,,5.8379204227257855,,,covered,1.000000000000502
quadratic_chain,module,11,QuadraticWell,0.38931119465739733,,8.0,,,8.0,,,covered,1.0
quadratic_chain,coupling,0,QuadraticCoupling,0.06725839133054123,0.4745184902548316,0.3000000000004163,0.3,0.30000000000020816,0.3,0.3,0.3,covered,1.0000000000013878
quadratic_chain,coupling,1,QuadraticCoupling,0.4745184902548316,0.4150081578934218,0.3599999999999306,0.3599999999999306,0.3599999999999306,0.36,0.36,0.36,covered,0.9999999999998073
quadratic_chain,coupling,2,QuadraticCoupling,0.4150081578934218,0.48754233689032,0.4200000000000347,0.4200000000000347,0.4200000000000347,0.42,0.42,0.42,covered,1.0000000000000826
quadratic_chain,coupling,3,QuadraticCoupling,0.48754233689032,0.7264195985703606,0.3,0.30000000000027754,0.30000000000013877,0.3,0.3,0.3,covered,1.0000000000009253
quadratic_chain,coupling,4,QuadraticCoupling,0.7264195985703606,0.5324005215950852,0.3600000000001943,0.3600000000001943,0.3600000000001943,0.36,0.36,0.36,covered,1.0000000000005398
quadratic_chain,coupling,5,QuadraticCoupling,0.5324005215950852,0.05388327672312744,0.420000000000111,0.42000000000084653,0.42000000000047877,0.42,0.42,0.42,covered,1.0000000000020155
quadratic_chain,coupling,6,QuadraticCoupling,0.05388327672312744,0.7027857058705697,0.30000000000020816,0.29999999999888977,0.29999999999954896,0.3,0.3,0.3,covered,1.000000000000694
quadratic_chain,coupling,7,QuadraticCoupling,0.7027857058705697,0.1927017402611688,0.3599999999995004,0.36000000000027754,0.35999999999988896,0.36,0.36,0.36,covered,1.000000000000771
quadratic_chain,coupling,8,QuadraticCoupling,0.1927017402611688,0.3534976845553464,0.4199999999998612,0.4199999999998612,0.4199999999998612,0.42,0.42,0.42,covered,0.9999999999996696
quadratic_chain,coupling,9,QuadraticCoupling,0.3534976845553464,0.8446428397388605,0.3,0.30000000000027754,0.30000000000013877,0.3,0.3,0.3,covered,1.0000000000009253
quadratic_chain,coupling,10,QuadraticCoupling,0.8446428397388605,0.38931119465739733,0.36000000000088817,0.36000000000027754,0.36000000000058285,0.36,0.36,0.36,covered,1.0000000000024671
quadratic_chain,module,0,QuadraticWell,0.9517097170916452,,0.25,,,0.25,,,covered,1.0
quadratic_chain,module,1,QuadraticWell,0.6974140920009967,,0.3425877461800723,,,0.34258774618003096,,,covered,1.0000000000001208
quadratic_chain,module,2,QuadraticWell,0.6320783568359032,,0.46946545533074696,,,0.46946545533085315,,,covered,0.9999999999997738
quadratic_chain,module,3,QuadraticWell,0.507159620868223,,0.6433324490047599,,,0.6433324490047159,,,covered,1.0000000000000686
quadratic_chain,module,4,QuadraticWell,0.974898047123741,,0.881591254995999,,,0.8815912549960212,,,covered,0.9999999999999748
quadratic_chain,module,5,QuadraticWell,0.3414689710485125,,1.2080894444059929,,,1.2080894444044474,,,covered,1.0000000000012792
quadratic_chain,module,6,QuadraticWell,0.6825627070858521,,1.6555065597715204,,,1.6555065597696212,,,covered,1.000000000001147
quadratic_chain,module,7,QuadraticWell,0.8077325207863705,,2.2686250443908755,,,2.268625044390925,,,covered,0.9999999999999782
quadratic_chain,module,8,QuadraticWell,0.38309472846076803,,3.108812563542784,,,3.1088125635418384,,,covered,1.0000000000003042
quadratic_chain,module,9,QuadraticWell,0.058793335819579906,,4.260164357726498,,,4.260164357759851,,,covered,0.999999999992171
quadratic_chain,module,10,QuadraticWell,0.5150471515714902,,5.837920422723165,,,5.8379204227257855,,,covered,0.9999999999995511
quadratic_chain,module,11,QuadraticWell,0.6686295340247006,,8.0,,,8.0,,,covered,1.0
quadratic_chain,coupling,0,QuadraticCoupling,0.9517097170916452,0.6974140920009967,0.29999999999958366,0.29999999999958366,0.29999999999958366,0.3,0.3,0.3,covered,0.9999999999986122
quadratic_chain,coupling,1,QuadraticCoupling,0.6974140920009967,0.6320783568359032,0.35999999999984733,0.35999999999984733,0.35999999999984733,0.36,0.36,0.36,covered,0.999999999999576
quadratic_chain,coupling,2,QuadraticCoupling,0.6320783568359032,0.507159620868223,0.41999999999976406,0.41999999999976406,0.41999999999976406,0.42,0.42,0.42,covered,0.9999999999994382
quadratic_chain,coupling,3,QuadraticCoupling,0.507159620868223,0.974898047123741,0.29999999999888977,0.29999999999888977,0.29999999999888977,0.3,0.3,0.3,covered,0.9999999999962993
quadratic_chain,coupling,4,QuadraticCoupling,0.974898047123741,0.3414689710485125,0.3599999999995004,0.359999999997502,0.3599999999985012,0.36,0.36,0.36,covered,0.9999999999986122
quadratic_chain,coupling,5,QuadraticCoupling,0.3414689710485125,0.6825627070858521,0.4200000000005551,0.420000000000111,0.42000000000033305,0.42,0.42,0.42,covered,1.0000000000013216
quadratic_chain,coupling,6,QuadraticCoupling,0.6825627070858521,0.8077325207863705,0.2999999999999306,0.2999999999999306,0.2999999999999306,0.3,0.3,0.3,covered,0.9999999999997687
quadratic_chain,coupling,7,QuadraticCoupling,0.8077325207863705,0.38309472846076803,0.36000000000088817,0.35999999999888976,0.35999999999988896,0.36,0.36,0.36,covered,1.0000000000024671
quadratic_chain,coupling,8,QuadraticCoupling,0.38309472846076803,0.058793335819579906,0.4199999999991673,0.41999999999945875,0.41999999999931303,0.42,0.42,0.42,covered,0.9999999999987114
quadratic_chain,coupling,9,QuadraticCoupling,0.058793335819579906,0.5150471515714902,0.30000000000020816,0.30000000000027754,0.30000000000024285,0.3,0.3,0.3,covered,1.0000000000009253
quadratic_chain,coupling,10,QuadraticCoupling,0.5150471515714902,0.6686295340247006,0.3600000000001943,0.3600000000001943,0.3600000000001943,0.36,0.36,0.36,covered,1.0000000000005398
quadratic_chain,module,0,QuadraticWell,0.22762286497390138,,0.2500000000013878,,,0.25,,,covered,1.0000000000055511
quadratic_chain,module,1,QuadraticWell,0.3606255571128438,,0.34258774617955834,,,0.34258774618003096,,,covered,0.9999999999986204
quadratic_chain,module,2,QuadraticWell,0.8201160762809507,,0.46946545533074696,,,0.46946545533085315,,,covered,0.9999999999997738
quadratic_chain,module,3,QuadraticWell,0.7674989183182982,,0.6433324490047599,,,0.6433324490047159,,,covered,1.0000000000000686
quadratic_chain,module,4,QuadraticWell,0.31455525825331004,,0.8815912549952686,,,0.8815912549960212,,,covered,0.9999999999991462
quadratic_chain,module,5,QuadraticWell,0.5734608444981485,,1.2080894444043724,,,1.2080894444044474,,,covered,0.9999999999999378
quadratic_chain,module,6,QuadraticWell,0.29571709070992946,,1.6555065597762084,,,1.6555065597696212,,,covered,1.000000000003979
quadratic_chain,module,7,QuadraticWell,0.34004431287323195,,2.268625044391466,,,2.268625044390925,,,covered,1.0000000000002387
quadratic_chain,module,8,QuadraticWell,0.9140059974847732,,3.108812563548939,,,3.1088125635418384,,,covered,1.000000000002284
quadratic_chain,module,9,QuadraticWell,0.8142486301979727,,4.260164357758293,,,4.260164357759851,,,covered,0.9999999999996343
quadratic_chain,module,10,QuadraticWell,0.9615015523062038,,5.8379204227287165,,,5.8379204227257855,,,covered,1.000000000000502
quadratic_chain,module,11,QuadraticWell,0.36193493617613504,,8.0,,,8.0,,,covered,1.0
quadratic_chain,coupling,0,QuadraticCoupling,0.22762286497390138,0.3606255571128438,0.3,0.3,0.3,0.3,0.3,0.3,covered,1.0
quadratic_chain,coupling,1,QuadraticCoupling,0.3606255571128438,0.8201160762809507,0.35999999999888976,0.36000000000088817,0.35999999999988896,0.36,0.36,0.36,covered,1.0000000000024671
quadratic_chain,coupling,2,QuadraticCoupling,0.8201160762809507,0.7674989183182982,0.41999999999993753,0.41999999999993753,0.41999999999993753,0.42,0.42,0.42,covered,0.9999999999998513
quadratic_chain,coupling,3,QuadraticCoupling,0.7674989183182982,0.31455525825331004,0.29999999999888977,0.3,0.2999999999994449,0.3,0.3,0.3,covered,1.0
quadratic_chain,coupling,4,QuadraticCoupling,0.31455525825331004,0.5734608444981485,0.35999999999958365,0.3600000000001943,0.35999999999988896,0.36,0.36,0.36,covered,1.0000000000005398
quadratic_chain,coupling,5,QuadraticCoupling,0.5734608444981485,0.29571709070992946,0.420000000000111,0.4200000000005551,0.42000000000033305,0.42,0.42,0.42,covered,1.0000000000013216
quadratic_chain,coupling,6,QuadraticCoupling,0.29571709070992946,0.34004431287323195,0.3,0.3,0.3,0.3,0.3,0.3,covered,1.0
quadratic_chain,coupling,7,QuadraticCoupling,0.34004431287323195,0.9140059974847732,0.35999999999888976,0.3599999999995004,0.3599999999991951,0.36,0.36,0.36,covered,0.9999999999986122
quadratic_chain,coupling,8,QuadraticCoupling,0.9140059974847732,0.8142486301979727,0.420000000000111,0.420000000000111,0.420000000000111,0.42,0.42,0.42,covered,1.0000000000002642
quadratic_chain,coupling,9,QuadraticCoupling,0.8142486301979727,0.9615015523062038,0.2999999999999306,0.2999999999999306,0.2999999999999306,0.3,0.3,0.3,covered,0.9999999999997687
quadratic_chain,coupling,10,QuadraticCoupling,0.9615015523062038,0.36193493617613504,0.3599999999995004,0.3600000000016653,0.36000000000058285,0.36,0.36,0.36,covered,1.0000000000046259
quadratic_chain,module,0,QuadraticWell,0.6999057909685247,,0.25,,,0.25,,,covered,1.0
quadratic_chain,module,1,QuadraticWell,0.6312556111061192,,0.3425877461800723,,,0.34258774618003096,,,covered,1.0000000000001208
quadratic_chain,module,2,QuadraticWell,0.1042215331631807,,0.4694654553301802,,,0.46946545533085315,,,covered,0.9999999999985666
quadratic_chain,module,3,QuadraticWell,0.02202319907152983,,0.6433324490046339,,,0.6433324490047159,,,covered,0.9999999999998727
quadratic_chain,module,4,QuadraticWell,0.8780017423450676,,0.881591254995999,,,0.8815912549960212,,,covered,0.9999999999999748
quadratic_chain,module,5,QuadraticWell,0.9720869298790307,,1.2080894444043724,,,1.2080894444044474,,,covered,0.9999999999999378
quadratic_chain,module,6,QuadraticWell,0.7941837804411581,,1.6555065597694387,,,1.6555065597696212,,,covered,0.9999999999998898
quadratic_chain,module,7,QuadraticWell,0.8519637785051809,,2.2686250443915696,,,2.268625044390925,,,covered,1.0000000000002842
quadratic_chain,module,8,QuadraticWell,0.5625458752872342,,3.1088125635378367,,,3.1088125635418384,,,covered,0.9999999999987128
quadratic_chain,module,9,QuadraticWell,0.46413150600696734,,4.260164357759624,,,4.260164357759851,,,covered,0.9999999999999468
quadratic_chain,module,10,QuadraticWell,0.8795010478182843,,5.8379204227287165,,,5.8379204227257855,,,covered,1.000000000000502
quadratic_chain,module,11,QuadraticWell,0.5603028508552237,,8.0,,,8.0,,,covered,1.0
quadratic_chain,coupling,0,QuadraticCoupling,0.6999057909685247,0.6312556111061192,0.2999999999999306,0.2999999999999306,0.2999999999999306,0.3,0.3,0.3,covered,0.9999999999997687
quadratic_chain,coupling,1,QuadraticCoupling,0.6312556111061192,0.1042215331631807,0.3599999999995004,0.36000000000077714,0.36000000000013876,0.36,0.36,0.36,covered,1.0000000000021587
quadratic_chain,coupling,2,QuadraticCoupling,0.1042215331631807,0.02202319907152983,0.42000000000009713,0.4199999999999514,0.42000000000002424,0.42,0.42,0.42,covered,1.0000000000002314
quadratic_chain,coupling,3,QuadraticCoupling,0.02202319907152983,0.8780017423450676,0.2999999999975367,0.29999999999888977,0.29999999999821325,0.3,0.3,0.3,covered,0.9999999999962993
quadratic_chain,coupling,4,QuadraticCoupling,0.8780017423450676,0.9720869298790307,0.3600000000001943,0.3600000000001943,0.3600000000001943,0.36,0.36,0.36,covered,1.0000000000005398
quadratic_chain,coupling,5,QuadraticCoupling,0.9720869298790307,0.7941837804411581,0.420000000000111,0.420000000000111,0.420000000000111,0.42,0.42,0.42,covered,1.0000000000002642
quadratic_chain,coupling,6,QuadraticCoupling,0.7941837804411581,0.8519637785051809,0.2999999999999306,0.2999999999999306,0.2999999999999306,0.3,0.3,0.3,covered,0.9999999999997687
quadratic_chain,coupling,7,QuadraticCoupling,0.8519637785051809,0.5625458752872342,0.3599999999995004,0.3599999999995004,0.3599999999995004,0.36,0.36,0.36,covered,0.9999999999986122
quadratic_chain,coupling,8,QuadraticCoupling,0.5625458752872342,0.46413150600696734,0.41999999999976406,0.42000000000020815,0.4199999999999861,0.42,0.42,0.42,covered,1.0000000000004956
quadratic_chain,coupling,9,QuadraticCoupling,0.46413150600696734,0.8795010478182843,0.3,0.30000000000027754,0.30000000000013877,0.3,0.3,0.3,covered,1.0000000000009253
quadratic_chain,coupling,10,QuadraticCoupling,0.8795010478182843,0.5603028508552237,0.3599999999995004,0.3599999999995004,0.3599999999995004,0.36,0.36,0.36,covered,0.9999999999986122
quadratic_chain,module,0,QuadraticWell,0.46219711782757605,,0.25,,,0.25,,,covered,1.0
quadratic_chain,module,1,QuadraticWell,0.17783150409787107,,0.34258774617817056,,,0.34258774618003096,,,covered,0.9999999999945696
quadratic_chain,module,2,QuadraticWell,0.32701428107933705,,0.46946545533082973,,,0.46946545533085315,,,covered,0.9999999999999502
quadratic_chain,module,3,QuadraticWell,0.4003553835599243,,0.6433324490046582,,,0.6433324490047159,,,covered,0.9999999999999104
quadratic_chain,module,4,QuadraticWell,0.5133964630856002,,0.881591254995999,,,0.8815912549960212,,,covered,0.9999999999999748
quadratic_chain,module,5,QuadraticWell,0.538763216879553,,1.2080894444044592,,,1.2080894444044474,,,covered,1.0000000000000098
quadratic_chain,module,6,QuadraticWell,0.3561060148221158,,1.6555065597706573,,,1.6555065597696212,,,covered,1.0000000000006257
quadratic_chain,module,7,QuadraticWell,0.4175758217842476,,2.268625044391466,,,2.268625044390925,,,covered,1.0000000000002387
quadratic_chain,module,8,QuadraticWell,0.8122838717339673,,3.1088125635378367,,,3.1088125635418384,,,covered,0.9999999999987128
quadratic_chain,module,9,QuadraticWell,0.8231617843112878,,4.260164357758293,,,4.260164357759851,,,covered,0.9999999999996343
quadratic_chain,module,10,QuadraticWell,0.15201321267735685,,5.837920422729616,,,5.8379204227257855,,,covered,1.0000000000006561
quadratic_chain,module,11,QuadraticWell,0.2598587994114672,,8.0,,,8.0,,,covered,1.0
quadratic_chain,coupling,0,QuadraticCoupling,0.46219711782757605,0.17783150409787107,0.3,0.3,0.3,0.3,0.3,0.3,covered,1.0
quadratic_chain,coupling,1,QuadraticCoupling,0.17783150409787107,0.32701428107933705,0.3599999999999306,0.3599999999999306,0.3599999999999306,0.36,0.36,0.36,covered,0.9999999999998073
quadratic_chain,coupling,2,QuadraticCoupling,0.32701428107933705,0.4003553835599243,0.4199999999998612,0.4199999999998612,0.4199999999998612,0.42,0.42,0.42,covered,0.9999999999996696
quadratic_chain,coupling,3,QuadraticCoupling,0.4003553835599243,0.5133964630856002,0.3,0.2999999999999306,0.2999999999999653,0.3,0.3,0.3,covered,1.0
quadratic_chain,coupling,4,QuadraticCoupling,0.5133964630856002,0.538763216879553,0.3599999999999341,0.3599999999999341,0.3599999999999341,0.36,0.36,0.36,covered,0.9999999999998169
quadratic_chain,coupling,5,QuadraticCoupling,0.538763216879553,0.3561060148221158,0.420000000000111,0.4200000000005551,0.42000000000033305,0.42,0.42,0.42,covered,1.0000000000013216
quadratic_chain,coupling,6,QuadraticCoupling,0.3561060148221158,0.4175758217842476,0.3,0.3,0.3,0.3,0.3,0.3,covered,1.0
quadratic_chain,coupling,7,QuadraticCoupling,0.4175758217842476,0.8122838717339673,0.35999999999888976,0.36000000000088817,0.35999999999988896,0.36,0.36,0.36,covered,1.0000000000024671
quadratic_chain,coupling,8,QuadraticCoupling,0.8122838717339673,0.8231617843112878,0.4200000000000243,0.4200000000000243,0.4200000000000243,0.42,0.42,0.42,covered,1.000000000000058
quadratic_chain,coupling,9,QuadraticCoupling,0.8231617843112878,0.15201321267735685,0.30000000000027754,0.3,0.30000000000013877,0.3,0.3,0.3,covered,1.0000000000009253
quadratic_chain,coupling,10,QuadraticCoupling,0.15201321267735685,0.2598587994114672,0.3599999999999306,0.3599999999999306,0.3599999999999306,0.36,0.36,0.36,covered,0.9999999999998073
quadratic_chain,module,0,QuadraticWell,0.14602876113815616,,0.25,,,0.25,,,covered,1.0
quadratic_chain,module,1,QuadraticWell,0.6166941521782503,,0.3425877461800723,,,0.34258774618003096,,,covered,1.0000000000001208
quadratic_chain,module,2,QuadraticWell,0.6240239930027018,,0.46946545533213474,,,0.46946545533085315,,,covered,1.0000000000027298
quadratic_chain,module,3,QuadraticWell,0.02345321180129229,,0.6433324490046339,,,0.6433324490047159,,,covered,0.9999999999998727
quadratic_chain,module,4,QuadraticWell,0.780732123120084,,0.881591254995999,,,0.8815912549960212,,,covered,0.9999999999999748
quadratic_chain,module,5,QuadraticWell,0.37811339610740824,,1.2080894444032173,,,1.2080894444044474,,,covered,0.9999999999989817
quadratic_chain,module,6,QuadraticWell,0.12027860698662857,,1.6555065597729548,,,1.6555065597696212,,,covered,1.0000000000020137
quadratic_chain,module,7,QuadraticWell,0.10517521551718982,,2.268625044400166,,,2.268625044390925,,,covered,1.0000000000040734
quadratic_chain,module,8,QuadraticWell,0.6486000840549553,,3.1088125635378367,,,3.1088125635418384,,,covered,0.9999999999987128
quadratic_chain,module,9,QuadraticWell,0.28341496786432424,,4.260164357756849,,,4.260164357759851,,,covered,0.9999999999992953
quadratic_chain,module,10,QuadraticWell,0.1368895431989867,,5.837920422729616,,,5.8379204227257855,,,covered,1.0000000000006561
quadratic_chain,module,11,QuadraticWell,0.7133926278024918,,8.0,,,8.0,,,covered,1.0
quadratic_chain,coupling,0,QuadraticCoupling,0.14602876113815616,0.6166941521782503,0.3,0.29999999999888977,0.2999999999994449,0.3,0.3,0.3,covered,1.0
quadratic_chain,coupling,1,QuadraticCoupling,0.6166941521782503,0.6240239930027018,0.35999999999999915,0.35999999999999915,0.35999999999999915,0.36,0.36,0.36,covered,0.9999999999999977
quadratic_chain,coupling,2,QuadraticCoupling,0.6240239930027018,0.02345321180129229,0.420000000000111,0.42000000000099225,0.4200000000005516,0.42,0.42,0.42,covered,1.0000000000023626
quadratic_chain,coupling,3,QuadraticCoupling,0.02345321180129229,0.780732123120084,0.30000000000031224,0.30000000000027754,0.3000000000002949,0.3,0.3,0.3,covered,1.000000000001041
quadratic_chain,coupling,4,QuadraticCoupling,0.780732123120084,0.37811339610740824,0.3599999999995004,0.36000000000027754,0.35999999999988896,0.36,0.36,0.36,covered,1.000000000000771
quadratic_chain,coupling,5,QuadraticCoupling,0.37811339610740824,0.12027860698662857,0.4199999999998612,0.4200000000004441,0.42000000000015264,0.42,0.42,0.42,covered,1.0000000000010574
quadratic_chain,coupling,6,QuadraticCoupling,0.12027860698662857,0.10517521551718982,0.300000000000026,0.300000000000026,0.300000000000026,0.3,0.3,0.3,covered,1.0000000000000868
quadratic_chain,coupling,7,QuadraticCoupling,0.10517521551718982,0.6486000840549553,0.36000000000077714,0.3599999999995004,0.36000000000013876,0.36,0.36,0.36,covered,1.0000000000021587
quadratic_chain,coupling,8,QuadraticCoupling,0.6486000840549553,0.28341496786432424,0.420000000000111,0.4199999999991673,0.41999999999963916,0.42,0.42,0.42,covered,1.0000000000002642
quadratic_chain,coupling,9,QuadraticCoupling,0.28341496786432424,0.1368895431989867,0.3,0.3,0.3,0.3,0.3,0.3,covered,1.0
quadratic_chain,coupling,10,QuadraticCoupling,0.1368895431989867,0.7133926278024918,0.35999999999888976,0.3599999999995004,0.3599999999991951,0.36,0.36,0.36,covered,0.9999999999986122
quadratic_chain,module,0,QuadraticWell,0.8172426354570078,,0.25,,,0.25,,,covered,1.0
quadratic_chain,module,1,QuadraticWell,0.47216654804031816,,0.34258774617955834,,,0.34258774618003096,,,covered,0.9999999999986204
quadratic_chain,module,2,QuadraticWell,0.5025770754745361,,0.46946545533074696,,,0.46946545533085315,,,covered,0.9999999999997738
quadratic_chain,module,3,QuadraticWell,0.877471487292075,,0.6433324490047599,,,0.6433324490047159,,,covered,1.0000000000000686
quadratic_chain,module,4,QuadraticWell,0.5524125899898202,,0.881591254995999,,,0.8815912549960212,,,covered,0.9999999999999748
quadratic_chain,module,5,QuadraticWell,0.16062861558181418,,1.2080894444032173,,,1.2080894444044474,,,covered,0.9999999999989817
quadratic_chain,module,6,QuadraticWell,0.9084495387955158,,1.6555065597701326,,,1.6555065597696212,,,covered,1.0000000000003089
quadratic_chain,module,7,QuadraticWell,0.6675516202745331,,2.2686250443915696,,,2.268625044390925,,,covered,1.0000000000002842
quadratic_chain,module,8,QuadraticWell,0.16768133031062052,,3.108812563541743,,,3.1088125635418384,,,covered,0.9999999999999692
quadratic_chain,module,9,QuadraticWell,0.09758641373452946,,4.260164357751659,,,4.260164357759851,,,covered,0.9999999999980771
quadratic_chain,module,10,QuadraticWell,0.19344049059674387,,5.837920422729616,,,5.8379204227257855,,,covered,1.0000000000006561
quadratic_chain,module,11,QuadraticWell,0.8308101109226962,,8.0,,,8.0,,,covered,1.0
quadratic_chain,coupling,0,QuadraticCoupling,0.8172426354570078,0.47216654804031816,0.29999999999958366,0.3,0.2999999999997918,0.3,0.3,0.3,covered,1.0
quadratic_chain,coupling,1,QuadraticCoupling,0.47216654804031816,0.5025770754745361,0.3599999999999306,0.3600000000000208,0.3599999999999757,0.36,0.36,0.36,covered,1.0000000000000577
quadratic_chain,coupling,2,QuadraticCoupling,0.5025770754745361,0.877471487292075,0.420000000000111,0.420000000000111,0.420000000000111,0.42,0.42,0.42,covered,1.0000000000002642
quadratic_chain,coupling,3,QuadraticCoupling,0.877471487292075,0.5524125899898202,0.30000000000027754,0.30000000000027754,0.30000000000027754,0.3,0.3,0.3,covered,1.0000000000009253
quadratic_chain,coupling,4,QuadraticCoupling,0.5524125899898202,0.16062861558181418,0.3599999999995004,0.36000000000027754,0.35999999999988896,0.36,0.36,0.36,covered,1.000000000000771
quadratic_chain,coupling,5,QuadraticCoupling,0.16062861558181418,0.9084495387955158,0.4200000000005551,0.420000000000111,0.42000000000033305,0.42,0.42,0.42,covered,1.0000000000013216
quadratic_chain,coupling,6,QuadraticCoupling,0.9084495387955158,0.6675516202745331,0.29999999999958366,0.29999999999958366,0.29999999999958366,0.3,0.3,0.3,covered,0.9999999999986122
quadratic_chain,coupling,7,QuadraticCoupling,0.6675516202745331,0.16768133031062052,0.3599999999995004,0.36000000000027754,0.35999999999988896,0.36,0.36,0.36,covered,1.000000000000771
quadratic_chain,coupling,8,QuadraticCoupling,0.16768133031062052,0.09758641373452946,0.4200000000000347,0.41999999999992366,0.41999999999997917,0.42,0.42,0.42,covered,1.0000000000000826
quadratic_chain,coupling,9,QuadraticCoupling,0.09758641373452946,0.19344049059674387,0.3000000000000694,0.3,0.3000000000000347,0.3,0.3,0.3,covered,1.0000000000002314
quadratic_chain,coupling,10,QuadraticCoupling,0.19344049059674387,0.8308101109226962,0.36000000000027754,0.36000000000088817,0.36000000000058285,0.36,0.36,0.36,covered,1.0000000000024671
quadratic_chain,module,0,QuadraticWell,0.6300858578333693,,0.25,,,0.25,,,covered,1.0
quadratic_chain,module,1,QuadraticWell,0.942891152195806,,0.3425877461800723,,,0.34258774618003096,,,covered,1.0000000000001208
quadratic_chain,module,2,QuadraticWell,0.49978883181785705,,0.46946545533091644,,,0.46946545533085315,,,covered,1.0000000000001348
quadratic_chain,module,3,QuadraticWell,0.5715064361496227,,0.6433324490047599,,,0.6433324490047159,,,covered,1.0000000000000686
quadratic_chain,module,4,QuadraticWell,0.11925739580143635,,0.8815912549978798,,,0.8815912549960212,,,covered,1.0000000000021083
quadratic_chain,module,5,QuadraticWell,0.7585353962123321,,1.2080894444043724,,,1.2080894444044474,,,covered,0.9999999999999378
quadratic_chain,module,6,QuadraticWell,0.6956123149644419,,1.6555065597701326,,,1.6555065597696212,,,covered,1.0000000000003089
quadratic_chain,module,7,QuadraticWell,0.32830693872311995,,2.268625044391466,,,2.268625044390925,,,covered,1.0000000000002387
quadratic_chain,module,8,QuadraticWell,0.7907383683233339,,3.1088125635378367,,,3.1088125635418384,,,covered,0.9999999999987128
quadratic_chain,module,9,QuadraticWell,0.5324923088607532,,4.260164357759681,,,4.260164357759851,,,covered,0.9999999999999601
quadratic_chain,module,10,QuadraticWell,0.6548087081518719,,5.837920422717614,,,5.8379204227257855,,,covered,0.9999999999986003
quadratic_chain,module,11,QuadraticWell,0.15891143906684987,,8.0,,,8.0,,,covered,1.0
quadratic_chain,coupling,0,QuadraticCoupling,0.6300858578333693,0.942891152195806,0.30000000000027754,0.30000000000027754,0.30000000000027754,0.3,0.3,0.3,covered,1.0000000000009253
quadratic_chain,coupling,1,QuadraticCoupling,0.942891152195806,0.49978883181785705,0.36000000000088817,0.36000000000027754,0.36000000000058285,0.36,0.36,0.36,covered,1.0000000000024671
quadratic_chain,coupling,2,QuadraticCoupling,0.49978883181785705,0.5715064361496227,0.4200000000000347,0.420000000000111,0.42000000000007287,0.42,0.42,0.42,covered,1.0000000000002642
quadratic_chain,coupling,3,QuadraticCoupling,0.5715064361496227,0.11925739580143635,0.30000000000027754,0.3000000000004163,0.30000000000034693,0.3,0.3,0.3,covered,1.0000000000013878
quadratic_chain,coupling,4,QuadraticCoupling,0.11925739580143635,0.7585353962123321,0.3599999999980016,0.3599999999995004,0.359999999998751,0.36,0.36,0.36,covered,0.9999999999986122
quadratic_chain,coupling,5,QuadraticCoupling,0.7585353962123321,0.6956123149644419,0.41999999999993753,0.41999999999993753,0.41999999999993753,0.42,0.42,0.42,covered,0.9999999999998513
quadratic_chain,coupling,6,QuadraticCoupling,0.6956123149644419,0.32830693872311995,0.29999999999958366,0.3,0.2999999999997918,0.3,0.3,0.3,covered,1.0
quadratic_chain,coupling,7,QuadraticCoupling,0.32830693872311995,0.7907383683233339,0.35999999999888976,0.36000000000088817,0.35999999999988896,0.36,0.36,0.36,covered,1.0000000000024671
quadratic_chain,coupling,8,QuadraticCoupling,0.7907383683233339,0.5324923088607532,0.4199999999994171,0.4199999999994171,0.4199999999994171,0.42,0.42,0.42,covered,0.9999999999986122
quadratic_chain,coupling,9,QuadraticCoupling,0.5324923088607532,0.6548087081518719,0.2999999999999306,0.2999999999999306,0.2999999999999306,0.3,0.3,0.3,covered,0.9999999999997687
quadratic_chain,coupling,10,QuadraticCoupling,0.6548087081518719,0.15891143906684987,0.36000000000088817,0.36000000000027754,0.36000000000058285,0.36,0.36,0.36,covered,1.0000000000024671
quadratic_chain,module,0,QuadraticWell,0.36816489801059704,,0.25,,,0.25,,,covered,1.0
quadratic_chain,module,1,QuadraticWell,0.7761323768846407,,0.3425877461800723,,,0.34258774618003096,,,covered,1.0000000000001208
quadratic_chain,module,2,QuadraticWell,0.3193460301990231,,0.46946545533082973,,,0.46946545533085315,,,covered,0.9999999999999502
quadratic_chain,module,3,QuadraticWell,0.520650382563608,,0.6433324490047599,,,0.6433324490047159,,,covered,1.0000000000000686
quadratic_chain,module,4,QuadraticWell,0.5424417004129493,,0.881591254995999,,,0.8815912549960212,,,covered,0.9999999999999748
quadratic_chain,module,5,QuadraticWell,0.6425140758589525,,1.2080894444043724,,,1.2080894444044474,,,covered,0.9999999999999378
quadratic_chain,module,6,QuadraticWell,0.411423435905484,,1.6555065597706573,,,1.6555065597696212,,,covered,1.0000000000006257
quadratic_chain,module,7,QuadraticWell,0.5819017876436875,,2.268625044390182,,,2.268625044390925,,,covered,0.9999999999996725
quadratic_chain,module,8,QuadraticWell,0.14701506419622346,,3.108812563541396,,,3.1088125635418384,,,covered,0.9999999999998577
quadratic_chain,module,9,QuadraticWell,0.5711494656821481,,4.260164357759854,,,4.260164357759851,,,covered,1.0000000000000009
quadratic_chain,module,10,QuadraticWell,0.07358728424451354,,5.837920422726615,,,5.8379204227257855,,,covered,1.000000000000142
quadratic_chain,module,11,QuadraticWell,0.09721885563488634,,8.000000000011102,,,8.0,,,covered,1.0000000000013878
quadratic_chain,coupling,0,QuadraticCoupling,0.36816489801059704,0.7761323768846407,0.3,0.29999999999958366,0.2999999999997918,0.3,0.3,0.3,covered,1.0
quadratic_chain,coupling,1,QuadraticCoupling,0.7761323768846407,0.3193460301990231,0.36000000000088817,0.35999999999888976,0.35999999999988896,0.36,0.36,0.36,covered,1.0000000000024671
quadratic_chain,coupling,2,QuadraticCoupling,0.3193460301990231,0.520650382563608,0.4199999999998612,0.420000000000111,0.4199999999999861,0.42,0.42,0.42,covered,1.0000000000002642
quadratic_chain,coupling,3,QuadraticCoupling,0.520650382563608,0.5424417004129493,0.30000000000001736,0.30000000000001736,0.30000000000001736,0.3,0.3,0.3,covered,1.000000000000058
quadratic_chain,coupling,4,QuadraticCoupling,0.5424417004129493,0.6425140758589525,0.35999999999984733,0.35999999999984733,0.35999999999984733,0.36,0.36,0.36,covered,0.999999999999576
quadratic_chain,coupling,5,QuadraticCoupling,0.6425140758589525,0.411423435905484,0.420000000000111,0.4199999999998612,0.4199999999999861,0.42,0.42,0.42,covered,1.0000000000002642
quadratic_chain,coupling,6,QuadraticCoupling,0.411423435905484,0.5819017876436875,0.3,0.30000000000027754,0.30000000000013877,0.3,0.3,0.3,covered,1.0000000000009253
quadratic_chain,coupling,7,QuadraticCoupling,0.5819017876436875,0.14701506419622346,0.3599999999995004,0.36000000000027754,0.35999999999988896,0.36,0.36,0.36,covered,1.000000000000771
quadratic_chain,coupling,8,QuadraticCoupling,0.14701506419622346,0.5711494656821481,0.4200000000005551,0.420000000000111,0.42000000000033305,0.42,0.42,0.42,covered,1.0000000000013216
quadratic_chain,coupling,9,QuadraticCoupling,0.5711494656821481,0.07358728424451354,0.30000000000027754,0.3000000000004163,0.30000000000034693,0.3,0.3,0.3,covered,1.0000000000013878
quadratic_chain,coupling,10,QuadraticCoupling,0.07358728424451354,0.09721885563488634,0.35999999999999654,0.35999999999999654,0.35999999999999654,0.36,0.36,0.36,covered,0.9999999999999905
quadratic_chain,module,0,QuadraticWell,0.07426896351189381,,0.25000000000034694,,,0.25,,,covered,1.0000000000013878
quadratic_chain,module,1,QuadraticWell,0.37532216600361595,,0.34258774617955834,,,0.34258774618003096,,,covered,0.9999999999986204
quadratic_chain,module,2,QuadraticWell,0.08548578334700534,,0.4694654553308741,,,0.46946545533085315,,,covered,1.0000000000000446
quadratic_chain,module,3,QuadraticWell,0.5531252745353671,,0.6433324490047599,,,0.6433324490047159,,,covered,1.0000000000000686
quadratic_chain,module,4,QuadraticWell,0.39467191916232497,,0.8815912549952686,,,0.8815912549960212,,,covered,0.9999999999991462
quadratic_chain,module,5,QuadraticWell,0.7712530275056745,,1.2080894444043724,,,1.2080894444044474,,,covered,0.9999999999999378
quadratic_chain,module,6,QuadraticWell,0.2480592370372735,,1.6555065597817595,,,1.6555065597696212,,,covered,1.0000000000073321
quadratic_chain,module,7,QuadraticWell,0.4087804391395314,,2.268625044391466,,,2.268625044390925,,,covered,1.0000000000002387
quadratic_chain,module,8,QuadraticWell,0.3654898260781486,,3.108812563542784,,,3.1088125635418384,,,covered,1.0000000000003042
quadratic_chain,module,9,QuadraticWell,0.38059851259483274,,4.2601643577624,,,4.260164357759851,,,covered,1.0000000000005984
quadratic_chain,module,10,QuadraticWell,0.38629770027519805,,5.837920422724065,,,5.8379204227257855,,,covered,0.9999999999997053
quadratic_chain,module,11,QuadraticWell,0.18545070659045942,,8.0,,,8.0,,,covered,1.0
quadratic_chain,coupling,0,QuadraticCoupling,0.07426896351189381,0.37532216600361595,0.3000000000004163,0.3,0.30000000000020816,0.3,0.3,0.3,covered,1.0000000000013878
quadratic_chain,coupling,1,QuadraticCoupling,0.37532216600361595,0.08548578334700534,0.36000000000027754,0.35999999999938936,0.35999999999983345,0.36,0.36,0.36,covered,1.000000000000771
quadratic_chain,coupling,2,QuadraticCoupling,0.08548578334700534,0.5531252745353671,0.42000000000113796,0.420000000000111,0.4200000000006245,0.42,0.42,0.42,covered,1.0000000000027094
quadratic_chain,coupling,3,QuadraticCoupling,0.5531252745353671,0.39467191916232497,0.2999999999999306,0.3,0.2999999999999653,0.3,0.3,0.3,covered,1.0
quadratic_chain,coupling,4,QuadraticCoupling,0.39467191916232497,0.7712530275056745,0.36000000000027754,0.3599999999995004,0.35999999999988896,0.36,0.36,0.36,covered,1.000000000000771
quadratic_chain,coupling,5,QuadraticCoupling,0.7712530275056745,0.2480592370372735,0.420000000000111,0.42000000000333065,0.42000000000172083,0.42,0.42,0.42,covered,1.00000000000793
quadratic_chain,coupling,6,QuadraticCoupling,0.2480592370372735,0.4087804391395314,0.3,0.3,0.3,0.3,0.3,0.3,covered,1.0
quadratic_chain,coupling,7,QuadraticCoupling,0.4087804391395314,0.3654898260781486,0.36000000000001736,0.36000000000001736,0.36000000000001736,0.36,0.36,0.36,covered,1.0000000000000482
quadratic_chain,coupling,8,QuadraticCoupling,0.3654898260781486,0.38059851259483274,0.4199999999999913,0.4199999999999913,0.4199999999999913,0.42,0.42,0.42,covered,0.9999999999999793
quadratic_chain,coupling,9,QuadraticCoupling,0.38059851259483274,0.38629770027519805,0.3,0.3,0.3,0.3,0.3,0.3,covered,1.0
quadratic_chain,coupling,10,QuadraticCoupling,0.38629770027519805,0.18545070659045942,0.36000000000027754,0.36000000000027754,0.36000000000027754,0.36,0.36,0.36,covered,1.000000000000771
quadratic_chain,module,0,QuadraticWell,0.8366567173777791,,0.25,,,0.25,,,covered,1.0
quadratic_chain,module,1,QuadraticWell,0.5510623299610798,,0.3425877461800723,,,0.34258774618003096,,,covered,1.0000000000001208
quadratic_chain,module,2,QuadraticWell,0.4982000124081112,,0.46946545533091644,,,0.46946545533085315,,,covered,1.0000000000001348
quadratic_chain,module,3,QuadraticWell,0.3801620287621358,,0.6433324490046582,,,0.6433324490047159,,,covered,0.9999999999999104
quadratic_chain,module,4,QuadraticWell,0.9464397396951747,,0.881591254995999,,,0.8815912549960212,,,covered,0.9999999999999748
quadratic_chain,module,5,QuadraticWell,0.036733895285026893,,1.2080894444040555,,,1.2080894444044474,,,covered,0.9999999999996756
quadratic_chain,module,6,QuadraticWell,0.5403801465804909,,1.6555065597715204,,,1.6555065597696212,,,covered,1.000000000001147
quadratic_chain,module,7,QuadraticWell,0.5560218387267916,,2.268625044390182,,,2.268625044390925,,,covered,0.9999999999996725
quadratic_chain,module,8,QuadraticWell,0.14663908472605655,,3.10881256354209,,,3.1088125635418384,,,covered,1.0000000000000808
quadratic_chain,module,9,QuadraticWell,0.9334145877246459,,4.260164357758293,,,4.260164357759851,,,covered,0.9999999999996343
quadratic_chain,module,10,QuadraticWell,0.4906471253688942,,5.837920422726146,,,5.8379204227257855,,,covered,1.0000000000000617
quadratic_chain,module,11,QuadraticWell,0.9663633216456647,,8.0,,,8.0,,,covered,1.0
quadratic_chain,coupling,0,QuadraticCoupling,0.8366567173777791,0.5510623299610798,0.29999999999958366,0.29999999999958366,0.29999999999958366,0.3,0.3,0.3,covered,0.9999999999986122
quadratic_chain,coupling,1,QuadraticCoupling,0.5510623299610798,0.4982000124081112,0.3600000000000208,0.3599999999999306,0.3599999999999757,0.36,0.36,0.36,covered,1.0000000000000577
quadratic_chain,coupling,2,QuadraticCoupling,0.4982000124081112,0.3801620287621358,0.4199999999998612,0.4199999999998612,0.4199999999998612,0.42,0.42,0.42,covered,0.9999999999996696
quadratic_chain,coupling,3,QuadraticCoupling,0.3801620287621358,0.9464397396951747,0.2999999999986122,0.30000000000027754,0.2999999999994449,0.3,0.3,0.3,covered,1.0000000000009253
quadratic_chain,coupling,4,QuadraticCoupling,0.9464397396951747,0.036733895285026893,0.3599999999981126,0.35999999999913956,0.3599999999986261,0.36,0.36,0.36,covered,0.9999999999976099
quadratic_chain,coupling,5,QuadraticCoupling,0.036733895285026893,0.5403801465804909,0.42000000000084653,0.420000000000111,0.42000000000047877,0.42,0.42,0.42,covered,1.0000000000020155
quadratic_chain,coupling,6,QuadraticCoupling,0.5403801465804909,0.5560218387267916,0.29999999999997395,0.29999999999997395,0.29999999999997395,0.3,0.3,0.3,covered,0.9999999999999132
quadratic_chain,coupling,7,QuadraticCoupling,0.5560218387267916,0.14663908472605655,0.3599999999995004,0.35999999999888976,0.3599999999991951,0.36,0.36,0.36,covered,0.9999999999986122
quadratic_chain,coupling,8,QuadraticCoupling,0.14663908472605655,0.9334145877246459,0.4200000000005551,0.420000000000111,0.42000000000033305,0.42,0.42,0.42,covered,1.0000000000013216
quadratic_chain,coupling,9,QuadraticCoupling,0.9334145877246459,0.4906471253688942,0.30000000000027754,0.3,0.30000000000013877,0.3,0.3,0.3,covered,1.0000000000009253
quadratic_chain,coupling,10,QuadraticCoupling,0.4906471253688942,0.9663633216456647,0.36000000000027754,0.3599999999995004,0.35999999999988896,0.36,0.36,0.36,covered,1.000000000000771
quadratic_chain,module,0,QuadraticWell,0.5815787762311325,,0.25,,,0.25,,,covered,1.0
quadratic_chain,module,1,QuadraticWell,0.8974527319416257,,0.3425877461800723,,,0.34258774618003096,,,covered,1.0000000000001208
quadratic_chain,module,2,QuadraticWell,0.8701384186679478,,0.4694654553293592,,,0.46946545533085315,,,covered,0.9999999999968178
quadratic_chain,module,3,QuadraticWell,0.8598243503928072,,0.6433324490047599,,,0.6433324490047159,,,covered,1.0000000000000686
quadratic_chain,module,4,QuadraticWell,0.04372534335979815,,0.8815912549972681,,,0.8815912549960212,,,covered,1.0000000000014144
quadratic_chain,module,5,QuadraticWell,0.2182742210079046,,1.2080894444032173,,,1.2080894444044474,,,covered,0.9999999999989817
quadratic_chain,module,6,QuadraticWell,0.6598805712720259,,1.6555065597687448,,,1.6555065597696212,,,covered,0.9999999999994706
quadratic_chain,module,7,QuadraticWell,0.7168971878871289,,2.2686250443908755,,,2.268625044390925,,,covered,0.9999999999999782
quadratic_chain,module,8,QuadraticWell,0.917756597125448,,3.1088125635267345,,,3.1088125635418384,,,covered,0.9999999999951416
quadratic_chain,module,9,QuadraticWell,0.3888236384659242,,4.2601643577624,,,4.260164357759851,,,covered,1.0000000000005984
quadratic_chain,module,10,QuadraticWell,0.8738657740169922,,5.8379204227287165,,,5.8379204227257855,,,covered,1.000000000000502
quadratic_chain,module,11,QuadraticWell,0.4217095244970635,,8.0,,,8.0,,,covered,1.0
quadratic_chain,coupling,0,QuadraticCoupling,0.5815787762311325,0.8974527319416257,0.30000000000027754,0.30000000000027754,0.30000000000027754,0.3,0.3,0.3,covered,1.0000000000009253
quadratic_chain,coupling,1,QuadraticCoupling,0.8974527319416257,0.8701384186679478,0.3600000000000208,0.3600000000000208,0.3600000000000208,0.36,0.36,0.36,covered,1.0000000000000577
quadratic_chain,coupling,2,QuadraticCoupling,0.8701384186679478,0.8598243503928072,0.41999999999998094,0.41999999999998094,0.41999999999998094,0.42,0.42,0.42,covered,0.9999999999999547
quadratic_chain,coupling,3,QuadraticCoupling,0.8598243503928072,0.04372534335979815,0.30000000000027754,0.30000000000020816,0.30000000000024285,0.3,0.3,0.3,covered,1.0000000000009253
quadratic_chain,coupling,4,QuadraticCoupling,0.04372534335979815,0.2182742210079046,0.35999999999983345,0.36000000000027754,0.3600000000000555,0.36,0.36,0.36,covered,1.000000000000771
quadratic_chain,coupling,5,QuadraticCoupling,0.2182742210079046,0.6598805712720259,0.4200000000005551,0.420000000000111,0.42000000000033305,0.42,0.42,0.42,covered,1.0000000000013216
quadratic_chain,coupling,6,QuadraticCoupling,0.6598805712720259,0.7168971878871289,0.3000000000001041,0.3000000000001041,0.3000000000001041,0.3,0.3,0.3,covered,1.000000000000347
quadratic_chain,coupling,7,QuadraticCoupling,0.7168971878871289,0.917756597125448,0.3600000000001943,0.3600000000001943,0.3600000000001943,0.36,0.36,0.36,covered,1.0000000000005398
quadratic_chain,coupling,8,QuadraticCoupling,0.917756597125448,0.3888236384659242,0.420000000000111,0.4199999999991673,0.41999999999963916,0.42,0.42,0.42,covered,1.0000000000002642
quadratic_chain,coupling,9,QuadraticCoupling,0.3888236384659242,0.8738657740169922,0.3,0.29999999999888977,0.2999999999994449,0.3,0.3,0.3,covered,1.0
quadratic_chain,coupling,10,QuadraticCoupling,0.8738657740169922,0.4217095244970635,0.36000000000088817,0.35999999999888976,0.35999999999988896,0.36,0.36,0.36,covered,1.0000000000024671
quadratic_chain,module,0,QuadraticWell,0.6185101801988682,,0.25,,,0.25,,,covered,1.0
quadratic_chain,module,1,QuadraticWell,0.37842901802975304,,0.34258774617955834,,,0.34258774618003096,,,covered,0.9999999999986204
quadratic_chain,module,2,QuadraticWell,0.5568071500142481,,0.46946545533074696,,,0.46946545533085315,,,covered,0.9999999999997738
quadratic_chain,module,3,QuadraticWell,0.556703569239806,,0.6433324490047599,,,0.6433324490047159,,,covered,1.0000000000000686
quadratic_chain,module,4,QuadraticWell,0.24867633661294955,,0.8815912549938808,,,0.8815912549960212,,,covered,0.9999999999975722
quadratic_chain,module,5,QuadraticWell,0.5018525584196657,,1.2080894444043724,,,1.2080894444044474,,,covered,0.9999999999999378
quadratic_chain,module,6,QuadraticWell,0.47533169116470686,,1.6555065597706573,,,1.6555065597696212,,,covered,1.0000000000006257
quadratic_chain,module,7,QuadraticWell,0.08479688435813795,,2.2686250443890636,,,2.268625044390925,,,covered,0.9999999999991797
quadratic_chain,module,8,QuadraticWell,0.2373962669947634,,3.108812563541396,,,3.1088125635418384,,,covered,0.9999999999998577
quadratic_chain,module,9,QuadraticWell,0.027210257248169292,,4.260164357772385,,,4.260164357759851,,,covered,1.000000000002942
quadratic_chain,module,10,QuadraticWell,0.564802309901286,,5.8379204227287165,,,5.8379204227257855,,,covered,1.000000000000502
quadratic_chain,module,11,QuadraticWell,0.5275855129308351,,8.0,,,8.0,,,covered,1.0
quadratic_chain,coupling,0,QuadraticCoupling,0.6185101801988682,0.37842901802975304,0.30000000000027754,0.3,0.30000000000013877,0.3,0.3,0.3,covered,1.0000000000009253
quadratic_chain,coupling,1,QuadraticCoupling,0.37842901802975304,0.5568071500142481,0.36000000000027754,0.3600000000001943,0.3600000000002359,0.36,0.36,0.36,covered,1.000000000000771
quadratic_chain,coupling,2,QuadraticCoupling,0.5568071500142481,0.556703569239806,0.4200000000000002,0.4200000000000002,0.4200000000000002,0.42,0.42,0.42,covered,1.0000000000000004
quadratic_chain,coupling,3,QuadraticCoupling,0.556703569239806,0.24867633661294955,0.29999999999958366,0.3,0.2999999999997918,0.3,0.3,0.3,covered,1.0
quadratic_chain,coupling,4,QuadraticCoupling,0.24867633661294955,0.5018525584196657,0.36000000000027754,0.3600000000001943,0.3600000000002359,0.36,0.36,0.36,covered,1.000000000000771
quadratic_chain,coupling,5,QuadraticCoupling,0.5018525584196657,0.47533169116470686,0.4200000000000243,0.4200000000000347,0.42000000000002946,0.42,0.42,0.42,covered,1.0000000000000826
quadratic_chain,coupling,6,QuadraticCoupling,0.47533169116470686,0.08479688435813795,0.3,0.29999999999902854,0.29999999999951427,0.3,0.3,0.3,covered,1.0
quadratic_chain,coupling,7,QuadraticCoupling,0.08479688435813795,0.2373962669947634,0.3599999999997363,0.3599999999999306,0.35999999999983345,0.36,0.36,0.36,covered,0.9999999999998073
quadratic_chain,coupling,8,QuadraticCoupling,0.2373962669947634,0.027210257248169292,0.4199999999998612,0.41999999999960447,0.4199999999997328,0.42,0.42,0.42,covered,0.9999999999996696
quadratic_chain,coupling,9,QuadraticCoupling,0.027210257248169292,0.564802309901286,0.30000000000031224,0.30000000000027754,0.3000000000002949,0.3,0.3,0.3,covered,1.000000000001041
quadratic_chain,coupling,10,QuadraticCoupling,0.564802309901286,0.5275855129308351,0.3599999999999341,0.3599999999999341,0.3599999999999341,0.36,0.36,0.36,covered,0.9999999999998169
quadratic_chain,module,0,QuadraticWell,0.393418969580709,,0.25,,,0.25,,,covered,1.0
quadratic_chain,module,1,QuadraticWell,0.23249380626059218,,0.34258774617955834,,,0.34258774618003096,,,covered,0.9999999999986204
quadratic_chain,module,2,QuadraticWell,0.505776115375015,,0.46946545533074696,,,0.46946545533085315,,,covered,0.9999999999997738
quadratic_chain,module,3,QuadraticWell,0.3539495571259538,,0.6433324490053521,,,0.6433324490047159,,,covered,1.000000000000989
quadratic_chain,module,4,QuadraticWell,0.7695627823245177,,0.881591254995999,,,0.8815912549960212,,,covered,0.9999999999999748
quadratic_chain,module,5,QuadraticWell,0.4906877857924672,,1.208089444404605,,,1.2080894444044474,,,covered,1.0000000000001306
quadratic_chain,module,6,QuadraticWell,0.8107456249042851,,1.6555065597697858,,,1.6555065597696212,,,covered,1.0000000000000995
quadratic_chain,module,7,QuadraticWell,0.27710113064527214,,2.268625044385915,,,2.268625044390925,,,covered,0.9999999999977918
quadratic_chain,module,8,QuadraticWell,0.7307460625150572,,3.108812563548939,,,3.1088125635418384,,,covered,1.000000000002284
quadratic_chain,module,9,QuadraticWell,0.27788519630640734,,4.260164357756849,,,4.260164357759851,,,covered,0.9999999999992953
quadratic_chain,module,10,QuadraticWell,0.12018810490411454,,5.8379204227488195,,,5.8379204227257855,,,covered,1.0000000000039455
quadratic_chain,module,11,QuadraticWell,0.18621462748801365,,8.0,,,8.0,,,covered,1.0
quadratic_chain,coupling,0,QuadraticCoupling,0.393418969580709,0.23249380626059218,0.3,0.3,0.3,0.3,0.3,0.3,covered,1.0
quadratic_chain,coupling,1,QuadraticCoupling,0.23249380626059218,0.505776115375015,0.36000000000027754,0.3599999999995004,0.35999999999988896,0.36,0.36,0.36,covered,1.000000000000771
quadratic_chain,coupling,2,QuadraticCoupling,0.505776115375015,0.3539495571259538,0.420000000000111,0.4200000000005551,0.42000000000033305,0.42,0.42,0.42,covered,1.0000000000013216
quadratic_chain,coupling,3,QuadraticCoupling,0.3539495571259538,0.7695627823245177,0.3,0.29999999999958366,0.2999999999997918,0.3,0.3,0.3,covered,1.0
quadratic_chain,coupling,4,QuadraticCoupling,0.7695627823245177,0.4906877857924672,0.3599999999995004,0.36000000000027754,0.35999999999988896,0.36,0.36,0.36,covered,1.000000000000771
quadratic_chain,coupling,5,QuadraticCoupling,0.4906877857924672,0.8107456249042851,0.4199999999991673,0.420000000000111,0.41999999999963916,0.42,0.42,0.42,covered,1.0000000000002642
quadratic_chain,coupling,6,QuadraticCoupling,0.8107456249042851,0.27710113064527214,0.30000000000027754,0.3,0.30000000000013877,0.3,0.3,0.3,covered,1.0000000000009253
quadratic_chain,coupling,7,QuadraticCoupling,0.27710113064527214,0.7307460625150572,0.36000000000027754,0.36000000000088817,0.36000000000058285,0.36,0.36,0.36,covered,1.0000000000024671
quadratic_chain,coupling,8,QuadraticCoupling,0.7307460625150572,0.27788519630640734,0.420000000000111,0.4200000000005551,0.42000000000033305,0.42,0.42,0.42,covered,1.0000000000013216
quadratic_chain,coupling,9,QuadraticCoupling,0.27788519630640734,0.12018810490411454,0.3,0.3000000000000694,0.3000000000000347,0.3,0.3,0.3,covered,1.0000000000002314
quadratic_chain,coupling,10,QuadraticCoupling,0.12018810490411454,0.18621462748801365,0.3599999999999098,0.3599999999999306,0.35999999999992016,0.36,0.36,0.36,covered,0.9999999999998073
quadratic_chain,module,0,QuadraticWell,0.0676151956180253,,0.25000000000034694,,,0.25,,,covered,1.0000000000013878
quadratic_chain,module,1,QuadraticWell,0.8536041241709916,,0.3425877461800723,,,0.34258774618003096,,,covered,1.0000000000001208
quadratic_chain,module,2,QuadraticWell,0.70521652827326,,0.46946545533074696,,,0.46946545533085315,,,covered,0.9999999999997738
quadratic_chain,module,3,QuadraticWell,0.1879513633610752,,0.6433324490046582,,,0.6433324490047159,,,covered,0.9999999999999104
quadratic_chain,module,4,QuadraticWell,0.8173667405184811,,0.881591254995999,,,0.8815912549960212,,,covered,0.9999999999999748
quadratic_chain,module,5,QuadraticWell,0.4856932354700067,,1.208089444404605,,,1.2080894444044474,,,covered,1.0000000000001306
quadratic_chain,module,6,QuadraticWell,0.16477557872523205,,1.6555065597706573,,,1.6555065597696212,,,covered,1.0000000000006257
quadratic_chain,module,7,QuadraticWell,0.43703364363399816,,2.268625044385915,,,2.268625044390925,,,covered,0.9999999999977918
quadratic_chain,module,8,QuadraticWell,0.4466838789927611,,3.108812563542784,,,3.1088125635418384,,,covered,1.0000000000003042
quadratic_chain,module,9,QuadraticWell,0.6181085392628347,,4.260164357759681,,,4.260164357759851,,,covered,0.9999999999999601
quadratic_chain,module,10,QuadraticWell,0.24238445287659893,,5.837920422729616,,,5.8379204227257855,,,covered,1.0000000000006561
quadratic_chain,module,11,QuadraticWell,0.6000708189110187,,8.0,,,8.0,,,covered,1.0
quadratic_chain,coupling,0,QuadraticCoupling,0.0676151956180253,0.8536041241709916,0.29999999999902854,0.30000000000027754,0.29999999999965304,0.3,0.3,0.3,covered,1.0000000000009253
quadratic_chain,coupling,1,QuadraticCoupling,0.8536041241709916,0.70521652827326,0.35999999999984733,0.35999999999984733,0.35999999999984733,0.36,0.36,0.36,covered,0.999999999999576
quadratic_chain,coupling,2,QuadraticCoupling,0.70521652827326,0.1879513633610752,0.41999999999872323,0.41999999999639176,0.4199999999975575,0.42,0.42,0.42,covered,0.9999999999969601
quadratic_chain,coupling,3,QuadraticCoupling,0.1879513633610752,0.8173667405184811,0.2999999999986122,0.30000000000027754,0.2999999999994449,0.3,0.3,0.3,covered,1.0000000000009253
quadratic_chain,coupling,4,QuadraticCoupling,0.8173667405184811,0.4856932354700067,0.3599999999995004,0.36000000000027754,0.35999999999988896,0.36,0.36,0.36,covered,1.000000000000771
quadratic_chain,coupling,5,QuadraticCoupling,0.4856932354700067,0.16477557872523205,0.4200000000005551,0.4200000000005551,0.4200000000005551,0.42,0.42,0.42,covered,1.0000000000013216
quadratic_chain,coupling,6,QuadraticCoupling,0.16477557872523205,0.43703364363399816,0.3,0.3,0.3,0.3,0.3,0.3,covered,1.0
quadratic_chain,coupling,7,QuadraticCoupling,0.43703364363399816,0.4466838789927611,0.35999999999999566,0.35999999999999566,0.35999999999999566,0.36,0.36,0.36,covered,0.999999999999988
quadratic_chain,coupling,8,QuadraticCoupling,0.4466838789927611,0.6181085392628347,0.4199999999998612,0.420000000000111,0.4199999999999861,0.42,0.42,0.42,covered,1.0000000000002642
quadratic_chain,coupling,9,QuadraticCoupling,0.6181085392628347,0.24238445287659893,0.30000000000027754,0.3,0.30000000000013877,0.3,0.3,0.3,covered,1.0000000000009253
quadratic_chain,coupling,10,QuadraticCoupling,0.24238445287659893,0.6000708189110187,0.35999999999888976,0.36000000000088817,0.35999999999988896,0.36,0.36,0.36,covered,1.0000000000024671
mixed_gate_chain,module,0,QuadraticWell,0.940063788177018,,0.25,,,0.25,,,covered,1.0
mixed_gate_chain,module,1,QuadraticWell,0.872006481804008,,0.34258774617989884,,,0.34258774618003096,,,covered,0.9999999999996143
mixed_gate_chain,module,2,QuadraticWell,0.5356742585986218,,0.46946545533074696,,,0.46946545533085315,,,covered,0.9999999999997738
mixed_gate_chain,module,3,QuadraticWell,0.9155955505420955,,0.6433324490047599,,,0.6433324490047159,,,covered,1.0000000000000686
mixed_gate_chain,module,4,QuadraticWell,0.22158829812410974,,0.8815912549966564,,,0.8815912549960212,,,covered,1.0000000000007205
mixed_gate_chain,module,5,QuadraticWell,0.9795121133889388,,1.2080894444043724,,,1.2080894444044474,,,covered,0.9999999999999378
mixed_gate_chain,module,6,QuadraticWell,0.6941196446052222,,1.6555065597701326,,,1.6555065597696212,,,covered,1.0000000000003089
mixed_gate_chain,module,7,QuadraticWell,0.4265747635077827,,2.268625044385915,,,2.268625044390925,,,covered,0.9999999999977918
mixed_gate_chain,module,8,QuadraticWell,0.6579368097581262,,3.108812563548939,,,3.1088125635418384,,,covered,1.000000000002284
mixed_gate_chain,module,9,QuadraticWell,0.07262513350585165,,4.260164357751659,,,4.260164357759851,,,covered,0.9999999999980771
mixed_gate_chain,module,10,QuadraticWell,0.8679598261006072,,5.8379204227287165,,,5.8379204227257855,,,covered,1.000000000000502
mixed_gate_chain,module,11,QuadraticWell,0.8241305865119027,,8.0,,,8.0,,,covered,1.0
mixed_gate_chain,coupling,0,QuadraticCoupling,0.940063788177018,0.872006481804008,0.2999999999999306,0.2999999999999306,0.2999999999999306,0.3,0.3,0.3,covered,0.9999999999997687
mixed_gate_chain,coupling,1,QuadraticCoupling,0.872006481804008,0.5356742585986218,0.3600000000001943,0.3600000000001943,0.3600000000001943,0.36,0.36,0.36,covered,1.0000000000005398
mixed_gate_chain,coupling,2,QuadraticCoupling,0.5356742585986218,0.9155955505420955,0.420000000000111,0.420000000000111,0.420000000000111,0.42,0.42,0.42,covered,1.0000000000002642
mixed_gate_chain,coupling,3,QuadraticCoupling,0.9155955505420955,0.22158829812410974,0.30000000000027754,0.2999999999986122,0.2999999999994449,0.3,0.3,0.3,covered,1.0000000000009253
mixed_gate_chain,coupling,4,QuadraticCoupling,0.22158829812410974,0.9795121133889388,0.3600000000016653,0.36000000000088817,0.36000000000127674,0.36,0.36,0.36,covered,1.0000000000046259
mixed_gate_chain,coupling,5,QuadraticCoupling,0.9795121133889388,0.6941196446052222,0.420000000000111,0.420000000000111,0.420000000000111,0.42,0.42,0.42,covered,1.0000000000002642
mixed_gate_chain,coupling,6,QuadraticCoupling,0.6941196446052222,0.4265747635077827,0.30000000000027754,0.3,0.30000000000013877,0.3,0.3,0.3,covered,1.0000000000009253
mixed_gate_chain,coupling,7,QuadraticCoupling,0.4265747635077827,0.6579368097581262,0.35999999999958365,0.3600000000001943,0.35999999999988896,0.36,0.36,0.36,covered,1.0000000000005398
mixed_gate_chain,coupling,8,QuadraticCoupling,0.6579368097581262,0.07262513350585165,0.41999999999872323,0.4199999999969746,0.4199999999978489,0.42,0.42,0.42,covered,0.9999999999969601
mixed_gate_chain,coupling,9,QuadraticCoupling,0.07262513350585165,0.8679598261006072,0.29999999999902854,0.30000000000027754,0.29999999999965304,0.3,0.3,0.3,covered,1.0000000000009253
mixed_gate_chain,coupling,10,QuadraticCoupling,0.8679598261006072,0.8241305865119027,0.3600000000000208,0.3600000000000208,0.3600000000000208,0.36,0.36,0.36,covered,1.0000000000000577
mixed_gate_chain,coupling,11,GateBenefitCoupling,0.940063788177018,0.872006481804008,0.0,0.0,0.0,0.0,0.0,0.0,covered,0.0
mixed_gate_chain,coupling,12,GateBenefitCoupling,0.5356742585986218,0.9155955505420955,0.0,0.0,0.0,0.0,0.0,0.0,covered,0.0
mixed_gate_chain,coupling,13,GateBenefitCoupling,0.22158829812410974,0.9795121133889388,0.0,0.0,0.0,0.0,0.0,0.0,covered,0.0
mixed_gate_chain,coupling,14,GateBenefitCoupling,0.6941196446052222,0.4265747635077827,0.0,0.0,0.0,0.0,0.0,0.0,covered,0.0
mixed_gate_chain,coupling,15,GateBenefitCoupling,0.6579368097581262,0.07262513350585165,0.0,0.0,0.0,0.0,0.0,0.0,covered,0.0
mixed_gate_chain,coupling,16,GateBenefitCoupling,0.8679598261006072,0.8241305865119027,0.0,0.0,0.0,0.0,0.0,0.0,covered,0.0
mixed_gate_chain,module,0,QuadraticWell,0.8774467942178347,,0.25,,,0.25,,,covered,1.0
mixed_gate_chain,module,1,QuadraticWell,0.6332299360967224,,0.3425877461800723,,,0.34258774618003096,,,covered,1.0000000000001208
mixed_gate_chain,module,2,QuadraticWell,0.10179937937803285,,0.46946545533156797,,,0.46946545533085315,,,covered,1.0000000000015226
mixed_gate_chain,module,3,QuadraticWell,0.19044077616398483,,0.6433324490046582,,,0.6433324490047159,,,covered,0.9999999999999104
mixed_gate_chain,module,4,QuadraticWell,0.6913436767637839,,0.881591254995999,,,0.8815912549960212,,,covered,0.9999999999999748
mixed_gate_chain,module,5,QuadraticWell,0.2000476653071986,,1.2080894444032173,,,1.2080894444044474,,,covered,0.9999999999989817
mixed_gate_chain,module,6,QuadraticWell,0.22838897476037137,,1.6555065597706573,,,1.6555065597696212,,,covered,1.0000000000006257
mixed_gate_chain,module,7,QuadraticWell,0.7631871008144321,,2.268625044390919,,,2.268625044390925,,,covered,0.9999999999999974
mixed_gate_chain,module,8,QuadraticWell,0.9512652845172346,,3.108812563548939,,,3.1088125635418384,,,covered,1.000000000002284
mixed_gate_chain,module,9,QuadraticWell,0.5147785647354907,,4.260164357759681,,,4.260164357759851,,,covered,0.9999999999999601
mixed_gate_chain,module,10,QuadraticWell,0.5444359520571104,,5.837920422725941,,,5.8379204227257855,,,covered,1.0000000000000266
mixed_gate_chain,module,11,QuadraticWell,0.7685818394642231,,8.0,,,8.0,,,covered,1.0
mixed_gate_chain,coupling,0,QuadraticCoupling,0.8774467942178347,0.6332299360967224,0.29999999999958366,0.29999999999958366,0.29999999999958366,0.3,0.3,0.3,covered,0.9999999999986122
mixed_gate_chain,coupling,1,QuadraticCoupling,0.6332299360967224,0.10179937937803285,0.36000000000088817,0.35999999999938936,0.36000000000013876,0.36,0.36,0.36,covered,1.0000000000024671
mixed_gate_chain,coupling,2,QuadraticCoupling,0.10179937937803285,0.19044077616398483,0.4199999999997502,0.4199999999998612,0.4199999999998057,0.42,0.42,0.42,covered,0.9999999999996696
mixed_gate_chain,coupling,3,QuadraticCoupling,0.19044077616398483,0.6913436767637839,0.3,0.30000000000027754,0.30000000000013877,0.3,0.3,0.3,covered,1.0000000000009253
mixed_gate_chain,coupling,4,QuadraticCoupling,0.6913436767637839,0.2000476653071986,0.3599999999995004,0.36000000000027754,0.35999999999988896,0.36,0.36,0.36,covered,1.000000000000771
mixed_gate_chain,coupling,5,QuadraticCoupling,0.2000476653071986,0.22838897476037137,0.4200000000000347,0.4200000000000347,0.4200000000000347,0.42,0.42,0.42,covered,1.0000000000000826
mixed_gate_chain,coupling,6,QuadraticCoupling,0.22838897476037137,0.7631871008144321,0.3,0.30000000000027754,0.30000000000013877,0.3,0.3,0.3,covered,1.0000000000009253
mixed_gate_chain,coupling,7,QuadraticCoupling,0.7631871008144321,0.9512652845172346,0.3600000000001943,0.3600000000001943,0.3600000000001943,0.36,0.36,0.36,covered,1.0000000000005398
mixed_gate_chain,coupling,8,QuadraticCoupling,0.9512652845172346,0.5147785647354907,0.420000000000111,0.420000000000111,0.420000000000111,0.42,0.42,0.42,covered,1.0000000000002642
mixed_gate_chain,coupling,9,QuadraticCoupling,0.5147785647354907,0.5444359520571104,0.30000000000001736,0.30000000000001736,0.30000000000001736,0.3,0.3,0.3,covered,1.000000000000058
mixed_gate_chain,coupling,10,QuadraticCoupling,0.5444359520571104,0.7685818394642231,0.3600000000001943,0.3600000000001943,0.3600000000001943,0.36,0.36,0.36,covered,1.0000000000005398
mixed_gate_chain,coupling,11,GateBenefitCoupling,0.8774467942178347,0.6332299360967224,0.0,0.0,0.0,0.0,0.0,0.0,covered,0.0
mixed_gate_chain,coupling,12,GateBenefitCoupling,0.10179937937803285,0.19044077616398483,0.0,0.0,0.0,0.0,0.0,0.0,covered,0.0
mixed_gate_chain,coupling,13,GateBenefitCoupling,0.6913436767637839,0.2000476653071986,0.0,0.0,0.0,0.0,0.0,0.0,covered,0.0
mixed_gate_chain,coupling,14,GateBenefitCoupling,0.22838897476037137,0.7631871008144321,0.0,0.0,0.0,0.0,0.0,0.0,covered,0.0
mixed_gate_chain,coupling,15,GateBenefitCoupling,0.9512652845172346,0.5147785647354907,0.0,0.0,0.0,0.0,0.0,0.0,covered,0.0
mixed_gate_chain,coupling,16,GateBenefitCoupling,0.5444359520571104,0.7685818394642231,0.0,0.0,0.0,0.0,0.0,0.0,covered,0.0
mixed_gate_chain,module,0,QuadraticWell,0.13237278815983083,,0.25,,,0.25,,,covered,1.0
mixed_gate_chain,module,1,QuadraticWell,0.7003041259619067,,0.3425877461800723,,,0.34258774618003096,,,covered,1.0000000000001208
mixed_gate_chain,module,2,QuadraticWell,0.263880934950515,,0.46946545533091644,,,0.46946545533085315,,,covered,1.0000000000001348
mixed_gate_chain,module,3,QuadraticWell,0.30227061458639115,,0.6433324490046582,,,0.6433324490047159,,,covered,0.9999999999999104
mixed_gate_chain,module,4,QuadraticWell,0.5838791114333237,,0.881591254995999,,,0.8815912549960212,,,covered,0.9999999999999748
mixed_gate_chain,module,5,QuadraticWell,0.2686318158819548,,1.2080894444032173,,,1.2080894444044474,,,covered,0.9999999999989817
mixed_gate_chain,module,6,QuadraticWell,0.15443672465716002,,1.6555065597706573,,,1.6555065597696212,,,covered,1.0000000000006257
mixed_gate_chain,module,7,QuadraticWell,0.8335007708140436,,2.2686250443915696,,,2.268625044390925,,,covered,1.0000000000002842
mixed_gate_chain,module,8,QuadraticWell,0.5946226687919492,,3.1088125635378367,,,3.1088125635418384,,,covered,0.9999999999987128
mixed_gate_chain,module,9,QuadraticWell,0.4876118434780453,,4.260164357759624,,,4.260164357759851,,,covered,0.9999999999999468
mixed_gate_chain,module,10,QuadraticWell,0.7808877889378297,,5.8379204227287165,,,5.8379204227257855,,,covered,1.000000000000502
mixed_gate_chain,module,11,QuadraticWell,0.21060499952641945,,8.0,,,8.0,,,covered,1.0
mixed_gate_chain,coupling,0,QuadraticCoupling,0.13237278815983083,0.7003041259619067,0.3,0.30000000000027754,0.30000000000013877,0.3,0.3,0.3,covered,1.0000000000009253
mixed_gate_chain,coupling,1,QuadraticCoupling,0.7003041259619067,0.263880934950515,0.3599999999995004,0.36000000000027754,0.35999999999988896,0.36,0.36,0.36,covered,1.000000000000771
mixed_gate_chain,coupling,2,QuadraticCoupling,0.263880934950515,0.30227061458639115,0.4200000000000347,0.4200000000000347,0.4200000000000347,0.42,0.42,0.42,covered,1.0000000000000826
mixed_gate_chain,coupling,3,QuadraticCoupling,0.30227061458639115,0.5838791114333237,0.3,0.29999999999958366,0.2999999999997918,0.3,0.3,0.3,covered,1.0
mixed_gate_chain,coupling,4,QuadraticCoupling,0.5838791114333237,0.2686318158819548,0.3600000000001943,0.36000000000027754,0.3600000000002359,0.36,0.36,0.36,covered,1.000000000000771
mixed_gate_chain,coupling,5,QuadraticCoupling,0.2686318158819548,0.15443672465716002,0.42000000000020815,0.42000000000020815,0.42000000000020815,0.42,0.42,0.42,covered,1.0000000000004956
mixed_gate_chain,coupling,6,QuadraticCoupling,0.15443672465716002,0.8335007708140436,0.3,0.30000000000027754,0.30000000000013877,0.3,0.3,0.3,covered,1.0000000000009253
mixed_gate_chain,coupling,7,QuadraticCoupling,0.8335007708140436,0.5946226687919492,0.3600000000001943,0.3600000000001943,0.3600000000001943,0.36,0.36,0.36,covered,1.0000000000005398
mixed_gate_chain,coupling,8,QuadraticCoupling,0.5946226687919492,0.4876118434780453,0.420000000000111,0.4199999999998612,0.4199999999999861,0.42,0.42,0.42,covered,1.0000000000002642
mixed_gate_chain,coupling,9,QuadraticCoupling,0.4876118434780453,0.7808877889378297,0.3,0.30000000000027754,0.30000000000013877,0.3,0.3,0.3,covered,1.0000000000009253
mixed_gate_chain,coupling,10,QuadraticCoupling,0.7808877889378297,0.21060499952641945,0.36000000000088817,0.36000000000027754,0.36000000000058285,0.36,0.36,0.36,covered,1.0000000000024671
mixed_gate_chain,coupling,11,GateBenefitCoupling,0.13237278815983083,0.7003041259619067,0.0,0.0,0.0,0.0,0.0,0.0,covered,0.0
mixed_gate_chain,coupling,12,GateBenefitCoupling,0.263880934950515,0.30227061458639115,0.0,0.0,0.0,0.0,0.0,0.0,covered,0.0
mixed_gate_chain,coupling,13,GateBenefitCoupling,0.5838791114333237,0.2686318158819548,0.0,0.0,0.0,0.0,0.0,0.0,covered,0.0
mixed_gate_chain,coupling,14,GateBenefitCoupling,0.15443672465716002,0.8335007708140436,0.0,0.0,0.0,0.0,0.0,0.0,covered,0.0
mixed_gate_chain,coupling,15,GateBenefitCoupling,0.5946226687919492,0.4876118434780453,0.0,0.0,0.0,0.0,0.0,0.0,covered,0.0
mixed_gate_chain,coupling,16,GateBenefitCoupling,0.7808877889378297,0.21060499952641945,0.0,0.0,0.0,0.0,0.0,0.0,covered,0.0
mixed_gate_chain,module,0,QuadraticWell,0.5012278006366974,,0.25,,,0.25,,,covered,1.0
mixed_gate_chain,module,1,QuadraticWell,0.18826302641976986,,0.34258774617955834,,,0.34258774618003096,,,covered,0.9999999999986204
mixed_gate_chain,module,2,QuadraticWell,0.8653400910520522,,0.46946545533213474,,,0.46946545533085315,,,covered,1.0000000000027298
mixed_gate_chain,module,3,QuadraticWell,0.7338855097130501,,0.6433324490047599,,,0.6433324490047159,,,covered,1.0000000000000686
mixed_gate_chain,module,4,QuadraticWell,0.1316794197982879,,0.8815912549966564,,,0.8815912549960212,,,covered,1.0000000000007205
mixed_gate_chain,module,5,QuadraticWell,0.16060191524527087,,1.2080894444059929,,,1.2080894444044474,,,covered,1.0000000000012792
mixed_gate_chain,module,6,QuadraticWell,0.8380053962460807,,1.6555065597696124,,,1.6555065597696212,,,covered,0.9999999999999947
mixed_gate_chain,module,7,QuadraticWell,0.7436265068344986,,2.2686250443908755,,,2.268625044390925,,,covered,0.9999999999999782
mixed_gate_chain,module,8,QuadraticWell,0.17132227626867924,,3.1088125635419166,,,3.1088125635418384,,,covered,1.000000000000025
mixed_gate_chain,module,9,QuadraticWell,0.47171784546068224,,4.260164357759624,,,4.260164357759851,,,covered,0.9999999999999468
mixed_gate_chain,module,10,QuadraticWell,0.04694246905117417,,5.8379204227447685,,,5.8379204227257855,,,covered,1.0000000000032516
mixed_gate_chain,module,11,QuadraticWell,0.8767460537798566,,8.0,,,8.0,,,covered,1.0
mixed_gate_chain,coupling,0,QuadraticCoupling,0.5012278006366974,0.18826302641976986,0.29999999999958366,0.3,0.2999999999997918,0.3,0.3,0.3,covered,1.0
mixed_gate_chain,coupling,1,QuadraticCoupling,0.18826302641976986,0.8653400910520522,0.36000000000027754,0.36000000000088817,0.36000000000058285,0.36,0.36,0.36,covered,1.0000000000024671
mixed_gate_chain,coupling,2,QuadraticCoupling,0.8653400910520522,0.7338855097130501,0.420000000000111,0.420000000000111,0.420000000000111,0.42,0.42,0.42,covered,1.0000000000002642
mixed_gate_chain,coupling,3,QuadraticCoupling,0.7338855097130501,0.1316794197982879,0.30000000000027754,0.2999999999986122,0.2999999999994449,0.3,0.3,0.3,covered,1.0000000000009253
mixed_gate_chain,coupling,4,QuadraticCoupling,0.1316794197982879,0.16060191524527087,0.36000000000001736,0.36000000000001736,0.36000000000001736,0.36,0.36,0.36,covered,1.0000000000000482
mixed_gate_chain,coupling,5,QuadraticCoupling,0.16060191524527087,0.8380053962460807,0.41999999999777954,0.420000000000111,0.4199999999989453,0.42,0.42,0.42,covered,1.0000000000002642
mixed_gate_chain,coupling,6,QuadraticCoupling,0.8380053962460807,0.7436265068344986,0.3000000000001041,0.3000000000001041,0.3000000000001041,0.3,0.3,0.3,covered,1.000000000000347
mixed_gate_chain,coupling,7,QuadraticCoupling,0.7436265068344986,0.17132227626867924,0.3599999999995004,0.359999999997502,0.3599999999985012,0.36,0.36,0.36,covered,0.9999999999986122
mixed_gate_chain,coupling,8,QuadraticCoupling,0.17132227626867924,0.47171784546068224,0.4200000000005551,0.4200000000005551,0.4200000000005551,0.42,0.42,0.42,covered,1.0000000000013216
mixed_gate_chain,coupling,9,QuadraticCoupling,0.47171784546068224,0.04694246905117417,0.3,0.30000000000020816,0.3000000000001041,0.3,0.3,0.3,covered,1.000000000000694
mixed_gate_chain,coupling,10,QuadraticCoupling,0.04694246905117417,0.8767460537798566,0.3600000000019151,0.36000000000088817,0.36000000000140164,0.36,0.36,0.36,covered,1.0000000000053197
mixed_gate_chain,coupling,11,GateBenefitCoupling,0.5012278006366974,0.18826302641976986,0.0,0.0,0.0,0.0,0.0,0.0,covered,0.0
mixed_gate_chain,coupling,12,GateBenefitCoupling,0.8653400910520522,0.7338855097130501,0.0,0.0,0.0,0.0,0.0,0.0,covered,0.0
mixed_gate_chain,coupling,13,GateBenefitCoupling,0.1316794197982879,0.16060191524527087,0.0,0.0,0.0,0.0,0.0,0.0,covered,0.0
mixed_gate_chain,coupling,14,GateBenefitCoupling,0.8380053962460807,0.7436265068344986,0.0,0.0,0.0,0.0,0.0,0.0,covered,0.0
mixed_gate_chain,coupling,15,GateBenefitCoupling,0.17132227626867924,0.47171784546068224,0.0,0.0,0.0,0.0,0.0,0.0,covered,0.0
mixed_gate_chain,coupling,16,GateBenefitCoupling,0.04694246905117417,0.8767460537798566,0.0,0.0,0.0,0.0,0.0,0.0,covered,0.0
mixed_gate_chain,module,0,QuadraticWell,0.1151783908674573,,0.25000000000034694,,,0.25,,,covered,1.0000000000013878
mixed_gate_chain,module,1,QuadraticWell,0.3549092933296615,,0.3425877461809461,,,0.34258774618003096,,,covered,1.0000000000026712
mixed_gate_chain,module,2,QuadraticWell,0.030352577061778234,,0.4694654553314051,,,0.46946545533085315,,,covered,1.0000000000011757
mixed_gate_chain,module,3,QuadraticWell,0.6432630636414648,,0.6433324490047599,,,0.6433324490047159,,,covered,1.0000000000000686
mixed_gate_chain,module,4,QuadraticWell,0.12354052484069136,,0.8815912549951043,,,0.8815912549960212,,,covered,0.9999999999989599
mixed_gate_chain,module,5,QuadraticWell,0.025968829995540545,,1.2080894444100259,,,1.2080894444044474,,,covered,1.0000000000046176
mixed_gate_chain,module,6,QuadraticWell,0.16330557767931395,,1.6555065597706573,,,1.6555065597696212,,,covered,1.0000000000006257
mixed_gate_chain,module,7,QuadraticWell,0.5159759250369319,,2.2686250443929574,,,2.268625044390925,,,covered,1.000000000000896
mixed_gate_chain,module,8,QuadraticWell,0.0946732924604807,,3.108812563541547,,,3.1088125635418384,,,covered,0.9999999999999063
mixed_gate_chain,module,9,QuadraticWell,0.9777041341786984,,4.260164357758293,,,4.260164357759851,,,covered,0.9999999999996343
mixed_gate_chain,module,10,QuadraticWell,0.14335115890935027,,5.837920422718514,,,5.8379204227257855,,,covered,0.9999999999987544
mixed_gate_chain,module,11,QuadraticWell,0.13030731670965573,,8.0,,,8.0,,,covered,1.0
mixed_gate_chain,coupling,0,QuadraticCoupling,0.1151783908674573,0.3549092933296615,0.3000000000004163,0.3,0.30000000000020816,0.3,0.3,0.3,covered,1.0000000000013878
mixed_gate_chain,coupling,1,QuadraticCoupling,0.3549092933296615,0.030352577061778234,0.36000000000027754,0.36000000000065224,0.3600000000004649,0.36,0.36,0.36,covered,1.0000000000018119
mixed_gate_chain,coupling,2,QuadraticCoupling,0.030352577061778234,0.6432630636414648,0.42000000000099225,0.420000000000111,0.4200000000005516,0.42,0.42,0.42,covered,1.0000000000023626
mixed_gate_chain,coupling,3,QuadraticCoupling,0.6432630636414648,0.12354052484069136,0.30000000000027754,0.3000000000004163,0.30000000000034693,0.3,0.3,0.3,covered,1.0000000000013878
mixed_gate_chain,coupling,4,QuadraticCoupling,0.12354052484069136,0.025968829995540545,0.36000000000008325,0.3600000000003053,0.3600000000001943,0.36,0.36,0.36,covered,1.000000000000848
mixed_gate_chain,coupling,5,QuadraticCoupling,0.025968829995540545,0.16330557767931395,0.4199999999999514,0.4199999999998612,0.41999999999990634,0.42,0.42,0.42,covered,0.9999999999998843
mixed_gate_chain,coupling,6,QuadraticCoupling,0.16330557767931395,0.5159759250369319,0.3,0.30000000000027754,0.30000000000013877,0.3,0.3,0.3,covered,1.0000000000009253
mixed_gate_chain,coupling,7,QuadraticCoupling,0.5159759250369319,0.0946732924604807,0.3599999999995004,0.35999999999938936,0.3599999999994449,0.36,0.36,0.36,covered,0.9999999999986122
mixed_gate_chain,coupling,8,QuadraticCoupling,0.0946732924604807,0.9777041341786984,0.42000000000113796,0.420000000000111,0.4200000000006245,0.42,0.42,0.42,covered,1.0000000000027094
mixed_gate_chain,coupling,9,QuadraticCoupling,0.9777041341786984,0.14335115890935027,0.29999999999888977,0.3,0.2999999999994449,0.3,0.3,0.3,covered,1.0
mixed_gate_chain,coupling,10,QuadraticCoupling,0.14335115890935027,0.13030731670965573,0.36000000000001736,0.36000000000001736,0.36000000000001736,0.36,0.36,0.36,covered,1.0000000000000482
mixed_gate_chain,coupling,11,GateBenefitCoupling,0.1151783908674573,0.3549092933296615,0.0,0.0,0.0,0.0,0.0,0.0,covered,0.0
mixed_gate_chain,coupling,12,GateBenefitCoupling,0.030352577061778234,0.6432630636414648,0.0,0.0,0.0,0.0,0.0,0.0,covered,0.0
mixed_gate_chain,coupling,13,GateBenefitCoupling,0.12354052484069136,0.025968829995540545,0.0,0.0,0.0,0.0,0.0,0.0,covered,0.0
mixed_gate_chain,coupling,14,GateBenefitCoupling,0.16330557767931395,0.5159759250369319,0.0,0.0,0.0,0.0,0.0,0.0,covered,0.0
mixed_gate_chain,coupling,15,GateBenefitCoupling,0.0946732924604807,0.9777041341786984,0.0,0.0,0.0,0.0,0.0,0.0,covered,0.0
mixed_gate_chain,coupling,16,GateBenefitCoupling,0.14335115890935027,0.13030731670965573,0.0,0.0,0.0,0.0,0.0,0.0,covered,0.0
mixed_gate_chain,module,0,QuadraticWell,0.45610133448200657,,0.25,,,0.25,,,covered,1.0
mixed_gate_chain,module,1,QuadraticWell,0.7486562804062036,,0.34258774617989884,,,0.34258774618003096,,,covered,0.9999999999996143
mixed_gate_chain,module,2,QuadraticWell,0.37812138329148665,,0.46946545533091644,,,0.46946545533085315,,,covered,1.0000000000001348
mixed_gate_chain,module,3,QuadraticWell,0.920182785518913,,0.6433324490047599,,,0.6433324490047159,,,covered,1.0000000000000686
mixed_gate_chain,module,4,QuadraticWell,0.2970912129446933,,0.8815912549966564,,,0.8815912549960212,,,covered,1.0000000000007205
mixed_gate_chain,module,5,QuadraticWell,0.8413773509477505,,1.2080894444043724,,,1.2080894444044474,,,covered,0.9999999999999378
mixed_gate_chain,module,6,QuadraticWell,0.8944913362296214,,1.6555065597694387,,,1.6555065597696212,,,covered,0.9999999999998898
mixed_gate_chain,module,7,QuadraticWell,0.5899230390023106,,2.2686250443929574,,,2.268625044390925,,,covered,1.000000000000896
mixed_gate_chain,module,8,QuadraticWell,0.8054384846630385,,3.108812563548939,,,3.1088125635418384,,,covered,1.000000000002284
mixed_gate_chain,module,9,QuadraticWell,0.8586026656491066,,4.260164357758293,,,4.260164357759851,,,covered,0.9999999999996343
mixed_gate_chain,module,10,QuadraticWell,0.9460675969365039,,5.8379204227287165,,,5.8379204227257855,,,covered,1.000000000000502
mixed_gate_chain,module,11,QuadraticWell,0.5270603008684742,,8.0,,,8.0,,,covered,1.0
mixed_gate_chain,coupling,0,QuadraticCoupling,0.45610133448200657,0.7486562804062036,0.3,0.30000000000027754,0.30000000000013877,0.3,0.3,0.3,covered,1.0000000000009253
mixed_gate_chain,coupling,1,QuadraticCoupling,0.7486562804062036,0.37812138329148665,0.36000000000088817,0.35999999999888976,0.35999999999988896,0.36,0.36,0.36,covered,1.0000000000024671
mixed_gate_chain,coupling,2,QuadraticCoupling,0.37812138329148665,0.920182785518913,0.4199999999991673,0.420000000000111,0.41999999999963916,0.42,0.42,0.42,covered,1.0000000000002642
mixed_gate_chain,coupling,3,QuadraticCoupling,0.920182785518913,0.2970912129446933,0.30000000000027754,0.30000000000138777,0.30000000000083266,0.3,0.3,0.3,covered,1.0000000000046259
mixed_gate_chain,coupling,4,QuadraticCoupling,0.2970912129446933,0.8413773509477505,0.35999999999888976,0.36000000000088817,0.35999999999988896,0.36,0.36,0.36,covered,1.0000000000024671
mixed_gate_chain,coupling,5,QuadraticCoupling,0.8413773509477505,0.8944913362296214,0.41999999999993753,0.41999999999993753,0.41999999999993753,0.42,0.42,0.42,covered,0.9999999999998513
mixed_gate_chain,coupling,6,QuadraticCoupling,0.8944913362296214,0.5899230390023106,0.29999999999958366,0.29999999999958366,0.29999999999958366,0.3,0.3,0.3,covered,0.9999999999986122
mixed_gate_chain,coupling,7,QuadraticCoupling,0.5899230390023106,0.8054384846630385,0.3599999999995004,0.3599999999995004,0.3599999999995004,0.36,0.36,0.36,covered,0.9999999999986122
mixed_gate_chain,coupling,8,QuadraticCoupling,0.8054384846630385,0.8586026656491066,0.420000000000111,0.420000000000111,0.420000000000111,0.42,0.42,0.42,covered,1.0000000000002642
mixed_gate_chain,coupling,9,QuadraticCoupling,0.8586026656491066,0.9460675969365039,0.2999999999999306,0.2999999999999306,0.2999999999999306,0.3,0.3,0.3,covered,0.9999999999997687
mixed_gate_chain,coupling,10,QuadraticCoupling,0.9460675969365039,0.5270603008684742,0.3599999999995004,0.3599999999995004,0.3599999999995004,0.36,0.36,0.36,covered,0.9999999999986122
mixed_gate_chain,coupling,11,GateBenefitCoupling,0.45610133448200657,0.7486562804062036,0.0,0.0,0.0,0.0,0.0,0.0,covered,0.0
mixed_gate_chain,coupling,12,GateBenefitCoupling,0.37812138329148665,0.920182785518913,0.0,0.0,0.0,0.0,0.0,0.0,covered,0.0
mixed_gate_chain,coupling,13,GateBenefitCoupling,0.2970912129446933,0.8413773509477505,0.0,0.0,0.0,0.0,0.0,0.0,covered,0.0
mixed_gate_chain,coupling,14,GateBenefitCoupling,0.8944913362296214,0.5899230390023106,0.0,0.0,0.0,0.0,0.0,0.0,covered,0.0
mixed_gate_chain,coupling,15,GateBenefitCoupling,0.8054384846630385,0.8586026656491066,0.0,0.0,0.0,0.0,0.0,0.0,covered,0.0
mixed_gate_chain,coupling,16,GateBenefitCoupling,0.9460675969365039,0.5270603008684742,0.0,0.0,0.0,0.0,0.0,0.0,covered,0.0
mixed_gate_chain,module,0,QuadraticWell,0.7277541620055179,,0.25,,,0.25,,,covered,1.0
mixed_gate_chain,module,1,QuadraticWell,0.506760910083588,,0.3425877461800723,,,0.34258774618003096,,,covered,1.0000000000001208
mixed_gate_chain,module,2,QuadraticWell,0.2945186575739491,,0.46946545533086226,,,0.46946545533085315,,,covered,1.0000000000000193
mixed_gate_chain,module,3,QuadraticWell,0.25188825774371015,,0.6433324490047233,,,0.6433324490047159,,,covered,1.0000000000000115
mixed_gate_chain,module,4,QuadraticWell,0.9229831042146965,,0.881591254995999,,,0.8815912549960212,,,covered,0.9999999999999748
mixed_gate_chain,module,5,QuadraticWell,0.4521232498221894,,1.2080894444039112,,,1.2080894444044474,,,covered,0.9999999999995561
mixed_gate_chain,module,6,QuadraticWell,0.6565195958662762,,1.6555065597687448,,,1.6555065597696212,,,covered,0.9999999999994706
mixed_gate_chain,module,7,QuadraticWell,0.3920622825244461,,2.268625044385915,,,2.268625044390925,,,covered,0.9999999999977918
mixed_gate_chain,module,8,QuadraticWell,0.8588357599641915,,3.108812563548939,,,3.1088125635418384,,,covered,1.000000000002284
mixed_gate_chain,module,9,QuadraticWell,0.3617583672047171,,4.2601643577624,,,4.260164357759851,,,covered,1.0000000000005984
mixed_gate_chain,module,10,QuadraticWell,0.6406694966473426,,5.8379204227287165,,,5.8379204227257855,,,covered,1.000000000000502
mixed_gate_chain,module,11,QuadraticWell,0.24634597789567939,,8.0,,,8.0,,,covered,1.0
mixed_gate_chain,coupling,0,QuadraticCoupling,0.7277541620055179,0.506760910083588,0.30000000000027754,0.30000000000027754,0.30000000000027754,0.3,0.3,0.3,covered,1.0000000000009253
mixed_gate_chain,coupling,1,QuadraticCoupling,0.506760910083588,0.2945186575739491,0.3600000000001943,0.35999999999958365,0.35999999999988896,0.36,0.36,0.36,covered,1.0000000000005398
mixed_gate_chain,coupling,2,QuadraticCoupling,0.2945186575739491,0.25188825774371015,0.4199999999998612,0.4199999999998612,0.4199999999998612,0.42,0.42,0.42,covered,0.9999999999996696
mixed_gate_chain,coupling,3,QuadraticCoupling,0.25188825774371015,0.9229831042146965,0.2999999999986122,0.30000000000027754,0.2999999999994449,0.3,0.3,0.3,covered,1.0000000000009253
mixed_gate_chain,coupling,4,QuadraticCoupling,0.9229831042146965,0.4521232498221894,0.36000000000088817,0.35999999999888976,0.35999999999988896,0.36,0.36,0.36,covered,1.0000000000024671
mixed_gate_chain,coupling,5,QuadraticCoupling,0.4521232498221894,0.6565195958662762,0.4199999999998612,0.420000000000111,0.4199999999999861,0.42,0.42,0.42,covered,1.0000000000002642
mixed_gate_chain,coupling,6,QuadraticCoupling,0.6565195958662762,0.3920622825244461,0.29999999999958366,0.3,0.2999999999997918,0.3,0.3,0.3,covered,1.0
mixed_gate_chain,coupling,7,QuadraticCoupling,0.3920622825244461,0.8588357599641915,0.36000000000027754,0.3599999999995004,0.35999999999988896,0.36,0.36,0.36,covered,1.000000000000771
mixed_gate_chain,coupling,8,QuadraticCoupling,0.8588357599641915,0.3617583672047171,0.420000000000111,0.4200000000005551,0.42000000000033305,0.42,0.42,0.42,covered,1.0000000000013216
mixed_gate_chain,coupling,9,QuadraticCoupling,0.3617583672047171,0.6406694966473426,0.3,0.30000000000027754,0.30000000000013877,0.3,0.3,0.3,covered,1.0000000000009253
mixed_gate_chain,coupling,10,QuadraticCoupling,0.6406694966473426,0.24634597789567939,0.3599999999995004,0.35999999999888976,0.3599999999991951,0.36,0.36,0.36,covered,0.9999999999986122
mixed_gate_chain,coupling,11,GateBenefitCoupling,0.7277541620055179,0.506760910083588,0.0,0.0,0.0,0.0,0.0,0.0,covered,0.0
mixed_gate_chain,coupling,12,GateBenefitCoupling,0.2945186575739491,0.25188825774371015,0.0,0.0,0.0,0.0,0.0,0.0,covered,0.0
mixed_gate_chain,coupling,13,GateBenefitCoupling,0.9229831042146965,0.4521232498221894,0.0,0.0,0.0,0.0,0.0,0.0,covered,0.0
mixed_gate_chain,coupling,14,GateBenefitCoupling,0.6565195958662762,0.3920622825244461,0.0,0.0,0.0,0.0,0.0,0.0,covered,0.0
mixed_gate_chain,coupling,15,GateBenefitCoupling,0.8588357599641915,0.3617583672047171,0.0,0.0,0.0,0.0,0.0,0.0,covered,0.0
mixed_gate_chain,coupling,16,GateBenefitCoupling,0.6406694966473426,0.24634597789567939,0.0,0.0,0.0,0.0,0.0,0.0,covered,0.0
mixed_gate_chain,module,0,QuadraticWell,0.9041510530056418,,0.25,,,0.25,,,covered,1.0
mixed_gate_chain,module,1,QuadraticWell,0.9433072226482222,,0.3425877461800723,,,0.34258774618003096,,,covered,1.0000000000001208
mixed_gate_chain,module,2,QuadraticWell,0.5378636511835291,,0.46946545533074696,,,0.46946545533085315,,,covered,0.9999999999997738
mixed_gate_chain,module,3,QuadraticWell,0.5014914585609491,,0.6433324490047599,,,0.6433324490047159,,,covered,1.0000000000000686
mixed_gate_chain,module,4,QuadraticWell,0.8772842618032453,,0.881591254995999,,,0.8815912549960212,,,covered,0.9999999999999748
mixed_gate_chain,module,5,QuadraticWell,0.6295420983953941,,1.2080894444043724,,,1.2080894444044474,,,covered,0.9999999999999378
mixed_gate_chain,module,6,QuadraticWell,0.3753840124356505,,1.6555065597706573,,,1.6555065597696212,,,covered,1.0000000000006257
mixed_gate_chain,module,7,QuadraticWell,0.045277707912362214,,2.2686250443874894,,,2.268625044390925,,,covered,0.9999999999984857
mixed_gate_chain,module,8,QuadraticWell,0.09725889119084818,,3.108812563541547,,,3.1088125635418384,,,covered,0.9999999999999063
mixed_gate_chain,module,9,QuadraticWell,0.6551057677047117,,4.260164357758293,,,4.260164357759851,,,covered,0.9999999999996343
mixed_gate_chain,module,10,QuadraticWell,0.6808802096909333,,5.8379204227287165,,,5.8379204227257855,,,covered,1.000000000000502
mixed_gate_chain,module,11,QuadraticWell,0.9551288149965604,,8.0,,,8.0,,,covered,1.0
mixed_gate_chain,coupling,0,QuadraticCoupling,0.9041510530056418,0.9433072226482222,0.30000000000001736,0.30000000000001736,0.30000000000001736,0.3,0.3,0.3,covered,1.000000000000058
mixed_gate_chain,coupling,1,QuadraticCoupling,0.9433072226482222,0.5378636511835291,0.3599999999995004,0.3599999999995004,0.3599999999995004,0.36,0.36,0.36,covered,0.9999999999986122
mixed_gate_chain,coupling,2,QuadraticCoupling,0.5378636511835291,0.5014914585609491,0.41999999999993753,0.41999999999993753,0.41999999999993753,0.42,0.42,0.42,covered,0.9999999999998513
mixed_gate_chain,coupling,3,QuadraticCoupling,0.5014914585609491,0.8772842618032453,0.30000000000027754,0.30000000000027754,0.30000000000027754,0.3,0.3,0.3,covered,1.0000000000009253
mixed_gate_chain,coupling,4,QuadraticCoupling,0.8772842618032453,0.6295420983953941,0.3600000000001943,0.3600000000001943,0.3600000000001943,0.36,0.36,0.36,covered,1.0000000000005398
mixed_gate_chain,coupling,5,QuadraticCoupling,0.6295420983953941,0.3753840124356505,0.420000000000111,0.4200000000005551,0.42000000000033305,0.42,0.42,0.42,covered,1.0000000000013216
mixed_gate_chain,coupling,6,QuadraticCoupling,0.3753840124356505,0.045277707912362214,0.3,0.29999999999951427,0.2999999999997571,0.3,0.3,0.3,covered,1.0
mixed_gate_chain,coupling,7,QuadraticCoupling,0.045277707912362214,0.09725889119084818,0.3600000000000069,0.3599999999999098,0.35999999999995835,0.36,0.36,0.36,covered,1.0000000000000193
mixed_gate_chain,coupling,8,QuadraticCoupling,0.09725889119084818,0.6551057677047117,0.4199999999983624,0.420000000000111,0.4199999999992367,0.42,0.42,0.42,covered,1.0000000000002642
mixed_gate_chain,coupling,9,QuadraticCoupling,0.6551057677047117,0.6808802096909333,0.29999999999997395,0.29999999999997395,0.29999999999997395,0.3,0.3,0.3,covered,0.9999999999999132
mixed_gate_chain,coupling,10,QuadraticCoupling,0.6808802096909333,0.9551288149965604,0.3600000000001943,0.3600000000001943,0.3600000000001943,0.36,0.36,0.36,covered,1.0000000000005398
mixed_gate_chain,coupling,11,GateBenefitCoupling,0.9041510530056418,0.9433072226482222,0.0,0.0,0.0,0.0,0.0,0.0,covered,0.0
mixed_gate_chain,coupling,12,GateBenefitCoupling,0.5378636511835291,0.5014914585609491,0.0,0.0,0.0,0.0,0.0,0.0,covered,0.0
mixed_gate_chain,coupling,13,GateBenefitCoupling,0.8772842618032453,0.6295420983953941,0.0,0.0,0.0,0.0,0.0,0.0,covered,0.0
mixed_gate_chain,coupling,14,GateBenefitCoupling,0.3753840124356505,0.045277707912362214,0.0,0.0,0.0,0.0,0.0,0.0,covered,0.0
mixed_gate_chain,coupling,15,GateBenefitCoupling,0.09725889119084818,0.6551057677047117,0.0,0.0,0.0,0.0,0.0,0.0,covered,0.0
mixed_gate_chain,coupling,16,GateBenefitCoupling,0.6808802096909333,0.9551288149965604,0.0,0.0,0.0,0.0,0.0,0.0,covered,0.0
mixed_gate_chain,module,0,QuadraticWell,0.6124196001274709,,0.25,,,0.25,,,covered,1.0
mixed_gate_chain,module,1,QuadraticWell,0.3359327656470269,,0.3425877461809461,,,0.34258774618003096,,,covered,1.0000000000026712
mixed_gate_chain,module,2,QuadraticWell,0.7433605503721341,,0.46946545533074696,,,0.46946545533085315,,,covered,0.9999999999997738
mixed_gate_chain,module,3,QuadraticWell,0.3493956698519504,,0.6433324490046582,,,0.6433324490047159,,,covered,0.9999999999999104
mixed_gate_chain,module,4,QuadraticWell,0.7351692178230144,,0.881591254995999,,,0.8815912549960212,,,covered,0.9999999999999748
mixed_gate_chain,module,5,QuadraticWell,0.08707957428525763,,1.2080894444048937,,,1.2080894444044474,,,covered,1.0000000000003695
mixed_gate_chain,module,6,QuadraticWell,0.420769520924127,,1.6555065597651062,,,1.6555065597696212,,,covered,0.9999999999972727
mixed_gate_chain,module,7,QuadraticWell,0.2590065353411596,,2.268625044374813,,,2.268625044390925,,,covered,0.9999999999928979
mixed_gate_chain,module,8,QuadraticWell,0.2952294757552973,,3.1088125635400083,,,3.1088125635418384,,,covered,0.9999999999994114
mixed_gate_chain,module,9,QuadraticWell,0.20045468974400327,,4.260164357756849,,,4.260164357759851,,,covered,0.9999999999992953
mixed_gate_chain,module,10,QuadraticWell,0.2720874357278958,,5.837920422729616,,,5.8379204227257855,,,covered,1.0000000000006561
mixed_gate_chain,module,11,QuadraticWell,0.16167685892157346,,8.0,,,8.0,,,covered,1.0
mixed_gate_chain,coupling,0,QuadraticCoupling,0.6124196001274709,0.3359327656470269,0.30000000000027754,0.3,0.30000000000013877,0.3,0.3,0.3,covered,1.0000000000009253
mixed_gate_chain,coupling,1,QuadraticCoupling,0.3359327656470269,0.7433605503721341,0.36000000000027754,0.3599999999995004,0.35999999999988896,0.36,0.36,0.36,covered,1.000000000000771
mixed_gate_chain,coupling,2,QuadraticCoupling,0.7433605503721341,0.3493956698519504,0.420000000000111,0.4199999999991673,0.41999999999963916,0.42,0.42,0.42,covered,1.0000000000002642
mixed_gate_chain,coupling,3,QuadraticCoupling,0.3493956698519504,0.7351692178230144,0.3,0.30000000000027754,0.30000000000013877,0.3,0.3,0.3,covered,1.0000000000009253
mixed_gate_chain,coupling,4,QuadraticCoupling,0.7351692178230144,0.08707957428525763,0.3599999999995004,0.36000000000077714,0.36000000000013876,0.36,0.36,0.36,covered,1.0000000000021587
mixed_gate_chain,coupling,5,QuadraticCoupling,0.08707957428525763,0.420769520924127,0.4199999999997502,0.4199999999991673,0.41999999999945875,0.42,0.42,0.42,covered,0.9999999999994053
mixed_gate_chain,coupling,6,QuadraticCoupling,0.420769520924127,0.2590065353411596,0.3,0.3,0.3,0.3,0.3,0.3,covered,1.0
mixed_gate_chain,coupling,7,QuadraticCoupling,0.2590065353411596,0.2952294757552973,0.36000000000001736,0.36000000000001736,0.36000000000001736,0.36,0.36,0.36,covered,1.0000000000000482
mixed_gate_chain,coupling,8,QuadraticCoupling,0.2952294757552973,0.20045468974400327,0.4199999999998612,0.4199999999998612,0.4199999999998612,0.42,0.42,0.42,covered,0.9999999999996696
mixed_gate_chain,coupling,9,QuadraticCoupling,0.20045468974400327,0.2720874357278958,0.3,0.3,0.3,0.3,0.3,0.3,covered,1.0
mixed_gate_chain,coupling,10,QuadraticCoupling,0.2720874357278958,0.16167685892157346,0.3599999999999306,0.3599999999999306,0.3599999999999306,0.36,0.36,0.36,covered,0.9999999999998073
mixed_gate_chain,coupling,11,GateBenefitCoupling,0.6124196001274709,0.3359327656470269,0.0,0.0,0.0,0.0,0.0,0.0,covered,0.0
mixed_gate_chain,coupling,12,GateBenefitCoupling,0.7433605503721341,0.3493956698519504,0.0,0.0,0.0,0.0,0.0,0.0,covered,0.0
mixed_gate_chain,coupling,13,GateBenefitCoupling,0.7351692178230144,0.08707957428525763,0.0,0.0,0.0,0.0,0.0,0.0,covered,0.0
mixed_gate_chain,coupling,14,GateBenefitCoupling,0.420769520924127,0.2590065353411596,0.0,0.0,0.0,0.0,0.0,0.0,covered,0.0
mixed_gate_chain,coupling,15,GateBenefitCoupling,0.2952294757552973,0.20045468974400327,0.0,0.0,0.0,0.0,0.0,0.0,covered,0.0
mixed_gate_chain,coupling,16,GateBenefitCoupling,0.2720874357278958,0.16167685892157346,0.0,0.0,0.0,0.0,0.0,0.0,covered,0.0
mixed_gate_chain,module,0,QuadraticWell,0.08203896485494035,,0.24999999999895917,,,0.25,,,covered,0.9999999999958367
mixed_gate_chain,module,1,QuadraticWell,0.921140090125817,,0.3425877461800723,,,0.34258774618003096,,,covered,1.0000000000001208
mixed_gate_chain,module,2,QuadraticWell,0.28123590824800354,,0.46946545533091644,,,0.46946545533085315,,,covered,1.0000000000001348
mixed_gate_chain,module,3,QuadraticWell,0.3384055601709796,,0.6433324490046582,,,0.6433324490047159,,,covered,0.9999999999999104
mixed_gate_chain,module,4,QuadraticWell,0.965273748369972,,0.881591254995999,,,0.8815912549960212,,,covered,0.9999999999999748
mixed_gate_chain,module,5,QuadraticWell,0.3015728240897483,,1.2080894444032173,,,1.2080894444044474,,,covered,0.9999999999989817
mixed_gate_chain,module,6,QuadraticWell,0.08125083132178532,,1.6555065597729548,,,1.6555065597696212,,,covered,1.0000000000020137
mixed_gate_chain,module,7,QuadraticWell,0.2875471737368525,,2.268625044385915,,,2.268625044390925,,,covered,0.9999999999977918
mixed_gate_chain,module,8,QuadraticWell,0.6954886896189851,,3.1088125635378367,,,3.1088125635418384,,,covered,0.9999999999987128
mixed_gate_chain,module,9,QuadraticWell,0.5345202111451877,,4.260164357759681,,,4.260164357759851,,,covered,0.9999999999999601
mixed_gate_chain,module,10,QuadraticWell,0.09194374424807436,,5.837920422726615,,,5.8379204227257855,,,covered,1.000000000000142
mixed_gate_chain,module,11,QuadraticWell,0.6752630422544164,,8.0,,,8.0,,,covered,1.0
mixed_gate_chain,coupling,0,QuadraticCoupling,0.08203896485494035,0.921140090125817,0.3000000000004163,0.3000000000016653,0.3000000000010408,0.3,0.3,0.3,covered,1.0000000000055511
mixed_gate_chain,coupling,1,QuadraticCoupling,0.921140090125817,0.28123590824800354,0.36000000000088817,0.36000000000027754,0.36000000000058285,0.36,0.36,0.36,covered,1.0000000000024671
mixed_gate_chain,coupling,2,QuadraticCoupling,0.28123590824800354,0.3384055601709796,0.4200000000000347,0.4200000000000347,0.4200000000000347,0.42,0.42,0.42,covered,1.0000000000000826
mixed_gate_chain,coupling,3,QuadraticCoupling,0.3384055601709796,0.965273748369972,0.3,0.29999999999888977,0.2999999999994449,0.3,0.3,0.3,covered,1.0
mixed_gate_chain,coupling,4,QuadraticCoupling,0.965273748369972,0.3015728240897483,0.36000000000088817,0.35999999999888976,0.35999999999988896,0.36,0.36,0.36,covered,1.0000000000024671
mixed_gate_chain,coupling,5,QuadraticCoupling,0.3015728240897483,0.08125083132178532,0.4199999999998612,0.4199999999997502,0.4199999999998057,0.42,0.42,0.42,covered,0.9999999999996696
mixed_gate_chain,coupling,6,QuadraticCoupling,0.08125083132178532,0.2875471737368525,0.29999999999972243,0.3,0.2999999999998612,0.3,0.3,0.3,covered,1.0
mixed_gate_chain,coupling,7,QuadraticCoupling,0.2875471737368525,0.6954886896189851,0.36000000000027754,0.3599999999995004,0.35999999999988896,0.36,0.36,0.36,covered,1.000000000000771
mixed_gate_chain,coupling,8,QuadraticCoupling,0.6954886896189851,0.5345202111451877,0.420000000000111,0.420000000000111,0.420000000000111,0.42,0.42,0.42,covered,1.0000000000002642
mixed_gate_chain,coupling,9,QuadraticCoupling,0.5345202111451877,0.09194374424807436,0.30000000000027754,0.3000000000004163,0.30000000000034693,0.3,0.3,0.3,covered,1.0000000000013878
mixed_gate_chain,coupling,10,QuadraticCoupling,0.09194374424807436,0.6752630422544164,0.36000000000077714,0.36000000000088817,0.36000000000083265,0.36,0.36,0.36,covered,1.0000000000024671
mixed_gate_chain,coupling,11,GateBenefitCoupling,0.08203896485494035,0.921140090125817,0.0,0.0,0.0,0.0,0.0,0.0,covered,0.0
mixed_gate_chain,coupling,12,GateBenefitCoupling,0.28123590824800354,0.3384055601709796,0.0,0.0,0.0,0.0,0.0,0.0,covered,0.0
mixed_gate_chain,coupling,13,GateBenefitCoupling,0.965273748369972,0.3015728240897483,0.0,0.0,0.0,0.0,0.0,0.0,covered,0.0
mixed_gate_chain,coupling,14,GateBenefitCoupling,0.08125083132178532,0.2875471737368525,0.0,0.0,0.0,0.0,0.0,0.0,covered,0.0
mixed_gate_chain,coupling,15,GateBenefitCoupling,0.6954886896189851,0.5345202111451877,0.0,0.0,0.0,0.0,0.0,0.0,covered,0.0
mixed_gate_chain,coupling,16,GateBenefitCoupling,0.09194374424807436,0.6752630422544164,0.0,0.0,0.0,0.0,0.0,0.0,covered,0.0
mixed_gate_chain,module,0,QuadraticWell,0.5857409645363282,,0.25,,,0.25,,,covered,1.0
mixed_gate_chain,module,1,QuadraticWell,0.7363446392478783,,0.34258774617989884,,,0.34258774618003096,,,covered,0.9999999999996143
mixed_gate_chain,module,2,QuadraticWell,0.5455284167767032,,0.46946545533074696,,,0.46946545533085315,,,covered,0.9999999999997738
mixed_gate_chain,module,3,QuadraticWell,0.12976777078959917,,0.6433324490046582,,,0.6433324490047159,,,covered,0.9999999999999104
mixed_gate_chain,module,4,QuadraticWell,0.3437534693088046,,0.8815912549952686,,,0.8815912549960212,,,covered,0.9999999999991462
mixed_gate_chain,module,5,QuadraticWell,0.13028243403612524,,1.2080894444032173,,,1.2080894444044474,,,covered,0.9999999999989817
mixed_gate_chain,module,6,QuadraticWell,0.3519748663780264,,1.6555065597651062,,,1.6555065597696212,,,covered,0.9999999999972727
mixed_gate_chain,module,7,QuadraticWell,0.11365962267279776,,2.268625044400166,,,2.268625044390925,,,covered,1.0000000000040734
mixed_gate_chain,module,8,QuadraticWell,0.30682407510107995,,3.1088125635400083,,,3.1088125635418384,,,covered,0.9999999999994114
mixed_gate_chain,module,9,QuadraticWell,0.3634840080664872,,4.2601643577624,,,4.260164357759851,,,covered,1.0000000000005984
mixed_gate_chain,module,10,QuadraticWell,0.5634890810194656,,5.8379204227287165,,,5.8379204227257855,,,covered,1.000000000000502
mixed_gate_chain,module,11,QuadraticWell,0.28797282973806093,,8.0,,,8.0,,,covered,1.0
mixed_gate_chain,coupling,0,QuadraticCoupling,0.5857409645363282,0.7363446392478783,0.30000000000027754,0.30000000000027754,0.30000000000027754,0.3,0.3,0.3,covered,1.0000000000009253
mixed_gate_chain,coupling,1,QuadraticCoupling,0.7363446392478783,0.5455284167767032,0.3600000000001943,0.3600000000001943,0.3600000000001943,0.36,0.36,0.36,covered,1.0000000000005398
mixed_gate_chain,coupling,2,QuadraticCoupling,0.5455284167767032,0.12976777078959917,0.420000000000111,0.4200000000005551,0.42000000000033305,0.42,0.42,0.42,covered,1.0000000000013216
mixed_gate_chain,coupling,3,QuadraticCoupling,0.12976777078959917,0.3437534693088046,0.3,0.3,0.3,0.3,0.3,0.3,covered,1.0
mixed_gate_chain,coupling,4,QuadraticCoupling,0.3437534693088046,0.13028243403612524,0.36000000000027754,0.36000000000027754,0.36000000000027754,0.36,0.36,0.36,covered,1.000000000000771
mixed_gate_chain,coupling,5,QuadraticCoupling,0.13028243403612524,0.3519748663780264,0.4199999999998612,0.4199999999998612,0.4199999999998612,0.42,0.42,0.42,covered,0.9999999999996696
mixed_gate_chain,coupling,6,QuadraticCoupling,0.3519748663780264,0.11365962267279776,0.3,0.29999999999972243,0.2999999999998612,0.3,0.3,0.3,covered,1.0
mixed_gate_chain,coupling,7,QuadraticCoupling,0.11365962267279776,0.30682407510107995,0.36000000000008325,0.36000000000027754,0.3600000000001804,0.36,0.36,0.36,covered,1.000000000000771
mixed_gate_chain,coupling,8,QuadraticCoupling,0.30682407510107995,0.3634840080664872,0.4199999999998612,0.4199999999998612,0.4199999999998612,0.42,0.42,0.42,covered,0.9999999999996696
mixed_gate_chain,coupling,9,QuadraticCoupling,0.3634840080664872,0.5634890810194656,0.3,0.2999999999999306,0.2999999999999653,0.3,0.3,0.3,covered,1.0
mixed_gate_chain,coupling,10,QuadraticCoupling,0.5634890810194656,0.28797282973806093,0.3600000000001943,0.36000000000027754,0.3600000000002359,0.36,0.36,0.36,covered,1.000000000000771
mixed_gate_chain,coupling,11,GateBenefitCoupling,0.5857409645363282,0.7363446392478783,0.0,0.0,0.0,0.0,0.0,0.0,covered,0.0
mixed_gate_chain,coupling,12,GateBenefitCoupling,0.5455284167767032,0.12976777078959917,0.0,0.0,0.0,0.0,0.0,0.0,covered,0.0
mixed_gate_chain,coupling,13,GateBenefitCoupling,0.3437534693088046,0.13028243403612524,0.0,0.0,0.0,0.0,0.0,0.0,covered,0.0
mixed_gate_chain,coupling,14,GateBenefitCoupling,0.3519748663780264,0.11365962267279776,0.0,0.0,0.0,0.0,0.0,0.0,covered,0.0
mixed_gate_chain,coupling,15,GateBenefitCoupling,0.30682407510107995,0.3634840080664872,0.0,0.0,0.0,0.0,0.0,0.0,covered,0.0
mixed_gate_chain,coupling,16,GateBenefitCoupling,0.5634890810194656,0.28797282973806093,0.0,0.0,0.0,0.0,0.0,0.0,covered,0.0
mixed_gate_chain,module,0,QuadraticWell,0.05572056847904204,,0.2500000000001735,,,0.25,,,covered,1.000000000000694
mixed_gate_chain,module,1,QuadraticWell,0.7937186294004855,,0.34258774617998555,,,0.34258774618003096,,,covered,0.9999999999998674
mixed_gate_chain,module,2,QuadraticWell,0.07344176455062847,,0.4694654553308741,,,0.46946545533085315,,,covered,1.0000000000000446
mixed_gate_chain,module,3,QuadraticWell,0.5980470704235403,,0.6433324490047599,,,0.6433324490047159,,,covered,1.0000000000000686
mixed_gate_chain,module,4,QuadraticWell,0.6418476714203813,,0.881591254995999,,,0.8815912549960212,,,covered,0.9999999999999748
mixed_gate_chain,module,5,QuadraticWell,0.7039090253620948,,1.2080894444043724,,,1.2080894444044474,,,covered,0.9999999999999378
mixed_gate_chain,module,6,QuadraticWell,0.2930850486988427,,1.6555065597706573,,,1.6555065597696212,,,covered,1.0000000000006257
mixed_gate_chain,module,7,QuadraticWell,0.5417472714044427,,2.2686250443929574,,,2.268625044390925,,,covered,1.000000000000896
mixed_gate_chain,module,8,QuadraticWell,0.5292060318056373,,3.108812563548939,,,3.1088125635418384,,,covered,1.000000000002284
mixed_gate_chain,module,9,QuadraticWell,0.025221677178340087,,4.26016435775018,,,4.260164357759851,,,covered,0.99999999999773
mixed_gate_chain,module,10,QuadraticWell,0.13785165632682164,,5.837920422729616,,,5.8379204227257855,,,covered,1.0000000000006561
mixed_gate_chain,module,11,QuadraticWell,0.5746763018022788,,8.0,,,8.0,,,covered,1.0
mixed_gate_chain,coupling,0,QuadraticCoupling,0.05572056847904204,0.7937186294004855,0.30000000000020816,0.30000000000027754,0.30000000000024285,0.3,0.3,0.3,covered,1.0000000000009253
mixed_gate_chain,coupling,1,QuadraticCoupling,0.7937186294004855,0.07344176455062847,0.36000000000088817,0.35999999999938936,0.36000000000013876,0.36,0.36,0.36,covered,1.0000000000024671
mixed_gate_chain,coupling,2,QuadraticCoupling,0.07344176455062847,0.5980470704235403,0.42000000000113796,0.420000000000111,0.4200000000006245,0.42,0.42,0.42,covered,1.0000000000027094
mixed_gate_chain,coupling,3,QuadraticCoupling,0.5980470704235403,0.6418476714203813,0.30000000000001736,0.30000000000001736,0.30000000000001736,0.3,0.3,0.3,covered,1.000000000000058
mixed_gate_chain,coupling,4,QuadraticCoupling,0.6418476714203813,0.7039090253620948,0.3600000000000208,0.3600000000000208,0.3600000000000208,0.36,0.36,0.36,covered,1.0000000000000577
mixed_gate_chain,coupling,5,QuadraticCoupling,0.7039090253620948,0.2930850486988427,0.420000000000111,0.4200000000005551,0.42000000000033305,0.42,0.42,0.42,covered,1.0000000000013216
mixed_gate_chain,coupling,6,QuadraticCoupling,0.2930850486988427,0.5417472714044427,0.3,0.30000000000027754,0.30000000000013877,0.3,0.3,0.3,covered,1.0000000000009253
mixed_gate_chain,coupling,7,QuadraticCoupling,0.5417472714044427,0.5292060318056373,0.3600000000000208,0.3600000000000208,0.3600000000000208,0.36,0.36,0.36,covered,1.0000000000000577
mixed_gate_chain,coupling,8,QuadraticCoupling,0.5292060318056373,0.025221677178340087,0.420000000000111,0.42000000000099225,0.4200000000005516,0.42,0.42,0.42,covered,1.0000000000023626
mixed_gate_chain,coupling,9,QuadraticCoupling,0.025221677178340087,0.13785165632682164,0.2999999999999653,0.3,0.2999999999999826,0.3,0.3,0.3,covered,1.0
mixed_gate_chain,coupling,10,QuadraticCoupling,0.13785165632682164,0.5746763018022788,0.35999999999888976,0.3599999999995004,0.3599999999991951,0.36,0.36,0.36,covered,0.9999999999986122
mixed_gate_chain,coupling,11,GateBenefitCoupling,0.05572056847904204,0.7937186294004855,0.0,0.0,0.0,0.0,0.0,0.0,covered,0.0
mixed_gate_chain,coupling,12,GateBenefitCoupling,0.07344176455062847,0.5980470704235403,0.0,0.0,0.0,0.0,0.0,0.0,covered,0.0
mixed_gate_chain,coupling,13,GateBenefitCoupling,0.6418476714203813,0.7039090253620948,0.0,0.0,0.0,0.0,0.0,0.0,covered,0.0
mixed_gate_chain,coupling,14,GateBenefitCoupling,0.2930850486988427,0.5417472714044427,0.0,0.0,0.0,0.0,0.0,0.0,covered,0.0
mixed_gate_chain,coupling,15,GateBenefitCoupling,0.5292060318056373,0.025221677178340087,0.0,0.0,0.0,0.0,0.0,0.0,covered,0.0
mixed_gate_chain,coupling,16,GateBenefitCoupling,0.13785165632682164,0.5746763018022788,0.0,0.0,0.0,0.0,0.0,0.0,covered,0.0
mixed_gate_chain,module,0,QuadraticWell,0.677328535205958,,0.25,,,0.25,,,covered,1.0
mixed_gate_chain,module,1,QuadraticWell,0.05386089259151838,,0.34258774617979604,,,0.34258774618003096,,,covered,0.9999999999993142
mixed_gate_chain,module,2,QuadraticWell,0.19665955899000973,,0.46946545533091644,,,0.46946545533085315,,,covered,1.0000000000001348
mixed_gate_chain,module,3,QuadraticWell,0.8610509601766199,,0.6433324490047599,,,0.6433324490047159,,,covered,1.0000000000000686
mixed_gate_chain,module,4,QuadraticWell,0.6291484666714833,,0.8815912549963459,,,0.8815912549960212,,,covered,1.0000000000003684
mixed_gate_chain,module,5,QuadraticWell,0.8736487021856594,,1.2080894444043724,,,1.2080894444044474,,,covered,0.9999999999999378
mixed_gate_chain,module,6,QuadraticWell,0.26976829572532834,,1.6555065597762084,,,1.6555065597696212,,,covered,1.000000000003979
mixed_gate_chain,module,7,QuadraticWell,0.46080003463969915,,2.268625044391466,,,2.268625044390925,,,covered,1.0000000000002387
mixed_gate_chain,module,8,QuadraticWell,0.21949188852634005,,3.108812563541396,,,3.1088125635418384,,,covered,0.9999999999998577
mixed_gate_chain,module,9,QuadraticWell,0.32792668228936384,,4.260164357756849,,,4.260164357759851,,,covered,0.9999999999992953
mixed_gate_chain,module,10,QuadraticWell,0.03228491249651889,,5.837920422722564,,,5.8379204227257855,,,covered,0.9999999999994482
mixed_gate_chain,module,11,QuadraticWell,0.43361564835794125,,8.0,,,8.0,,,covered,1.0
mixed_gate_chain,coupling,0,QuadraticCoupling,0.677328535205958,0.05386089259151838,0.30000000000027754,0.2999999999988204,0.29999999999954896,0.3,0.3,0.3,covered,1.0000000000009253
mixed_gate_chain,coupling,1,QuadraticCoupling,0.05386089259151838,0.19665955899000973,0.3600000000001804,0.3599999999999306,0.3600000000000555,0.36,0.36,0.36,covered,1.0000000000005012
mixed_gate_chain,coupling,2,QuadraticCoupling,0.19665955899000973,0.8610509601766199,0.4200000000005551,0.420000000000111,0.42000000000033305,0.42,0.42,0.42,covered,1.0000000000013216
mixed_gate_chain,coupling,3,QuadraticCoupling,0.8610509601766199,0.6291484666714833,0.29999999999958366,0.29999999999958366,0.29999999999958366,0.3,0.3,0.3,covered,0.9999999999986122
mixed_gate_chain,coupling,4,QuadraticCoupling,0.6291484666714833,0.8736487021856594,0.3600000000001943,0.3600000000001943,0.3600000000001943,0.36,0.36,0.36,covered,1.0000000000005398
mixed_gate_chain,coupling,5,QuadraticCoupling,0.8736487021856594,0.26976829572532834,0.420000000000111,0.41999999999777954,0.4199999999989453,0.42,0.42,0.42,covered,1.0000000000002642
mixed_gate_chain,coupling,6,QuadraticCoupling,0.26976829572532834,0.46080003463969915,0.3,0.3,0.3,0.3,0.3,0.3,covered,1.0
mixed_gate_chain,coupling,7,QuadraticCoupling,0.46080003463969915,0.21949188852634005,0.36000000000027754,0.36000000000027754,0.36000000000027754,0.36,0.36,0.36,covered,1.000000000000771
mixed_gate_chain,coupling,8,QuadraticCoupling,0.21949188852634005,0.32792668228936384,0.42000000000020815,0.42000000000020815,0.42000000000020815,0.42,0.42,0.42,covered,1.0000000000004956
mixed_gate_chain,coupling,9,QuadraticCoupling,0.32792668228936384,0.03228491249651889,0.3,0.30000000000020816,0.3000000000001041,0.3,0.3,0.3,covered,1.000000000000694
mixed_gate_chain,coupling,10,QuadraticCoupling,0.03228491249651889,0.43361564835794125,0.36000000000052734,0.36000000000027754,0.36000000000040244,0.36,0.36,0.36,covered,1.0000000000014648
mixed_gate_chain,coupling,11,GateBenefitCoupling,0.677328535205958,0.05386089259151838,0.0,0.0,0.0,0.0,0.0,0.0,covered,0.0
mixed_gate_chain,coupling,12,GateBenefitCoupling,0.19665955899000973,0.8610509601766199,0.0,0.0,0.0,0.0,0.0,0.0,covered,0.0
mixed_gate_chain,coupling,13,GateBenefitCoupling,0.6291484666714833,0.8736487021856594,0.0,0.0,0.0,0.0,0.0,0.0,covered,0.0
mixed_gate_chain,coupling,14,GateBenefitCoupling,0.26976829572532834,0.46080003463969915,0.0,0.0,0.0,0.0,0.0,0.0,covered,0.0
mixed_gate_chain,coupling,15,GateBenefitCoupling,0.21949188852634005,0.32792668228936384,0.0,0.0,0.0,0.0,0.0,0.0,covered,0.0
mixed_gate_chain,coupling,16,GateBenefitCoupling,0.03228491249651889,0.43361564835794125,0.0,0.0,0.0,0.0,0.0,0.0,covered,0.0
mixed_gate_chain,module,0,QuadraticWell,0.18834764281131536,,0.25,,,0.25,,,covered,1.0
mixed_gate_chain,module,1,QuadraticWell,0.15686173105076098,,0.3425877461809461,,,0.34258774618003096,,,covered,1.0000000000026712
mixed_gate_chain,module,2,QuadraticWell,0.5973120835557937,,0.46946545533074696,,,0.46946545533085315,,,covered,0.9999999999997738
mixed_gate_chain,module,3,QuadraticWell,0.8843177364694212,,0.6433324490047599,,,0.6433324490047159,,,covered,1.0000000000000686
mixed_gate_chain,module,4,QuadraticWell,0.6721629904893712,,0.881591254995999,,,0.8815912549960212,,,covered,0.9999999999999748
mixed_gate_chain,module,5,QuadraticWell,0.11020350294639389,,1.2080894443993426,,,1.2080894444044474,,,covered,0.9999999999957745
mixed_gate_chain,module,6,QuadraticWell,0.8941791146911283,,1.6555065597694387,,,1.6555065597696212,,,covered,0.9999999999998898
mixed_gate_chain,module,7,QuadraticWell,0.9599224084590373,,2.268625044390182,,,2.268625044390925,,,covered,0.9999999999996725
mixed_gate_chain,module,8,QuadraticWell,0.6244328474239245,,3.1088125635378367,,,3.1088125635418384,,,covered,0.9999999999987128
mixed_gate_chain,module,9,QuadraticWell,0.47622133726550114,,4.260164357759624,,,4.260164357759851,,,covered,0.9999999999999468
mixed_gate_chain,module,10,QuadraticWell,0.5928263892679682,,5.8379204227287165,,,5.8379204227257855,,,covered,1.000000000000502
mixed_gate_chain,module,11,QuadraticWell,0.2595812322176957,,8.0,,,8.0,,,covered,1.0
mixed_gate_chain,coupling,0,QuadraticCoupling,0.18834764281131536,0.15686173105076098,0.3,0.3,0.3,0.3,0.3,0.3,covered,1.0
mixed_gate_chain,coupling,1,QuadraticCoupling,0.15686173105076098,0.5973120835557937,0.36000000000027754,0.3599999999995004,0.35999999999988896,0.36,0.36,0.36,covered,1.000000000000771
mixed_gate_chain,coupling,2,QuadraticCoupling,0.5973120835557937,0.8843177364694212,0.420000000000111,0.420000000000111,0.420000000000111,0.42,0.42,0.42,covered,1.0000000000002642
mixed_gate_chain,coupling,3,QuadraticCoupling,0.8843177364694212,0.6721629904893712,0.30000000000027754,0.30000000000027754,0.30000000000027754,0.3,0.3,0.3,covered,1.0000000000009253
mixed_gate_chain,coupling,4,QuadraticCoupling,0.6721629904893712,0.11020350294639389,0.36000000000088817,0.36000000000077714,0.36000000000083265,0.36,0.36,0.36,covered,1.0000000000024671
mixed_gate_chain,coupling,5,QuadraticCoupling,0.11020350294639389,0.8941791146911283,0.42000000000113796,0.420000000000111,0.4200000000006245,0.42,0.42,0.42,covered,1.0000000000027094
mixed_gate_chain,coupling,6,QuadraticCoupling,0.8941791146911283,0.9599224084590373,0.3000000000001041,0.3000000000001041,0.3000000000001041,0.3,0.3,0.3,covered,1.000000000000347
mixed_gate_chain,coupling,7,QuadraticCoupling,0.9599224084590373,0.6244328474239245,0.3600000000001943,0.3600000000001943,0.3600000000001943,0.36,0.36,0.36,covered,1.0000000000005398
mixed_gate_chain,coupling,8,QuadraticCoupling,0.6244328474239245,0.47622133726550114,0.420000000000111,0.42000000000020815,0.4200000000001596,0.42,0.42,0.42,covered,1.0000000000004956
mixed_gate_chain,coupling,9,QuadraticCoupling,0.47622133726550114,0.5928263892679682,0.3,0.2999999999999306,0.2999999999999653,0.3,0.3,0.3,covered,1.0
mixed_gate_chain,coupling,10,QuadraticCoupling,0.5928263892679682,0.2595812322176957,0.3600000000001943,0.35999999999958365,0.35999999999988896,0.36,0.36,0.36,covered,1.0000000000005398
mixed_gate_chain,coupling,11,GateBenefitCoupling,0.18834764281131536,0.15686173105076098,0.0,0.0,0.0,0.0,0.0,0.0,covered,0.0
mixed_gate_chain,coupling,12,GateBenefitCoupling,0.5973120835557937,0.8843177364694212,0.0,0.0,0.0,0.0,0.0,0.0,covered,0.0
mixed_gate_chain,coupling,13,GateBenefitCoupling,0.6721629904893712,0.11020350294639389,0.0,0.0,0.0,0.0,0.0,0.0,covered,0.0
mixed_gate_chain,coupling,14,GateBenefitCoupling,0.8941791146911283,0.9599224084590373,0.0,0.0,0.0,0.0,0.0,0.0,covered,0.0
mixed_gate_chain,coupling,15,GateBenefitCoupling,0.6244328474239245,0.47622133726550114,0.0,0.0,0.0,0.0,0.0,0.0,covered,0.0
mixed_gate_chain,coupling,16,GateBenefitCoupling,0.5928263892679682,0.2595812322176957,0.0,0.0,0.0,0.0,0.0,0.0,covered,0.0
mixed_gate_chain,module,0,QuadraticWell,0.14328624559442366,,0.25,,,0.25,,,covered,1.0
mixed_gate_chain,module,1,QuadraticWell,0.2828146876830593,,0.34258774617817056,,,0.34258774618003096,,,covered,0.9999999999945696
mixed_gate_chain,module,2,QuadraticWell,0.6436549744879192,,0.46946545533074696,,,0.46946545533085315,,,covered,0.9999999999997738
mixed_gate_chain,module,3,QuadraticWell,0.6274043769674432,,0.6433324490047599,,,0.6433324490047159,,,covered,1.0000000000000686
mixed_gate_chain,module,4,QuadraticWell,0.6051326066493657,,0.881591254995999,,,0.8815912549960212,,,covered,0.9999999999999748
mixed_gate_chain,module,5,QuadraticWell,0.14751294028668324,,1.2080894444059929,,,1.2080894444044474,,,covered,1.0000000000012792
mixed_gate_chain,module,6,QuadraticWell,0.8977181453918979,,1.6555065597694387,,,1.6555065597696212,,,covered,0.9999999999998898
mixed_gate_chain,module,7,QuadraticWell,0.21946721516131545,,2.2686250443970173,,,2.268625044390925,,,covered,1.0000000000026856
mixed_gate_chain,module,8,QuadraticWell,0.6573933278705427,,3.1088125635378367,,,3.1088125635418384,,,covered,0.9999999999987128
mixed_gate_chain,module,9,QuadraticWell,0.17390326802893777,,4.260164357756849,,,4.260164357759851,,,covered,0.9999999999992953
mixed_gate_chain,module,10,QuadraticWell,0.5781016388960472,,5.8379204227287165,,,5.8379204227257855,,,covered,1.000000000000502
mixed_gate_chain,module,11,QuadraticWell,0.6474735818457081,,8.0,,,8.0,,,covered,1.0
mixed_gate_chain,coupling,0,QuadraticCoupling,0.14328624559442366,0.2828146876830593,0.3,0.3,0.3,0.3,0.3,0.3,covered,1.0
mixed_gate_chain,coupling,1,QuadraticCoupling,0.2828146876830593,0.6436549744879192,0.36000000000027754,0.3599999999995004,0.35999999999988896,0.36,0.36,0.36,covered,1.000000000000771
mixed_gate_chain,coupling,2,QuadraticCoupling,0.6436549744879192,0.6274043769674432,0.41999999999998094,0.41999999999998094,0.41999999999998094,0.42,0.42,0.42,covered,0.9999999999999547
mixed_gate_chain,coupling,3,QuadraticCoupling,0.6274043769674432,0.6051326066493657,0.30000000000001736,0.30000000000001736,0.30000000000001736,0.3,0.3,0.3,covered,1.000000000000058
mixed_gate_chain,coupling,4,QuadraticCoupling,0.6051326066493657,0.14751294028668324,0.3599999999995004,0.36000000000027754,0.35999999999988896,0.36,0.36,0.36,covered,1.000000000000771
mixed_gate_chain,coupling,5,QuadraticCoupling,0.14751294028668324,0.8977181453918979,0.4200000000005551,0.420000000000111,0.42000000000033305,0.42,0.42,0.42,covered,1.0000000000013216
mixed_gate_chain,coupling,6,QuadraticCoupling,0.8977181453918979,0.21946721516131545,0.30000000000027754,0.3,0.30000000000013877,0.3,0.3,0.3,covered,1.0000000000009253
mixed_gate_chain,coupling,7,QuadraticCoupling,0.21946721516131545,0.6573933278705427,0.36000000000027754,0.3599999999995004,0.35999999999988896,0.36,0.36,0.36,covered,1.000000000000771
mixed_gate_chain,coupling,8,QuadraticCoupling,0.6573933278705427,0.17390326802893777,0.41999999999872323,0.4199999999991673,0.4199999999989453,0.42,0.42,0.42,covered,0.9999999999980175
mixed_gate_chain,coupling,9,QuadraticCoupling,0.17390326802893777,0.5781016388960472,0.3,0.30000000000027754,0.30000000000013877,0.3,0.3,0.3,covered,1.0000000000009253
mixed_gate_chain,coupling,10,QuadraticCoupling,0.5781016388960472,0.6474735818457081,0.3600000000000208,0.3600000000000208,0.3600000000000208,0.36,0.36,0.36,covered,1.0000000000000577
mixed_gate_chain,coupling,11,GateBenefitCoupling,0.14328624559442366,0.2828146876830593,0.0,0.0,0.0,0.0,0.0,0.0,covered,0.0
mixed_gate_chain,coupling,12,GateBenefitCoupling,0.6436549744879192,0.6274043769674432,0.0,0.0,0.0,0.0,0.0,0.0,covered,0.0
mixed_gate_chain,coupling,13,GateBenefitCoupling,0.6051326066493657,0.14751294028668324,0.0,0.0,0.0,0.0,0.0,0.0,covered,0.0
mixed_gate_chain,coupling,14,GateBenefitCoupling,0.8977181453918979,0.21946721516131545,0.0,0.0,0.0,0.0,0.0,0.0,covered,0.0
mixed_gate_chain,coupling,15,GateBenefitCoupling,0.6573933278705427,0.17390326802893777,0.0,0.0,0.0,0.0,0.0,0.0,covered,0.0
mixed_gate_chain,coupling,16,GateBenefitCoupling,0.5781016388960472,0.6474735818457081,0.0,0.0,0.0,0.0,0.0,0.0,covered,0.0
mixed_gate_chain,module,0,QuadraticWell,0.49156618129166213,,0.25,,,0.25,,,covered,1.0
mixed_gate_chain,module,1,QuadraticWell,0.970448254090933,,0.34258774617972537,,,0.34258774618003096,,,covered,0.999999999999108
mixed_gate_chain,module,2,QuadraticWell,0.35466455942801484,,0.46946545533091644,,,0.46946545533085315,,,covered,1.0000000000001348
mixed_gate_chain,module,3,QuadraticWell,0.926765245419669,,0.6433324490047599,,,0.6433324490047159,,,covered,1.0000000000000686
mixed_gate_chain,module,4,QuadraticWell,0.39195770335983876,,0.8815912549952686,,,0.8815912549960212,,,covered,0.9999999999991462
mixed_gate_chain,module,5,QuadraticWell,0.5836850657784282,,1.2080894444043724,,,1.2080894444044474,,,covered,0.9999999999999378
mixed_gate_chain,module,6,QuadraticWell,0.7128329331534723,,1.6555065597701326,,,1.6555065597696212,,,covered,1.0000000000003089
mixed_gate_chain,module,7,QuadraticWell,0.39134036321253357,,2.268625044391466,,,2.268625044390925,,,covered,1.0000000000002387
mixed_gate_chain,module,8,QuadraticWell,0.7096683913365774,,3.1088125635378367,,,3.1088125635418384,,,covered,0.9999999999987128
mixed_gate_chain,module,9,QuadraticWell,0.19943067525681638,,4.260164357767951,,,4.260164357759851,,,covered,1.0000000000019014
mixed_gate_chain,module,10,QuadraticWell,0.32201683986451896,,5.837920422724065,,,5.8379204227257855,,,covered,0.9999999999997053
mixed_gate_chain,module,11,QuadraticWell,0.9589205156742857,,8.0,,,8.0,,,covered,1.0
mixed_gate_chain,coupling,0,QuadraticCoupling,0.49156618129166213,0.970448254090933,0.3,0.30000000000027754,0.30000000000013877,0.3,0.3,0.3,covered,1.0000000000009253
mixed_gate_chain,coupling,1,QuadraticCoupling,0.970448254090933,0.35466455942801484,0.3599999999995004,0.36000000000027754,0.35999999999988896,0.36,0.36,0.36,covered,1.000000000000771
mixed_gate_chain,coupling,2,QuadraticCoupling,0.35466455942801484,0.926765245419669,0.4199999999991673,0.420000000000111,0.41999999999963916,0.42,0.42,0.42,covered,1.0000000000002642
mixed_gate_chain,coupling,3,QuadraticCoupling,0.926765245419669,0.39195770335983876,0.30000000000027754,0.3,0.30000000000013877,0.3,0.3,0.3,covered,1.0000000000009253
mixed_gate_chain,coupling,4,QuadraticCoupling,0.39195770335983876,0.5836850657784282,0.35999999999958365,0.3600000000001943,0.35999999999988896,0.36,0.36,0.36,covered,1.0000000000005398
mixed_gate_chain,coupling,5,QuadraticCoupling,0.5836850657784282,0.7128329331534723,0.41999999999976406,0.41999999999976406,0.41999999999976406,0.42,0.42,0.42,covered,0.9999999999994382
mixed_gate_chain,coupling,6,QuadraticCoupling,0.7128329331534723,0.39134036321253357,0.29999999999958366,0.3,0.2999999999997918,0.3,0.3,0.3,covered,1.0
mixed_gate_chain,coupling,7,QuadraticCoupling,0.39134036321253357,0.7096683913365774,0.36000000000027754,0.3600000000001943,0.3600000000002359,0.36,0.36,0.36,covered,1.000000000000771
mixed_gate_chain,coupling,8,QuadraticCoupling,0.7096683913365774,0.19943067525681638,0.420000000000111,0.4199999999991673,0.41999999999963916,0.42,0.42,0.42,covered,1.0000000000002642
mixed_gate_chain,coupling,9,QuadraticCoupling,0.19943067525681638,0.32201683986451896,0.3,0.3,0.3,0.3,0.3,0.3,covered,1.0
mixed_gate_chain,coupling,10,QuadraticCoupling,0.32201683986451896,0.9589205156742857,0.36000000000027754,0.3599999999995004,0.35999999999988896,0.36,0.36,0.36,covered,1.000000000000771
mixed_gate_chain,coupling,11,GateBenefitCoupling,0.49156618129166213,0.970448254090933,0.0,0.0,0.0,0.0,0.0,0.0,covered,0.0
mixed_gate_chain,coupling,12,GateBenefitCoupling,0.35466455942801484,0.926765245419669,0.0,0.0,0.0,0.0,0.0,0.0,covered,0.0
mixed_gate_chain,coupling,13,GateBenefitCoupling,0.39195770335983876,0.5836850657784282,0.0,0.0,0.0,0.0,0.0,0.0,covered,0.0
mixed_gate_chain,coupling,14,GateBenefitCoupling,0.7128329331534723,0.39134036321253357,0.0,0.0,0.0,0.0,0.0,0.0,covered,0.0
mixed_gate_chain,coupling,15,GateBenefitCoupling,0.7096683913365774,0.19943067525681638,0.0,0.0,0.0,0.0,0.0,0.0,covered,0.0
mixed_gate_chain,coupling,16,GateBenefitCoupling,0.32201683986451896,0.9589205156742857,0.0,0.0,0.0,0.0,0.0,0.0,covered,0.0
mixed_gate_chain,module,0,QuadraticWell,0.5388735048936987,,0.25,,,0.25,,,covered,1.0
mixed_gate_chain,module,1,QuadraticWell,0.03646748247656387,,0.34258774617979604,,,0.34258774618003096,,,covered,0.9999999999993142
mixed_gate_chain,module,2,QuadraticWell,0.17599904101281685,,0.4694654553305695,,,0.46946545533085315,,,covered,0.9999999999993958
mixed_gate_chain,module,3,QuadraticWell,0.42528389472619244,,0.6433324490046582,,,0.6433324490047159,,,covered,0.9999999999999104
mixed_gate_chain,module,4,QuadraticWell,0.31730472513297386,,0.8815912549966564,,,0.8815912549960212,,,covered,1.0000000000007205
mixed_gate_chain,module,5,QuadraticWell,0.45201431955146626,,1.208089444404605,,,1.2080894444044474,,,covered,1.0000000000001306
mixed_gate_chain,module,6,QuadraticWell,0.8024540550435577,,1.6555065597694387,,,1.6555065597696212,,,covered,0.9999999999998898
mixed_gate_chain,module,7,QuadraticWell,0.8778347546756088,,2.268625044390182,,,2.268625044390925,,,covered,0.9999999999996725
mixed_gate_chain,module,8,QuadraticWell,0.17925566269934248,,3.108812563541873,,,3.1088125635418384,,,covered,1.000000000000011
mixed_gate_chain,module,9,QuadraticWell,0.7915462978295508,,4.260164357758293,,,4.260164357759851,,,covered,0.9999999999996343
mixed_gate_chain,module,10,QuadraticWell,0.464043540020153,,5.8379204227258,,,5.8379204227257855,,,covered,1.0000000000000024
mixed_gate_chain,module,11,QuadraticWell,0.037827118261858174,,8.000000000005551,,,8.0,,,covered,1.000000000000694
mixed_gate_chain,coupling,0,QuadraticCoupling,0.5388735048936987,0.03646748247656387,0.30000000000027754,0.30000000000020816,0.30000000000024285,0.3,0.3,0.3,covered,1.0000000000009253
mixed_gate_chain,coupling,1,QuadraticCoupling,0.03646748247656387,0.17599904101281685,0.3600000000001804,0.3599999999999306,0.3600000000000555,0.36,0.36,0.36,covered,1.0000000000005012
mixed_gate_chain,coupling,2,QuadraticCoupling,0.17599904101281685,0.42528389472619244,0.4199999999998612,0.4199999999998612,0.4199999999998612,0.42,0.42,0.42,covered,0.9999999999996696
mixed_gate_chain,coupling,3,QuadraticCoupling,0.42528389472619244,0.31730472513297386,0.3,0.3,0.3,0.3,0.3,0.3,covered,1.0
mixed_gate_chain,coupling,4,QuadraticCoupling,0.31730472513297386,0.45201431955146626,0.3599999999999306,0.3599999999999306,0.3599999999999306,0.36,0.36,0.36,covered,0.9999999999998073
mixed_gate_chain,coupling,5,QuadraticCoupling,0.45201431955146626,0.8024540550435577,0.4200000000005551,0.420000000000111,0.42000000000033305,0.42,0.42,0.42,covered,1.0000000000013216
mixed_gate_chain,coupling,6,QuadraticCoupling,0.8024540550435577,0.8778347546756088,0.2999999999999306,0.2999999999999306,0.2999999999999306,0.3,0.3,0.3,covered,0.9999999999997687
mixed_gate_chain,coupling,7,QuadraticCoupling,0.8778347546756088,0.17925566269934248,0.3599999999981126,0.35999999999888976,0.3599999999985012,0.36,0.36,0.36,covered,0.999999999996916
mixed_gate_chain,coupling,8,QuadraticCoupling,0.17925566269934248,0.7915462978295508,0.4200000000005551,0.420000000000111,0.42000000000033305,0.42,0.42,0.42,covered,1.0000000000013216
mixed_gate_chain,coupling,9,QuadraticCoupling,0.7915462978295508,0.464043540020153,0.29999999999958366,0.3,0.2999999999997918,0.3,0.3,0.3,covered,1.0
mixed_gate_chain,coupling,10,QuadraticCoupling,0.464043540020153,0.037827118261858174,0.35999999999888976,0.35999999999913956,0.35999999999901466,0.36,0.36,0.36,covered,0.9999999999976099
mixed_gate_chain,coupling,11,GateBenefitCoupling,0.5388735048936987,0.03646748247656387,0.0,0.0,0.0,0.0,0.0,0.0,covered,0.0
mixed_gate_chain,coupling,12,GateBenefitCoupling,0.17599904101281685,0.42528389472619244,0.0,0.0,0.0,0.0,0.0,0.0,covered,0.0
mixed_gate_chain,coupling,13,GateBenefitCoupling,0.31730472513297386,0.45201431955146626,0.0,0.0,0.0,0.0,0.0,0.0,covered,0.0
mixed_gate_chain,coupling,14,GateBenefitCoupling,0.8024540550435577,0.8778347546756088,0.0,0.0,0.0,0.0,0.0,0.0,covered,0.0
mixed_gate_chain,coupling,15,GateBenefitCoupling,0.17925566269934248,0.7915462978295508,0.0,0.0,0.0,0.0,0.0,0.0,covered,0.0
mixed_gate_chain,coupling,16,GateBenefitCoupling,0.464043540020153,0.037827118261858174,0.0,0.0,0.0,0.0,0.0,0.0,covered,0.0
mixed_gate_chain,module,0,QuadraticWell,0.7436115836561534,,0.25,,,0.25,,,covered,1.0
mixed_gate_chain,module,1,QuadraticWell,0.5271141964716137,,0.3425877461800723,,,0.34258774618003096,,,covered,1.0000000000001208
mixed_gate_chain,module,2,QuadraticWell,0.2419472114974315,,0.46946545533091644,,,0.46946545533085315,,,covered,1.0000000000001348
mixed_gate_chain,module,3,QuadraticWell,0.9381982443947282,,0.6433324490047599,,,0.6433324490047159,,,covered,1.0000000000000686
mixed_gate_chain,module,4,QuadraticWell,0.24085750337622236,,0.8815912549938808,,,0.8815912549960212,,,covered,0.9999999999975722
mixed_gate_chain,module,5,QuadraticWell,0.7210633288974991,,1.2080894444043724,,,1.2080894444044474,,,covered,0.9999999999999378
mixed_gate_chain,module,6,QuadraticWell,0.8374933934507315,,1.6555065597696124,,,1.6555065597696212,,,covered,0.9999999999999947
mixed_gate_chain,module,7,QuadraticWell,0.6999603473082542,,2.2686250443915696,,,2.268625044390925,,,covered,1.0000000000002842
mixed_gate_chain,module,8,QuadraticWell,0.2873422737224829,,3.108812563542784,,,3.1088125635418384,,,covered,1.0000000000003042
mixed_gate_chain,module,9,QuadraticWell,0.22639031053779649,,4.260164357756849,,,4.260164357759851,,,covered,0.9999999999992953
mixed_gate_chain,module,10,QuadraticWell,0.8871953330834926,,5.837920422706512,,,5.8379204227257855,,,covered,0.9999999999966985
mixed_gate_chain,module,11,QuadraticWell,0.8239424424807409,,8.0,,,8.0,,,covered,1.0
mixed_gate_chain,coupling,0,QuadraticCoupling,0.7436115836561534,0.5271141964716137,0.30000000000027754,0.30000000000027754,0.30000000000027754,0.3,0.3,0.3,covered,1.0000000000009253
mixed_gate_chain,coupling,1,QuadraticCoupling,0.5271141964716137,0.2419472114974315,0.3599999999995004,0.35999999999958365,0.359999999999542,0.36,0.36,0.36,covered,0.9999999999988435
mixed_gate_chain,coupling,2,QuadraticCoupling,0.2419472114974315,0.9381982443947282,0.4200000000005551,0.420000000000111,0.42000000000033305,0.42,0.42,0.42,covered,1.0000000000013216
mixed_gate_chain,coupling,3,QuadraticCoupling,0.9381982443947282,0.24085750337622236,0.30000000000027754,0.2999999999986122,0.2999999999994449,0.3,0.3,0.3,covered,1.0000000000009253
mixed_gate_chain,coupling,4,QuadraticCoupling,0.24085750337622236,0.7210633288974991,0.36000000000027754,0.3599999999995004,0.35999999999988896,0.36,0.36,0.36,covered,1.000000000000771
mixed_gate_chain,coupling,5,QuadraticCoupling,0.7210633288974991,0.8374933934507315,0.420000000000111,0.420000000000111,0.420000000000111,0.42,0.42,0.42,covered,1.0000000000002642
mixed_gate_chain,coupling,6,QuadraticCoupling,0.8374933934507315,0.6999603473082542,0.2999999999999306,0.2999999999999306,0.2999999999999306,0.3,0.3,0.3,covered,0.9999999999997687
mixed_gate_chain,coupling,7,QuadraticCoupling,0.6999603473082542,0.2873422737224829,0.36000000000088817,0.35999999999888976,0.35999999999988896,0.36,0.36,0.36,covered,1.0000000000024671
mixed_gate_chain,coupling,8,QuadraticCoupling,0.2873422737224829,0.22639031053779649,0.4200000000000347,0.4200000000000347,0.4200000000000347,0.42,0.42,0.42,covered,1.0000000000000826
mixed_gate_chain,coupling,9,QuadraticCoupling,0.22639031053779649,0.8871953330834926,0.3,0.30000000000027754,0.30000000000013877,0.3,0.3,0.3,covered,1.0000000000009253
mixed_gate_chain,coupling,10,QuadraticCoupling,0.8871953330834926,0.8239424424807409,0.3600000000000208,0.3600000000000208,0.3600000000000208,0.36,0.36,0.36,covered,1.0000000000000577
mixed_gate_chain,coupling,11,GateBenefitCoupling,0.7436115836561534,0.5271141964716137,0.0,0.0,0.0,0.0,0.0,0.0,covered,0.0
mixed_gate_chain,coupling,12,GateBenefitCoupling,0.2419472114974315,0.9381982443947282,0.0,0.0,0.0,0.0,0.0,0.0,covered,0.0
mixed_gate_chain,coupling,13,GateBenefitCoupling,0.24085750337622236,0.7210633288974991,0.0,0.0,0.0,0.0,0.0,0.0,covered,0.0
mixed_gate_chain,coupling,14,GateBenefitCoupling,0.8374933934507315,0.6999603473082542,0.0,0.0,0.0,0.0,0.0,0.0,covered,0.0
mixed_gate_chain,coupling,15,GateBenefitCoupling,0.2873422737224829,0.22639031053779649,0.0,0.0,0.0,0.0,0.0,0.0,covered,0.0
mixed_gate_chain,coupling,16,GateBenefitCoupling,0.8871953330834926,0.8239424424807409,0.0,0.0,0.0,0.0,0.0,0.0,covered,0.0
mixed_gate_chain,module,0,QuadraticWell,0.3837760847584061,,0.25,,,0.25,,,covered,1.0
mixed_gate_chain,module,1,QuadraticWell,0.19506619757301855,,0.3425877461809461,,,0.34258774618003096,,,covered,1.0000000000026712
mixed_gate_chain,module,2,QuadraticWell,0.46853846763331103,,0.46946545533022255,,,0.46946545533085315,,,covered,0.9999999999986567
mixed_gate_chain,module,3,QuadraticWell,0.296421298239897,,0.6433324490048317,,,0.6433324490047159,,,covered,1.00000000000018
mixed_gate_chain,module,4,QuadraticWell,0.7755192495510148,,0.881591254995999,,,0.8815912549960212,,,covered,0.9999999999999748
mixed_gate_chain,module,5,QuadraticWell,0.1508354061756404,,1.2080894444032173,,,1.2080894444044474,,,covered,0.9999999999989817
mixed_gate_chain,module,6,QuadraticWell,0.6812891523995764,,1.6555065597687448,,,1.6555065597696212,,,covered,0.9999999999994706
mixed_gate_chain,module,7,QuadraticWell,0.6425532877080246,,2.268625044390182,,,2.268625044390925,,,covered,0.9999999999996725
mixed_gate_chain,module,8,QuadraticWell,0.7149321520041815,,3.108812563548939,,,3.1088125635418384,,,covered,1.000000000002284
mixed_gate_chain,module,9,QuadraticWell,0.6902298849465102,,4.260164357763844,,,4.260164357759851,,,covered,1.0000000000009373
mixed_gate_chain,module,10,QuadraticWell,0.9380074837640037,,5.8379204227287165,,,5.8379204227257855,,,covered,1.000000000000502
mixed_gate_chain,module,11,QuadraticWell,0.686966798711163,,8.0,,,8.0,,,covered,1.0
mixed_gate_chain,coupling,0,QuadraticCoupling,0.3837760847584061,0.19506619757301855,0.3,0.3,0.3,0.3,0.3,0.3,covered,1.0
mixed_gate_chain,coupling,1,QuadraticCoupling,0.19506619757301855,0.46853846763331103,0.36000000000027754,0.36000000000027754,0.36000000000027754,0.36,0.36,0.36,covered,1.000000000000771
mixed_gate_chain,coupling,2,QuadraticCoupling,0.46853846763331103,0.296421298239897,0.4199999999998612,0.4199999999998612,0.4199999999998612,0.42,0.42,0.42,covered,0.9999999999996696
mixed_gate_chain,coupling,3,QuadraticCoupling,0.296421298239897,0.7755192495510148,0.3,0.30000000000027754,0.30000000000013877,0.3,0.3,0.3,covered,1.0000000000009253
mixed_gate_chain,coupling,4,QuadraticCoupling,0.7755192495510148,0.1508354061756404,0.3599999999995004,0.359999999997502,0.3599999999985012,0.36,0.36,0.36,covered,0.9999999999986122
mixed_gate_chain,coupling,5,QuadraticCoupling,0.1508354061756404,0.6812891523995764,0.4200000000019429,0.420000000000111,0.42000000000102694,0.42,0.42,0.42,covered,1.0000000000046259
mixed_gate_chain,coupling,6,QuadraticCoupling,0.6812891523995764,0.6425532877080246,0.30000000000001736,0.30000000000001736,0.30000000000001736,0.3,0.3,0.3,covered,1.000000000000058
mixed_gate_chain,coupling,7,QuadraticCoupling,0.6425532877080246,0.7149321520041815,0.3600000000000208,0.3600000000000208,0.3600000000000208,0.36,0.36,0.36,covered,1.0000000000000577
mixed_gate_chain,coupling,8,QuadraticCoupling,0.7149321520041815,0.6902298849465102,0.4200000000000243,0.4200000000000243,0.4200000000000243,0.42,0.42,0.42,covered,1.000000000000058
mixed_gate_chain,coupling,9,QuadraticCoupling,0.6902298849465102,0.9380074837640037,0.30000000000027754,0.30000000000027754,0.30000000000027754,0.3,0.3,0.3,covered,1.0000000000009253
mixed_gate_chain,coupling,10,QuadraticCoupling,0.9380074837640037,0.686966798711163,0.3599999999995004,0.3599999999995004,0.3599999999995004,0.36,0.36,0.36,covered,0.9999999999986122
mixed_gate_chain,coupling,11,GateBenefitCoupling,0.3837760847584061,0.19506619757301855,0.0,0.0,0.0,0.0,0.0,0.0,covered,0.0
mixed_gate_chain,coupling,12,GateBenefitCoupling,0.46853846763331103,0.296421298239897,0.0,0.0,0.0,0.0,0.0,0.0,covered,0.0
mixed_gate_chain,coupling,13,GateBenefitCoupling,0.7755192495510148,0.1508354061756404,0.0,0.0,0.0,0.0,0.0,0.0,covered,0.0
mixed_gate_chain,coupling,14,GateBenefitCoupling,0.6812891523995764,0.6425532877080246,0.0,0.0,0.0,0.0,0.0,0.0,covered,0.0
mixed_gate_chain,coupling,15,GateBenefitCoupling,0.7149321520041815,0.6902298849465102,0.0,0.0,0.0,0.0,0.0,0.0,covered,0.0
mixed_gate_chain,coupling,16,GateBenefitCoupling,0.9380074837640037,0.686966798711163,0.0,0.0,0.0,0.0,0.0,0.0,covered,0.0
mixed_gate_chain,module,0,QuadraticWell,0.32839352532247207,,0.25,,,0.25,,,covered,1.0
mixed_gate_chain,module,1,QuadraticWell,0.2780236435292438,,0.34258774617817056,,,0.34258774618003096,,,covered,0.9999999999945696
mixed_gate_chain,module,2,QuadraticWell,0.692913552087341,,0.46946545533074696,,,0.46946545533085315,,,covered,0.9999999999997738
mixed_gate_chain,module,3,QuadraticWell,0.18125732930841915,,0.6433324490050052,,,0.6433324490047159,,,covered,1.0000000000004496
mixed_gate_chain,module,4,QuadraticWell,0.6485294942996499,,0.881591254995999,,,0.8815912549960212,,,covered,0.9999999999999748
mixed_gate_chain,module,5,QuadraticWell,0.16908742313069097,,1.2080894444059929,,,1.2080894444044474,,,covered,1.0000000000012792
mixed_gate_chain,module,6,QuadraticWell,0.5085880185540722,,1.6555065597687448,,,1.6555065597696212,,,covered,0.9999999999994706
mixed_gate_chain,module,7,QuadraticWell,0.319605587261913,,2.2686250443970173,,,2.268625044390925,,,covered,1.0000000000026856
mixed_gate_chain,module,8,QuadraticWell,0.7562893304827536,,3.108812563548939,,,3.1088125635418384,,,covered,1.000000000002284
mixed_gate_chain,module,9,QuadraticWell,0.874344041847164,,4.260164357758293,,,4.260164357759851,,,covered,0.9999999999996343
mixed_gate_chain,module,10,QuadraticWell,0.2676920747503683,,5.837920422729616,,,5.8379204227257855,,,covered,1.0000000000006561
mixed_gate_chain,module,11,QuadraticWell,0.883492342185449,,8.0,,,8.0,,,covered,1.0
mixed_gate_chain,coupling,0,QuadraticCoupling,0.32839352532247207,0.2780236435292438,0.3,0.3,0.3,0.3,0.3,0.3,covered,1.0
mixed_gate_chain,coupling,1,QuadraticCoupling,0.2780236435292438,0.692913552087341,0.36000000000027754,0.3599999999995004,0.35999999999988896,0.36,0.36,0.36,covered,1.000000000000771
mixed_gate_chain,coupling,2,QuadraticCoupling,0.692913552087341,0.18125732930841915,0.420000000000111,0.4200000000005551,0.42000000000033305,0.42,0.42,0.42,covered,1.0000000000013216
mixed_gate_chain,coupling,3,QuadraticCoupling,0.18125732930841915,0.6485294942996499,0.3,0.29999999999888977,0.2999999999994449,0.3,0.3,0.3,covered,1.0
mixed_gate_chain,coupling,4,QuadraticCoupling,0.6485294942996499,0.16908742313069097,0.36000000000088817,0.35999999999888976,0.35999999999988896,0.36,0.36,0.36,covered,1.0000000000024671
mixed_gate_chain,coupling,5,QuadraticCoupling,0.16908742313069097,0.5085880185540722,0.4200000000005551,0.420000000000111,0.42000000000033305,0.42,0.42,0.42,covered,1.0000000000013216
mixed_gate_chain,coupling,6,QuadraticCoupling,0.5085880185540722,0.319605587261913,0.2999999999999306,0.3,0.2999999999999653,0.3,0.3,0.3,covered,1.0
mixed_gate_chain,coupling,7,QuadraticCoupling,0.319605587261913,0.7562893304827536,0.35999999999888976,0.36000000000088817,0.35999999999988896,0.36,0.36,0.36,covered,1.0000000000024671
mixed_gate_chain,coupling,8,QuadraticCoupling,0.7562893304827536,0.874344041847164,0.420000000000111,0.420000000000111,0.420000000000111,0.42,0.42,0.42,covered,1.0000000000002642
mixed_gate_chain,coupling,9,QuadraticCoupling,0.874344041847164,0.2676920747503683,0.30000000000027754,0.3,0.30000000000013877,0.3,0.3,0.3,covered,1.0000000000009253
mixed_gate_chain,coupling,10,QuadraticCoupling,0.2676920747503683,0.883492342185449,0.36000000000027754,0.3599999999995004,0.35999999999988896,0.36,0.36,0.36,covered,1.000000000000771
mixed_gate_chain,coupling,11,GateBenefitCoupling,0.32839352532247207,0.2780236435292438,0.0,0.0,0.0,0.0,0.0,0.0,covered,0.0
mixed_gate_chain,coupling,12,GateBenefitCoupling,0.692913552087341,0.18125732930841915,0.0,0.0,0.0,0.0,0.0,0.0,covered,0.0
mixed_gate_chain,coupling,13,GateBenefitCoupling,0.6485294942996499,0.16908742313069097,0.0,0.0,0.0,0.0,0.0,0.0,covered,0.0
mixed_gate_chain,coupling,14,GateBenefitCoupling,0.5085880185540722,0.319605587261913,0.0,0.0,0.0,0.0,0.0,0.0,covered,0.0
mixed_gate_chain,coupling,15,GateBenefitCoupling,0.7562893304827536,0.874344041847164,0.0,0.0,0.0,0.0,0.0,0.0,covered,0.0
mixed_gate_chain,coupling,16,GateBenefitCoupling,0.2676920747503683,0.883492342185449,0.0,0.0,0.0,0.0,0.0,0.0,covered,0.0
mixed_gate_chain,module,0,QuadraticWell,0.7875061766558397,,0.25,,,0.25,,,covered,1.0
mixed_gate_chain,module,1,QuadraticWell,0.22616459179221043,,0.34258774617955834,,,0.34258774618003096,,,covered,0.9999999999986204
mixed_gate_chain,module,2,QuadraticWell,0.28347743008188814,,0.4694654553308731,,,0.46946545533085315,,,covered,1.0000000000000424
mixed_gate_chain,module,3,QuadraticWell,0.19967126594147921,,0.6433324490046582,,,0.6433324490047159,,,covered,0.9999999999999104
mixed_gate_chain,module,4,QuadraticWell,0.8107885080544193,,0.881591254995999,,,0.8815912549960212,,,covered,0.9999999999999748
mixed_gate_chain,module,5,QuadraticWell,0.4642222667613437,,1.208089444404605,,,1.2080894444044474,,,covered,1.0000000000001306
mixed_gate_chain,module,6,QuadraticWell,0.7556176874831716,,1.6555065597701326,,,1.6555065597696212,,,covered,1.0000000000003089
mixed_gate_chain,module,7,QuadraticWell,0.09934064001419586,,2.2686250443890636,,,2.268625044390925,,,covered,0.9999999999991797
mixed_gate_chain,module,8,QuadraticWell,0.47999452914015694,,3.108812563542784,,,3.1088125635418384,,,covered,1.0000000000003042
mixed_gate_chain,module,9,QuadraticWell,0.6103816221801159,,4.260164357759681,,,4.260164357759851,,,covered,0.9999999999999601
mixed_gate_chain,module,10,QuadraticWell,0.7462294627412194,,5.8379204227287165,,,5.8379204227257855,,,covered,1.000000000000502
mixed_gate_chain,module,11,QuadraticWell,0.28682266507819615,,8.0,,,8.0,,,covered,1.0
mixed_gate_chain,coupling,0,QuadraticCoupling,0.7875061766558397,0.22616459179221043,0.30000000000027754,0.3,0.30000000000013877,0.3,0.3,0.3,covered,1.0000000000009253
mixed_gate_chain,coupling,1,QuadraticCoupling,0.22616459179221043,0.28347743008188814,0.3599999999999306,0.3599999999999306,0.3599999999999306,0.36,0.36,0.36,covered,0.9999999999998073
mixed_gate_chain,coupling,2,QuadraticCoupling,0.28347743008188814,0.19967126594147921,0.42000000000020815,0.42000000000020815,0.42000000000020815,0.42,0.42,0.42,covered,1.0000000000004956
mixed_gate_chain,coupling,3,QuadraticCoupling,0.19967126594147921,0.8107885080544193,0.30000000000138777,0.30000000000027754,0.30000000000083266,0.3,0.3,0.3,covered,1.0000000000046259
mixed_gate_chain,coupling,4,QuadraticCoupling,0.8107885080544193,0.4642222667613437,0.3600000000001943,0.35999999999958365,0.35999999999988896,0.36,0.36,0.36,covered,1.0000000000005398
mixed_gate_chain,coupling,5,QuadraticCoupling,0.4642222667613437,0.7556176874831716,0.4199999999998612,0.420000000000111,0.4199999999999861,0.42,0.42,0.42,covered,1.0000000000002642
mixed_gate_chain,coupling,6,QuadraticCoupling,0.7556176874831716,0.09934064001419586,0.30000000000027754,0.29999999999902854,0.29999999999965304,0.3,0.3,0.3,covered,1.0000000000009253
mixed_gate_chain,coupling,7,QuadraticCoupling,0.09934064001419586,0.47999452914015694,0.35999999999938936,0.36000000000027754,0.35999999999983345,0.36,0.36,0.36,covered,1.000000000000771
mixed_gate_chain,coupling,8,QuadraticCoupling,0.47999452914015694,0.6103816221801159,0.4199999999998612,0.420000000000111,0.4199999999999861,0.42,0.42,0.42,covered,1.0000000000002642
mixed_gate_chain,coupling,9,QuadraticCoupling,0.6103816221801159,0.7462294627412194,0.30000000000027754,0.30000000000027754,0.30000000000027754,0.3,0.3,0.3,covered,1.0000000000009253
mixed_gate_chain,coupling,10,QuadraticCoupling,0.7462294627412194,0.28682266507819615,0.3599999999995004,0.36000000000027754,0.35999999999988896,0.36,0.36,0.36,covered,1.000000000000771
mixed_gate_chain,coupling,11,GateBenefitCoupling,0.7875061766558397,0.22616459179221043,0.0,0.0,0.0,0.0,0.0,0.0,covered,0.0
mixed_gate_chain,coupling,12,GateBenefitCoupling,0.28347743008188814,0.19967126594147921,0.0,0.0,0.0,0.0,0.0,0.0,covered,0.0
mixed_gate_chain,coupling,13,GateBenefitCoupling,0.8107885080544193,0.4642222667613437,0.0,0.0,0.0,0.0,0.0,0.0,covered,0.0
mixed_gate_chain,coupling,14,GateBenefitCoupling,0.7556176874831716,0.09934064001419586,0.0,0.0,0.0,0.0,0.0,0.0,covered,0.0
mixed_gate_chain,coupling,15,GateBenefitCoupling,0.47999452914015694,0.6103816221801159,0.0,0.0,0.0,0.0,0.0,0.0,covered,0.0
mixed_gate_chain,coupling,16,GateBenefitCoupling,0.7462294627412194,0.28682266507819615,0.0,0.0,0.0,0.0,0.0,0.0,covered,0.0
mixed_gate_chain,module,0,QuadraticWell,0.7221834384246881,,0.25,,,0.25,,,covered,1.0
mixed_gate_chain,module,1,QuadraticWell,0.7235925369531874,,0.3425877461800723,,,0.34258774618003096,,,covered,1.0000000000001208
mixed_gate_chain,module,2,QuadraticWell,0.5565174394059228,,0.46946545533074696,,,0.46946545533085315,,,covered,0.9999999999997738
mixed_gate_chain,module,3,QuadraticWell,0.9611879952159782,,0.6433324490047599,,,0.6433324490047159,,,covered,1.0000000000000686
mixed_gate_chain,module,4,QuadraticWell,0.21108510831637436,,0.8815912549966564,,,0.8815912549960212,,,covered,1.0000000000007205
mixed_gate_chain,module,5,QuadraticWell,0.19105575452726273,,1.2080894444059929,,,1.2080894444044474,,,covered,1.0000000000012792
mixed_gate_chain,module,6,QuadraticWell,0.5730401347002952,,1.6555065597715204,,,1.6555065597696212,,,covered,1.000000000001147
mixed_gate_chain,module,7,QuadraticWell,0.050460317462919665,,2.2686250443985916,,,2.268625044390925,,,covered,1.0000000000033795
mixed_gate_chain,module,8,QuadraticWell,0.3895165856160787,,3.108812563537233,,,3.1088125635418384,,,covered,0.9999999999985185
mixed_gate_chain,module,9,QuadraticWell,0.6697122646497282,,4.260164357761068,,,4.260164357759851,,,covered,1.0000000000002858
mixed_gate_chain,module,10,QuadraticWell,0.8715471287676352,,5.8379204227287165,,,5.8379204227257855,,,covered,1.000000000000502
mixed_gate_chain,module,11,QuadraticWell,0.8110141952694959,,8.0,,,8.0,,,covered,1.0
mixed_gate_chain,coupling,0,QuadraticCoupling,0.7221834384246881,0.7235925369531874,0.3000000000000011,0.3000000000000011,0.3000000000000011,0.3,0.3,0.3,covered,1.0000000000000038
mixed_gate_chain,coupling,1,QuadraticCoupling,0.7235925369531874,0.5565174394059228,0.35999999999984733,0.35999999999984733,0.35999999999984733,0.36,0.36,0.36,covered,0.999999999999576
mixed_gate_chain,coupling,2,QuadraticCoupling,0.5565174394059228,0.9611879952159782,0.41999999999872323,0.41999999999872323,0.41999999999872323,0.42,0.42,0.42,covered,0.9999999999969601
mixed_gate_chain,coupling,3,QuadraticCoupling,0.9611879952159782,0.21108510831637436,0.30000000000027754,0.3,0.30000000000013877,0.3,0.3,0.3,covered,1.0000000000009253
mixed_gate_chain,coupling,4,QuadraticCoupling,0.21108510831637436,0.19105575452726273,0.36000000000001736,0.36000000000001736,0.36000000000001736,0.36,0.36,0.36,covered,1.0000000000000482
mixed_gate_chain,coupling,5,QuadraticCoupling,0.19105575452726273,0.5730401347002952,0.4199999999991673,0.420000000000111,0.41999999999963916,0.42,0.42,0.42,covered,1.0000000000002642
mixed_gate_chain,coupling,6,QuadraticCoupling,0.5730401347002952,0.050460317462919665,0.30000000000027754,0.30000000000020816,0.30000000000024285,0.3,0.3,0.3,covered,1.0000000000009253
mixed_gate_chain,coupling,7,QuadraticCoupling,0.050460317462919665,0.3895165856160787,0.36000000000052734,0.36000000000027754,0.36000000000040244,0.36,0.36,0.36,covered,1.0000000000014648
mixed_gate_chain,coupling,8,QuadraticCoupling,0.3895165856160787,0.6697122646497282,0.4200000000005551,0.420000000000111,0.42000000000033305,0.42,0.42,0.42,covered,1.0000000000013216
mixed_gate_chain,coupling,9,QuadraticCoupling,0.6697122646497282,0.8715471287676352,0.2999999999999306,0.2999999999999306,0.2999999999999306,0.3,0.3,0.3,covered,0.9999999999997687
mixed_gate_chain,coupling,10,QuadraticCoupling,0.8715471287676352,0.8110141952694959,0.3600000000000208,0.3600000000000208,0.3600000000000208,0.36,0.36,0.36,covered,1.0000000000000577
mixed_gate_chain,coupling,11,GateBenefitCoupling,0.7221834384246881,0.7235925369531874,0.0,0.0,0.0,0.0,0.0,0.0,covered,0.0
mixed_gate_chain,coupling,12,GateBenefitCoupling,0.5565174394059228,0.9611879952159782,0.0,0.0,0.0,0.0,0.0,0.0,covered,0.0
mixed_gate_chain,coupling,13,GateBenefitCoupling,0.21108510831637436,0.19105575452726273,0.0,0.0,0.0,0.0,0.0,0.0,covered,0.0
mixed_gate_chain,coupling,14,GateBenefitCoupling,0.5730401347002952,0.050460317462919665,0.0,0.0,0.0,0.0,0.0,0.0,covered,0.0
mixed_gate_chain,coupling,15,GateBenefitCoupling,0.3895165856160787,0.6697122646497282,0.0,0.0,0.0,0.0,0.0,0.0,covered,0.0
mixed_gate_chain,coupling,16,GateBenefitCoupling,0.8715471287676352,0.8110141952694959,0.0,0.0,0.0,0.0,0.0,0.0,covered,0.0
mixed_gate_chain,module,0,QuadraticWell,0.5927272382538636,,0.25,,,0.25,,,covered,1.0
mixed_gate_chain,module,1,QuadraticWell,0.3134791797953477,,0.3425877461809461,,,0.34258774618003096,,,covered,1.0000000000026712
mixed_gate_chain,module,2,QuadraticWell,0.9108079558124712,,0.46946545533213474,,,0.46946545533085315,,,covered,1.0000000000027298
mixed_gate_chain,module,3,QuadraticWell,0.1624263991502873,,0.6433324490046582,,,0.6433324490047159,,,covered,0.9999999999999104
mixed_gate_chain,module,4,QuadraticWell,0.6634844199030668,,0.881591254995999,,,0.8815912549960212,,,covered,0.9999999999999748
mixed_gate_chain,module,5,QuadraticWell,0.20883267190172858,,1.2080894444032173,,,1.2080894444044474,,,covered,0.9999999999989817
mixed_gate_chain,module,6,QuadraticWell,0.8354370556769095,,1.655506559769634,,,1.6555065597696212,,,covered,1.0000000000000075
mixed_gate_chain,module,7,QuadraticWell,0.05710253198547274,,2.2686250443874894,,,2.268625044390925,,,covered,0.9999999999984857
mixed_gate_chain,module,8,QuadraticWell,0.24317805115180358,,3.108812563541396,,,3.1088125635418384,,,covered,0.9999999999998577
mixed_gate_chain,module,9,QuadraticWell,0.61386394541356,,4.260164357759681,,,4.260164357759851,,,covered,0.9999999999999601
mixed_gate_chain,module,10,QuadraticWell,0.5075299328923303,,5.837920422725941,,,5.8379204227257855,,,covered,1.0000000000000266
mixed_gate_chain,module,11,QuadraticWell,0.9154832034881056,,8.0,,,8.0,,,covered,1.0
mixed_gate_chain,coupling,0,QuadraticCoupling,0.5927272382538636,0.3134791797953477,0.29999999999958366,0.3,0.2999999999997918,0.3,0.3,0.3,covered,1.0
mixed_gate_chain,coupling,1,QuadraticCoupling,0.3134791797953477,0.9108079558124712,0.3600000000016653,0.3599999999995004,0.36000000000058285,0.36,0.36,0.36,covered,1.0000000000046259
mixed_gate_chain,coupling,2,QuadraticCoupling,0.9108079558124712,0.1624263991502873,0.420000000000111,0.4200000000005551,0.42000000000033305,0.42,0.42,0.42,covered,1.0000000000013216
mixed_gate_chain,coupling,3,QuadraticCoupling,0.1624263991502873,0.6634844199030668,0.3,0.30000000000027754,0.30000000000013877,0.3,0.3,0.3,covered,1.0000000000009253
mixed_gate_chain,coupling,4,QuadraticCoupling,0.6634844199030668,0.20883267190172858,0.3599999999995004,0.36000000000027754,0.35999999999988896,0.36,0.36,0.36,covered,1.000000000000771
mixed_gate_chain,coupling,5,QuadraticCoupling,0.20883267190172858,0.8354370556769095,0.41999999999777954,0.420000000000111,0.4199999999989453,0.42,0.42,0.42,covered,1.0000000000002642
mixed_gate_chain,coupling,6,QuadraticCoupling,0.8354370556769095,0.05710253198547274,0.30000000000027754,0.30000000000020816,0.30000000000024285,0.3,0.3,0.3,covered,1.0000000000009253
mixed_gate_chain,coupling,7,QuadraticCoupling,0.05710253198547274,0.24317805115180358,0.35999999999983345,0.35999999999958365,0.35999999999970855,0.36,0.36,0.36,covered,0.9999999999995374
mixed_gate_chain,coupling,8,QuadraticCoupling,0.24317805115180358,0.61386394541356,0.4199999999991673,0.420000000000111,0.41999999999963916,0.42,0.42,0.42,covered,1.0000000000002642
mixed_gate_chain,coupling,9,QuadraticCoupling,0.61386394541356,0.5075299328923303,0.2999999999999306,0.2999999999999306,0.2999999999999306,0.3,0.3,0.3,covered,0.9999999999997687
mixed_gate_chain,coupling,10,QuadraticCoupling,0.5075299328923303,0.9154832034881056,0.3599999999995004,0.3599999999995004,0.3599999999995004,0.36,0.36,0.36,covered,0.9999999999986122
mixed_gate_chain,coupling,11,GateBenefitCoupling,0.5927272382538636,0.3134791797953477,0.0,0.0,0.0,0.0,0.0,0.0,covered,0.0
mixed_gate_chain,coupling,12,GateBenefitCoupling,0.9108079558124712,0.1624263991502873,0.0,0.0,0.0,0.0,0.0,0.0,covered,0.0
mixed_gate_chain,coupling,13,GateBenefitCoupling,0.6634844199030668,0.20883267190172858,0.0,0.0,0.0,0.0,0.0,0.0,covered,0.0
mixed_gate_chain,coupling,14,GateBenefitCoupling,0.8354370556769095,0.05710253198547274,0.0,0.0,0.0,0.0,0.0,0.0,covered,0.0
mixed_gate_chain,coupling,15,GateBenefitCoupling,0.24317805115180358,0.61386394541356,0.0,0.0,0.0,0.0,0.0,0.0,covered,0.0
mixed_gate_chain,coupling,16,GateBenefitCoupling,0.5075299328923303,0.9154832034881056,0.0,0.0,0.0,0.0,0.0,0.0,covered,0.0
mixed_gate_chain,module,0,QuadraticWell,0.5565992304270514,,0.25,,,0.25,,,covered,1.0
mixed_gate_chain,module,1,QuadraticWell,0.5767029341025683,,0.3425877461800723,,,0.34258774618003096,,,covered,1.0000000000001208
mixed_gate_chain,module,2,QuadraticWell,0.6966451733210612,,0.46946545533074696,,,0.46946545533085315,,,covered,0.9999999999997738
mixed_gate_chain,module,3,QuadraticWell,0.19317444757527794,,0.6433324490046582,,,0.6433324490047159,,,covered,0.9999999999999104
mixed_gate_chain,module,4,QuadraticWell,0.7493071112095554,,0.881591254995999,,,0.8815912549960212,,,covered,0.9999999999999748
mixed_gate_chain,module,5,QuadraticWell,0.911302391232176,,1.2080894444043724,,,1.2080894444044474,,,covered,0.9999999999999378
mixed_gate_chain,module,6,QuadraticWell,0.47963850820062714,,1.6555065597651062,,,1.6555065597696212,,,covered,0.9999999999972727
mixed_gate_chain,module,7,QuadraticWell,0.8332268866027752,,2.2686250443915696,,,2.268625044390925,,,covered,1.0000000000002842
mixed_gate_chain,module,8,QuadraticWell,0.05789187498203571,,3.1088125635421653,,,3.1088125635418384,,,covered,1.000000000000105
mixed_gate_chain,module,9,QuadraticWell,0.023978106440240836,,4.26016435775018,,,4.260164357759851,,,covered,0.99999999999773
mixed_gate_chain,module,10,QuadraticWell,0.0394589462782637,,5.8379204227447685,,,5.8379204227257855,,,covered,1.0000000000032516
mixed_gate_chain,module,11,QuadraticWell,0.8208379277090108,,8.0,,,8.0,,,covered,1.0
mixed_gate_chain,coupling,0,QuadraticCoupling,0.5565992304270514,0.5767029341025683,0.30000000000001736,0.30000000000001736,0.30000000000001736,0.3,0.3,0.3,covered,1.000000000000058
mixed_gate_chain,coupling,1,QuadraticCoupling,0.5767029341025683,0.6966451733210612,0.35999999999984733,0.35999999999984733,0.35999999999984733,0.36,0.36,0.36,covered,0.999999999999576
mixed_gate_chain,coupling,2,QuadraticCoupling,0.6966451733210612,0.19317444757527794,0.420000000000111,0.4199999999991673,0.41999999999963916,0.42,0.42,0.42,covered,1.0000000000002642
mixed_gate_chain,coupling,3,QuadraticCoupling,0.19317444757527794,0.7493071112095554,0.3,0.30000000000027754,0.30000000000013877,0.3,0.3,0.3,covered,1.0000000000009253
mixed_gate_chain,coupling,4,QuadraticCoupling,0.7493071112095554,0.911302391232176,0.3600000000001943,0.3600000000001943,0.3600000000001943,0.36,0.36,0.36,covered,1.0000000000005398
mixed_gate_chain,coupling,5,QuadraticCoupling,0.911302391232176,0.47963850820062714,0.420000000000111,0.4199999999991673,0.41999999999963916,0.42,0.42,0.42,covered,1.0000000000002642
mixed_gate_chain,coupling,6,QuadraticCoupling,0.47963850820062714,0.8332268866027752,0.3,0.29999999999958366,0.2999999999997918,0.3,0.3,0.3,covered,1.0
mixed_gate_chain,coupling,7,QuadraticCoupling,0.8332268866027752,0.05789187498203571,0.3599999999981126,0.35999999999913956,0.3599999999986261,0.36,0.36,0.36,covered,0.9999999999976099
mixed_gate_chain,coupling,8,QuadraticCoupling,0.05789187498203571,0.023978106440240836,0.42000000000006593,0.42000000000021165,0.4200000000001388,0.42,0.42,0.42,covered,1.000000000000504
mixed_gate_chain,coupling,9,QuadraticCoupling,0.023978106440240836,0.0394589462782637,0.30000000000000865,0.29999999999999133,0.3,0.3,0.3,0.3,covered,1.0000000000000289
mixed_gate_chain,coupling,10,QuadraticCoupling,0.0394589462782637,0.8208379277090108,0.35999999999913956,0.36000000000088817,0.36000000000001386,0.36,0.36,0.36,covered,1.0000000000024671
mixed_gate_chain,coupling,11,GateBenefitCoupling,0.5565992304270514,0.5767029341025683,0.0,0.0,0.0,0.0,0.0,0.0,covered,0.0
mixed_gate_chain,coupling,12,GateBenefitCoupling,0.6966451733210612,0.19317444757527794,0.0,0.0,0.0,0.0,0.0,0.0,covered,0.0
mixed_gate_chain,coupling,13,GateBenefitCoupling,0.7493071112095554,0.911302391232176,0.0,0.0,0.0,0.0,0.0,0.0,covered,0.0
mixed_gate_chain,coupling,14,GateBenefitCoupling,0.47963850820062714,0.8332268866027752,0.0,0.0,0.0,0.0,0.0,0.0,covered,0.0
mixed_gate_chain,coupling,15,GateBenefitCoupling,0.05789187498203571,0.023978106440240836,0.0,0.0,0.0,0.0,0.0,0.0,covered,0.0
mixed_gate_chain,coupling,16,GateBenefitCoupling,0.0394589462782637,0.8208379277090108,0.0,0.0,0.0,0.0,0.0,0.0,covered,0.0
mixed_gate_chain,module,0,QuadraticWell,0.5000605971946456,,0.25,,,0.25,,,covered,1.0
mixed_gate_chain,module,1,QuadraticWell,0.9563210305498432,,0.34258774617972537,,,0.34258774618003096,,,covered,0.999999999999108
mixed_gate_chain,module,2,QuadraticWell,0.21644649199919938,,0.46946545533091644,,,0.46946545533085315,,,covered,1.0000000000001348
mixed_gate_chain,module,3,QuadraticWell,0.05946006221963632,,0.6433324490051047,,,0.6433324490047159,,,covered,1.0000000000006044
mixed_gate_chain,module,4,QuadraticWell,0.477183040745829,,0.8815912549959625,,,0.8815912549960212,,,covered,0.9999999999999334
mixed_gate_chain,module,5,QuadraticWell,0.3885727153396333,,1.208089444404605,,,1.2080894444044474,,,covered,1.0000000000001306
mixed_gate_chain,module,6,QuadraticWell,0.34028686976747685,,1.6555065597706573,,,1.6555065597696212,,,covered,1.0000000000006257
mixed_gate_chain,module,7,QuadraticWell,0.35317377063395156,,2.268625044391466,,,2.268625044390925,,,covered,1.0000000000002387
mixed_gate_chain,module,8,QuadraticWell,0.5009457623336273,,3.1088125635378367,,,3.1088125635418384,,,covered,0.9999999999987128
mixed_gate_chain,module,9,QuadraticWell,0.3111895169694525,,4.260164357756849,,,4.260164357759851,,,covered,0.9999999999992953
mixed_gate_chain,module,10,QuadraticWell,0.5960549376319721,,5.837920422723165,,,5.8379204227257855,,,covered,0.9999999999995511
mixed_gate_chain,module,11,QuadraticWell,0.5655585861034623,,8.0,,,8.0,,,covered,1.0
mixed_gate_chain,coupling,0,QuadraticCoupling,0.5000605971946456,0.9563210305498432,0.30000000000027754,0.30000000000027754,0.30000000000027754,0.3,0.3,0.3,covered,1.0000000000009253
mixed_gate_chain,coupling,1,QuadraticCoupling,0.9563210305498432,0.21644649199919938,0.3599999999981126,0.35999999999888976,0.3599999999985012,0.36,0.36,0.36,covered,0.999999999996916
mixed_gate_chain,coupling,2,QuadraticCoupling,0.21644649199919938,0.05946006221963632,0.4200000000005551,0.42000000000084653,0.4200000000007008,0.42,0.42,0.42,covered,1.0000000000020155
mixed_gate_chain,coupling,3,QuadraticCoupling,0.05946006221963632,0.477183040745829,0.30000000000020816,0.3,0.3000000000001041,0.3,0.3,0.3,covered,1.000000000000694
mixed_gate_chain,coupling,4,QuadraticCoupling,0.477183040745829,0.3885727153396333,0.3599999999999306,0.3599999999999306,0.3599999999999306,0.36,0.36,0.36,covered,0.9999999999998073
mixed_gate_chain,coupling,5,QuadraticCoupling,0.3885727153396333,0.34028686976747685,0.4200000000000347,0.4200000000000347,0.4200000000000347,0.42,0.42,0.42,covered,1.0000000000000826
mixed_gate_chain,coupling,6,QuadraticCoupling,0.34028686976747685,0.35317377063395156,0.3,0.3,0.3,0.3,0.3,0.3,covered,1.0
mixed_gate_chain,coupling,7,QuadraticCoupling,0.35317377063395156,0.5009457623336273,0.36000000000027754,0.3600000000001943,0.3600000000002359,0.36,0.36,0.36,covered,1.000000000000771
mixed_gate_chain,coupling,8,QuadraticCoupling,0.5009457623336273,0.3111895169694525,0.420000000000111,0.4199999999998612,0.4199999999999861,0.42,0.42,0.42,covered,1.0000000000002642
mixed_gate_chain,coupling,9,QuadraticCoupling,0.3111895169694525,0.5960549376319721,0.3,0.30000000000027754,0.30000000000013877,0.3,0.3,0.3,covered,1.0000000000009253
mixed_gate_chain,coupling,10,QuadraticCoupling,0.5960549376319721,0.5655585861034623,0.3600000000000208,0.3600000000000208,0.3600000000000208,0.36,0.36,0.36,covered,1.0000000000000577
mixed_gate_chain,coupling,11,GateBenefitCoupling,0.5000605971946456,0.9563210305498432,0.0,0.0,0.0,0.0,0.0,0.0,covered,0.0
mixed_gate_chain,coupling,12,GateBenefitCoupling,0.21644649199919938,0.05946006221963632,0.0,0.0,0.0,0.0,0.0,0.0,covered,0.0
mixed_gate_chain,coupling,13,GateBenefitCoupling,0.477183040745829,0.3885727153396333,0.0,0.0,0.0,0.0,0.0,0.0,covered,0.0
mixed_gate_chain,coupling,14,GateBenefitCoupling,0.34028686976747685,0.35317377063395156,0.0,0.0,0.0,0.0,0.0,0.0,covered,0.0
mixed_gate_chain,coupling,15,GateBenefitCoupling,0.5009457623336273,0.3111895169694525,0.0,0.0,0.0,0.0,0.0,0.0,covered,0.0
mixed_gate_chain,coupling,16,GateBenefitCoupling,0.5960549376319721,0.5655585861034623,0.0,0.0,0.0,0.0,0.0,0.0,covered,0.0
mixed_gate_chain,module,0,QuadraticWell,0.17493674018798006,,0.25,,,0.25,,,covered,1.0
mixed_gate_chain,module,1,QuadraticWell,0.05199073442400874,,0.3425877461825716,,,0.34258774618003096,,,covered,1.000000000007416
mixed_gate_chain,module,2,QuadraticWell,0.3248831397340038,,0.46946545533082973,,,0.46946545533085315,,,covered,0.9999999999999502
mixed_gate_chain,module,3,QuadraticWell,0.6128448726939507,,0.6433324490047599,,,0.6433324490047159,,,covered,1.0000000000000686
mixed_gate_chain,module,4,QuadraticWell,0.1211069631082917,,0.8815912549951043,,,0.8815912549960212,,,covered,0.9999999999989599
mixed_gate_chain,module,5,QuadraticWell,0.09040827349861083,,1.2080894444048937,,,1.2080894444044474,,,covered,1.0000000000003695
mixed_gate_chain,module,6,QuadraticWell,0.9433647187578005,,1.6555065597701326,,,1.6555065597696212,,,covered,1.0000000000003089
mixed_gate_chain,module,7,QuadraticWell,0.16387742094634633,,2.2686250443970173,,,2.268625044390925,,,covered,1.0000000000026856
mixed_gate_chain,module,8,QuadraticWell,0.8491028619595294,,3.108812563548939,,,3.1088125635418384,,,covered,1.000000000002284
mixed_gate_chain,module,9,QuadraticWell,0.36391846934520133,,4.2601643577624,,,4.260164357759851,,,covered,1.0000000000005984
mixed_gate_chain,module,10,QuadraticWell,0.4371977722946208,,5.837920422725452,,,5.8379204227257855,,,covered,0.9999999999999429
mixed_gate_chain,module,11,QuadraticWell,0.813646880871643,,8.0,,,8.0,,,covered,1.0
mixed_gate_chain,coupling,0,QuadraticCoupling,0.17493674018798006,0.05199073442400874,0.3,0.2999999999998612,0.2999999999999306,0.3,0.3,0.3,covered,1.0
mixed_gate_chain,coupling,1,QuadraticCoupling,0.05199073442400874,0.3248831397340038,0.36000000000052734,0.36000000000027754,0.36000000000040244,0.36,0.36,0.36,covered,1.0000000000014648
mixed_gate_chain,coupling,2,QuadraticCoupling,0.3248831397340038,0.6128448726939507,0.4199999999998612,0.420000000000111,0.4199999999999861,0.42,0.42,0.42,covered,1.0000000000002642
mixed_gate_chain,coupling,3,QuadraticCoupling,0.6128448726939507,0.1211069631082917,0.29999999999888977,0.29999999999902854,0.29999999999895915,0.3,0.3,0.3,covered,0.9999999999967618
mixed_gate_chain,coupling,4,QuadraticCoupling,0.1211069631082917,0.09040827349861083,0.35999999999999654,0.35999999999999654,0.35999999999999654,0.36,0.36,0.36,covered,0.9999999999999905
mixed_gate_chain,coupling,5,QuadraticCoupling,0.09040827349861083,0.9433647187578005,0.4199999999983624,0.420000000000111,0.4199999999992367,0.42,0.42,0.42,covered,1.0000000000002642
mixed_gate_chain,coupling,6,QuadraticCoupling,0.9433647187578005,0.16387742094634633,0.30000000000027754,0.3,0.30000000000013877,0.3,0.3,0.3,covered,1.0000000000009253
mixed_gate_chain,coupling,7,QuadraticCoupling,0.16387742094634633,0.8491028619595294,0.36000000000027754,0.3599999999995004,0.35999999999988896,0.36,0.36,0.36,covered,1.000000000000771
mixed_gate_chain,coupling,8,QuadraticCoupling,0.8491028619595294,0.36391846934520133,0.420000000000111,0.4200000000005551,0.42000000000033305,0.42,0.42,0.42,covered,1.0000000000013216
mixed_gate_chain,coupling,9,QuadraticCoupling,0.36391846934520133,0.4371977722946208,0.3,0.3,0.3,0.3,0.3,0.3,covered,1.0
mixed_gate_chain,coupling,10,QuadraticCoupling,0.4371977722946208,0.813646880871643,0.36000000000027754,0.36000000000088817,0.36000000000058285,0.36,0.36,0.36,covered,1.0000000000024671
mixed_gate_chain,coupling,11,GateBenefitCoupling,0.17493674018798006,0.05199073442400874,0.0,0.0,0.0,0.0,0.0,0.0,covered,0.0
mixed_gate_chain,coupling,12,GateBenefitCoupling,0.3248831397340038,0.6128448726939507,0.0,0.0,0.0,0.0,0.0,0.0,covered,0.0
mixed_gate_chain,coupling,13,GateBenefitCoupling,0.1211069631082917,0.09040827349861083,0.0,0.0,0.0,0.0,0.0,0.0,covered,0.0
mixed_gate_chain,coupling,14,GateBenefitCoupling,0.9433647187578005,0.16387742094634633,0.0,0.0,0.0,0.0,0.0,0.0,covered,0.0
mixed_gate_chain,coupling,15,GateBenefitCoupling,0.8491028619595294,0.36391846934520133,0.0,0.0,0.0,0.0,0.0,0.0,covered,0.0
mixed_gate_chain,coupling,16,GateBenefitCoupling,0.4371977722946208,0.813646880871643,0.0,0.0,0.0,0.0,0.0,0.0,covered,0.0
mixed_gate_chain,module,0,QuadraticWell,0.5407867057300073,,0.25,,,0.25,,,covered,1.0
mixed_gate_chain,module,1,QuadraticWell,0.5559546264405895,,0.3425877461800723,,,0.34258774618003096,,,covered,1.0000000000001208
mixed_gate_chain,module,2,QuadraticWell,0.8100476252953316,,0.46946545533074696,,,0.46946545533085315,,,covered,0.9999999999997738
mixed_gate_chain,module,3,QuadraticWell,0.8899491757776664,,0.6433324490047599,,,0.6433324490047159,,,covered,1.0000000000000686
mixed_gate_chain,module,4,QuadraticWell,0.02231953455586883,,0.8815912549947984,,,0.8815912549960212,,,covered,0.999999999998613
mixed_gate_chain,module,5,QuadraticWell,0.6597009079023807,,1.2080894444043724,,,1.2080894444044474,,,covered,0.9999999999999378
mixed_gate_chain,module,6,QuadraticWell,0.9535133004417314,,1.6555065597701326,,,1.6555065597696212,,,covered,1.0000000000003089
mixed_gate_chain,module,7,QuadraticWell,0.7513781780743678,,2.268625044391049,,,2.268625044390925,,,covered,1.0000000000000548
mixed_gate_chain,module,8,QuadraticWell,0.11247829460881423,,3.108812563541547,,,3.1088125635418384,,,covered,0.9999999999999063
mixed_gate_chain,module,9,QuadraticWell,0.3814347949279212,,4.2601643577624,,,4.260164357759851,,,covered,1.0000000000005984
mixed_gate_chain,module,10,QuadraticWell,0.4253123729812721,,5.837920422726841,,,5.8379204227257855,,,covered,1.0000000000001807
mixed_gate_chain,module,11,QuadraticWell,0.707365830069511,,8.0,,,8.0,,,covered,1.0
mixed_gate_chain,coupling,0,QuadraticCoupling,0.5407867057300073,0.5559546264405895,0.30000000000001736,0.30000000000001736,0.30000000000001736,0.3,0.3,0.3,covered,1.000000000000058
mixed_gate_chain,coupling,1,QuadraticCoupling,0.5559546264405895,0.8100476252953316,0.3600000000001943,0.3600000000001943,0.3600000000001943,0.36,0.36,0.36,covered,1.0000000000005398
mixed_gate_chain,coupling,2,QuadraticCoupling,0.8100476252953316,0.8899491757776664,0.420000000000111,0.420000000000111,0.420000000000111,0.42,0.42,0.42,covered,1.0000000000002642
mixed_gate_chain,coupling,3,QuadraticCoupling,0.8899491757776664,0.02231953455586883,0.29999999999888977,0.30000000000031224,0.29999999999960103,0.3,0.3,0.3,covered,1.000000000001041
mixed_gate_chain,coupling,4,QuadraticCoupling,0.02231953455586883,0.6597009079023807,0.36000000000065224,0.3599999999995004,0.3600000000000763,0.36,0.36,0.36,covered,1.0000000000018119
mixed_gate_chain,coupling,5,QuadraticCoupling,0.6597009079023807,0.9535133004417314,0.4199999999994171,0.4199999999994171,0.4199999999994171,0.42,0.42,0.42,covered,0.9999999999986122
mixed_gate_chain,coupling,6,QuadraticCoupling,0.9535133004417314,0.7513781780743678,0.2999999999999306,0.2999999999999306,0.2999999999999306,0.3,0.3,0.3,covered,0.9999999999997687
mixed_gate_chain,coupling,7,QuadraticCoupling,0.7513781780743678,0.11247829460881423,0.3599999999995004,0.35999999999938936,0.3599999999994449,0.36,0.36,0.36,covered,0.9999999999986122
mixed_gate_chain,coupling,8,QuadraticCoupling,0.11247829460881423,0.3814347949279212,0.4199999999997502,0.4199999999998612,0.4199999999998057,0.42,0.42,0.42,covered,0.9999999999996696
mixed_gate_chain,coupling,9,QuadraticCoupling,0.3814347949279212,0.4253123729812721,0.3,0.3,0.3,0.3,0.3,0.3,covered,1.0
mixed_gate_chain,coupling,10,QuadraticCoupling,0.4253123729812721,0.707365830069511,0.36000000000027754,0.3599999999995004,0.35999999999988896,0.36,0.36,0.36,covered,1.000000000000771
mixed_gate_chain,coupling,11,GateBenefitCoupling,0.5407867057300073,0.5559546264405895,0.0,0.0,0.0,0.0,0.0,0.0,covered,0.0
mixed_gate_chain,coupling,12,GateBenefitCoupling,0.8100476252953316,0.8899491757776664,0.0,0.0,0.0,0.0,0.0,0.0,covered,0.0
mixed_gate_chain,coupling,13,GateBenefitCoupling,0.02231953455586883,0.6597009079023807,0.0,0.0,0.0,0.0,0.0,0.0,covered,0.0
mixed_gate_chain,coupling,14,GateBenefitCoupling,0.9535133004417314,0.7513781780743678,0.0,0.0,0.0,0.0,0.0,0.0,covered,0.0
mixed_gate_chain,coupling,15,GateBenefitCoupling,0.11247829460881423,0.3814347949279212,0.0,0.0,0.0,0.0,0.0,0.0,covered,0.0
mixed_gate_chain,coupling,16,GateBenefitCoupling,0.4253123729812721,0.707365830069511,0.0,0.0,0.0,0.0,0.0,0.0,covered,0.0
mixed_gate_chain,module,0,QuadraticWell,0.4893662479298264,,0.25,,,0.25,,,covered,1.0
mixed_gate_chain,module,1,QuadraticWell,0.7898269473583784,,0.34258774617998555,,,0.34258774618003096,,,covered,0.9999999999998674
mixed_gate_chain,module,2,QuadraticWell,0.870916053368791,,0.46946545533213474,,,0.46946545533085315,,,covered,1.0000000000027298
mixed_gate_chain,module,3,QuadraticWell,0.12822743272783,,0.6433324490046582,,,0.6433324490047159,,,covered,0.9999999999999104
mixed_gate_chain,module,4,QuadraticWell,0.4565156402220296,,0.8815912549966564,,,0.8815912549960212,,,covered,1.0000000000007205
mixed_gate_chain,module,5,QuadraticWell,0.8557999381344342,,1.2080894444043724,,,1.2080894444044474,,,covered,0.9999999999999378
mixed_gate_chain,module,6,QuadraticWell,0.13516731107168453,,1.6555065597706573,,,1.6555065597696212,,,covered,1.0000000000006257
mixed_gate_chain,module,7,QuadraticWell,0.4253041455784536,,2.268625044391466,,,2.268625044390925,,,covered,1.0000000000002387
mixed_gate_chain,module,8,QuadraticWell,0.5526441740749646,,3.108812563548939,,,3.1088125635418384,,,covered,1.000000000002284
mixed_gate_chain,module,9,QuadraticWell,0.28808375706963335,,4.260164357756849,,,4.260164357759851,,,covered,0.9999999999992953
mixed_gate_chain,module,10,QuadraticWell,0.03634424072186171,,5.837920422722564,,,5.8379204227257855,,,covered,0.9999999999994482
mixed_gate_chain,module,11,QuadraticWell,0.09685704868296277,,7.999999999988898,,,8.0,,,covered,0.9999999999986122
mixed_gate_chain,coupling,0,QuadraticCoupling,0.4893662479298264,0.7898269473583784,0.3,0.30000000000027754,0.30000000000013877,0.3,0.3,0.3,covered,1.0000000000009253
mixed_gate_chain,coupling,1,QuadraticCoupling,0.7898269473583784,0.870916053368791,0.3600000000000208,0.3600000000000208,0.3600000000000208,0.36,0.36,0.36,covered,1.0000000000000577
mixed_gate_chain,coupling,2,QuadraticCoupling,0.870916053368791,0.12822743272783,0.420000000000111,0.41999999999777954,0.4199999999989453,0.42,0.42,0.42,covered,1.0000000000002642
mixed_gate_chain,coupling,3,QuadraticCoupling,0.12822743272783,0.4565156402220296,0.3,0.3,0.3,0.3,0.3,0.3,covered,1.0
mixed_gate_chain,coupling,4,QuadraticCoupling,0.4565156402220296,0.8557999381344342,0.36000000000027754,0.36000000000088817,0.36000000000058285,0.36,0.36,0.36,covered,1.0000000000024671
mixed_gate_chain,coupling,5,QuadraticCoupling,0.8557999381344342,0.13516731107168453,0.420000000000111,0.41999999999777954,0.4199999999989453,0.42,0.42,0.42,covered,1.0000000000002642
mixed_gate_chain,coupling,6,QuadraticCoupling,0.13516731107168453,0.4253041455784536,0.3,0.3,0.3,0.3,0.3,0.3,covered,1.0
mixed_gate_chain,coupling,7,QuadraticCoupling,0.4253041455784536,0.5526441740749646,0.3599999999999306,0.3600000000001943,0.36000000000006244,0.36,0.36,0.36,covered,1.0000000000005398
mixed_gate_chain,coupling,8,QuadraticCoupling,0.5526441740749646,0.28808375706963335,0.420000000000111,0.4200000000005551,0.42000000000033305,0.42,0.42,0.42,covered,1.0000000000013216
mixed_gate_chain,coupling,9,QuadraticCoupling,0.28808375706963335,0.03634424072186171,0.3,0.30000000000020816,0.3000000000001041,0.3,0.3,0.3,covered,1.000000000000694
mixed_gate_chain,coupling,10,QuadraticCoupling,0.03634424072186171,0.09685704868296277,0.3600000000000069,0.36000000000008325,0.36000000000004506,0.36,0.36,0.36,covered,1.0000000000002314
mixed_gate_chain,coupling,11,GateBenefitCoupling,0.4893662479298264,0.7898269473583784,0.0,0.0,0.0,0.0,0.0,0.0,covered,0.0
mixed_gate_chain,coupling,12,GateBenefitCoupling,0.870916053368791,0.12822743272783,0.0,0.0,0.0,0.0,0.0,0.0,covered,0.0
mixed_gate_chain,coupling,13,GateBenefitCoupling,0.4565156402220296,0.8557999381344342,0.0,0.0,0.0,0.0,0.0,0.0,covered,0.0
mixed_gate_chain,coupling,14,GateBenefitCoupling,0.13516731107168453,0.4253041455784536,0.0,0.0,0.0,0.0,0.0,0.0,covered,0.0
mixed_gate_chain,coupling,15,GateBenefitCoupling,0.5526441740749646,0.28808375706963335,0.0,0.0,0.0,0.0,0.0,0.0,covered,0.0
mixed_gate_chain,coupling,16,GateBenefitCoupling,0.03634424072186171,0.09685704868296277,0.0,0.0,0.0,0.0,0.0,0.0,covered,0.0
mixed_gate_chain,module,0,QuadraticWell,0.495146146712557,,0.25,,,0.25,,,covered,1.0
mixed_gate_chain,module,1,QuadraticWell,0.15407304993643622,,0.34258774617817056,,,0.34258774618003096,,,covered,0.9999999999945696
mixed_gate_chain,module,2,QuadraticWell,0.8892061345346446,,0.4694654553293592,,,0.46946545533085315,,,covered,0.9999999999968178
mixed_gate_chain,module,3,QuadraticWell,0.11604449231711417,,0.6433324490055511,,,0.6433324490047159,,,covered,1.0000000000012983
mixed_gate_chain,module,4,QuadraticWell,0.11660570866346628,,0.8815912549951043,,,0.8815912549960212,,,covered,0.9999999999989599
mixed_gate_chain,module,5,QuadraticWell,0.45362872931979503,,1.208089444404605,,,1.2080894444044474,,,covered,1.0000000000001306
mixed_gate_chain,module,6,QuadraticWell,0.24427818617898006,,1.6555065597706573,,,1.6555065597696212,,,covered,1.0000000000006257
mixed_gate_chain,module,7,QuadraticWell,0.9113015316682695,,2.2686250443929574,,,2.268625044390925,,,covered,1.000000000000896
mixed_gate_chain,module,8,QuadraticWell,0.06370763262549654,,3.108812563541547,,,3.1088125635418384,,,covered,0.9999999999999063
mixed_gate_chain,module,9,QuadraticWell,0.7715201520225872,,4.260164357758293,,,4.260164357759851,,,covered,0.9999999999996343
mixed_gate_chain,module,10,QuadraticWell,0.4617623077351271,,5.8379204227258,,,5.8379204227257855,,,covered,1.0000000000000024
mixed_gate_chain,module,11,QuadraticWell,0.46217031097219885,,8.0,,,8.0,,,covered,1.0
mixed_gate_chain,coupling,0,QuadraticCoupling,0.495146146712557,0.15407304993643622,0.3,0.3,0.3,0.3,0.3,0.3,covered,1.0
mixed_gate_chain,coupling,1,QuadraticCoupling,0.15407304993643622,0.8892061345346446,0.35999999999888976,0.36000000000088817,0.35999999999988896,0.36,0.36,0.36,covered,1.0000000000024671
mixed_gate_chain,coupling,2,QuadraticCoupling,0.8892061345346446,0.11604449231711417,0.420000000000111,0.4199999999983624,0.4199999999992367,0.42,0.42,0.42,covered,1.0000000000002642
mixed_gate_chain,coupling,3,QuadraticCoupling,0.11604449231711417,0.11660570866346628,0.30000000000000027,0.30000000000000027,0.30000000000000027,0.3,0.3,0.3,covered,1.0000000000000009
mixed_gate_chain,coupling,4,QuadraticCoupling,0.11660570866346628,0.45362872931979503,0.35999999999938936,0.36000000000027754,0.35999999999983345,0.36,0.36,0.36,covered,1.000000000000771
mixed_gate_chain,coupling,5,QuadraticCoupling,0.45362872931979503,0.24427818617898006,0.4199999999998612,0.4199999999998612,0.4199999999998612,0.42,0.42,0.42,covered,0.9999999999996696
mixed_gate_chain,coupling,6,QuadraticCoupling,0.24427818617898006,0.9113015316682695,0.3,0.29999999999888977,0.2999999999994449,0.3,0.3,0.3,covered,1.0
mixed_gate_chain,coupling,7,QuadraticCoupling,0.9113015316682695,0.06370763262549654,0.36000000000088817,0.35999999999938936,0.36000000000013876,0.36,0.36,0.36,covered,1.0000000000024671
mixed_gate_chain,coupling,8,QuadraticCoupling,0.06370763262549654,0.7715201520225872,0.42000000000113796,0.420000000000111,0.4200000000006245,0.42,0.42,0.42,covered,1.0000000000027094
mixed_gate_chain,coupling,9,QuadraticCoupling,0.7715201520225872,0.4617623077351271,0.29999999999958366,0.3,0.2999999999997918,0.3,0.3,0.3,covered,1.0
mixed_gate_chain,coupling,10,QuadraticCoupling,0.4617623077351271,0.46217031097219885,0.3599999999999997,0.3599999999999997,0.3599999999999997,0.36,0.36,0.36,covered,0.9999999999999992
mixed_gate_chain,coupling,11,GateBenefitCoupling,0.495146146712557,0.15407304993643622,0.0,0.0,0.0,0.0,0.0,0.0,covered,0.0
mixed_gate_chain,coupling,12,GateBenefitCoupling,0.8892061345346446,0.11604449231711417,0.0,0.0,0.0,0.0,0.0,0.0,covered,0.0
mixed_gate_chain,coupling,13,GateBenefitCoupling,0.11660570866346628,0.45362872931979503,0.0,0.0,0.0,0.0,0.0,0.0,covered,0.0
mixed_gate_chain,coupling,14,GateBenefitCoupling,0.24427818617898006,0.9113015316682695,0.0,0.0,0.0,0.0,0.0,0.0,covered,0.0
mixed_gate_chain,coupling,15,GateBenefitCoupling,0.06370763262549654,0.7715201520225872,0.0,0.0,0.0,0.0,0.0,0.0,covered,0.0
mixed_gate_chain,coupling,16,GateBenefitCoupling,0.4617623077351271,0.46217031097219885,0.0,0.0,0.0,0.0,0.0,0.0,covered,0.0
mixed_gate_chain,module,0,QuadraticWell,0.3802352425586683,,0.25,,,0.25,,,covered,1.0
mixed_gate_chain,module,1,QuadraticWell,0.0675671504565081,,0.3425877461800338,,,0.34258774618003096,,,covered,1.0000000000000082
mixed_gate_chain,module,2,QuadraticWell,0.729468528092199,,0.46946545533213474,,,0.46946545533085315,,,covered,1.0000000000027298
mixed_gate_chain,module,3,QuadraticWell,0.5081126582171318,,0.6433324490047599,,,0.6433324490047159,,,covered,1.0000000000000686
mixed_gate_chain,module,4,QuadraticWell,0.48528464853128506,,0.8815912549959625,,,0.8815912549960212,,,covered,0.9999999999999334
mixed_gate_chain,module,5,QuadraticWell,0.7518210490550209,,1.2080894444043724,,,1.2080894444044474,,,covered,0.9999999999999378
mixed_gate_chain,module,6,QuadraticWell,0.5474715949984225,,1.6555065597687448,,,1.6555065597696212,,,covered,0.9999999999994706
mixed_gate_chain,module,7,QuadraticWell,0.099932859762948,,2.268625044400166,,,2.268625044390925,,,covered,1.0000000000040734
mixed_gate_chain,module,8,QuadraticWell,0.226420523966017,,3.108812563541396,,,3.1088125635418384,,,covered,0.9999999999998577
mixed_gate_chain,module,9,QuadraticWell,0.3495220711990369,,4.260164357756849,,,4.260164357759851,,,covered,0.9999999999992953
mixed_gate_chain,module,10,QuadraticWell,0.32506466738986417,,5.837920422729616,,,5.8379204227257855,,,covered,1.0000000000006561
mixed_gate_chain,module,11,QuadraticWell,0.5127692277692096,,8.0,,,8.0,,,covered,1.0
mixed_gate_chain,coupling,0,QuadraticCoupling,0.3802352425586683,0.0675671504565081,0.3,0.29999999999972243,0.2999999999998612,0.3,0.3,0.3,covered,1.0
mixed_gate_chain,coupling,1,QuadraticCoupling,0.0675671504565081,0.729468528092199,0.36000000000077714,0.3599999999995004,0.36000000000013876,0.36,0.36,0.36,covered,1.0000000000021587
mixed_gate_chain,coupling,2,QuadraticCoupling,0.729468528092199,0.5081126582171318,0.420000000000111,0.420000000000111,0.420000000000111,0.42,0.42,0.42,covered,1.0000000000002642
mixed_gate_chain,coupling,3,QuadraticCoupling,0.5081126582171318,0.48528464853128506,0.29999999999997395,0.3,0.29999999999998694,0.3,0.3,0.3,covered,1.0
mixed_gate_chain,coupling,4,QuadraticCoupling,0.48528464853128506,0.7518210490550209,0.36000000000027754,0.3599999999995004,0.35999999999988896,0.36,0.36,0.36,covered,1.000000000000771
mixed_gate_chain,coupling,5,QuadraticCoupling,0.7518210490550209,0.5474715949984225,0.420000000000111,0.420000000000111,0.420000000000111,0.42,0.42,0.42,covered,1.0000000000002642
mixed_gate_chain,coupling,6,QuadraticCoupling,0.5474715949984225,0.099932859762948,0.30000000000027754,0.3000000000004163,0.30000000000034693,0.3,0.3,0.3,covered,1.0000000000013878
mixed_gate_chain,coupling,7,QuadraticCoupling,0.099932859762948,0.226420523966017,0.3600000000004302,0.3599999999999306,0.3600000000001804,0.36,0.36,0.36,covered,1.000000000001195
mixed_gate_chain,coupling,8,QuadraticCoupling,0.226420523966017,0.3495220711990369,0.42000000000020815,0.42000000000020815,0.42000000000020815,0.42,0.42,0.42,covered,1.0000000000004956
mixed_gate_chain,coupling,9,QuadraticCoupling,0.3495220711990369,0.32506466738986417,0.3,0.3,0.3,0.3,0.3,0.3,covered,1.0
mixed_gate_chain,coupling,10,QuadraticCoupling,0.32506466738986417,0.5127692277692096,0.35999999999958365,0.3600000000001943,0.35999999999988896,0.36,0.36,0.36,covered,1.0000000000005398
mixed_gate_chain,coupling,11,GateBenefitCoupling,0.3802352425586683,0.0675671504565081,0.0,0.0,0.0,0.0,0.0,0.0,covered,0.0
mixed_gate_chain,coupling,12,GateBenefitCoupling,0.729468528092199,0.5081126582171318,0.0,0.0,0.0,0.0,0.0,0.0,covered,0.0
mixed_gate_chain,coupling,13,GateBenefitCoupling,0.48528464853128506,0.7518210490550209,0.0,0.0,0.0,0.0,0.0,0.0,covered,0.0
mixed_gate_chain,coupling,14,GateBenefitCoupling,0.5474715949984225,0.099932859762948,0.0,0.0,0.0,0.0,0.0,0.0,covered,0.0
mixed_gate_chain,coupling,15,GateBenefitCoupling,0.226420523966017,0.3495220711990369,0.0,0.0,0.0,0.0,0.0,0.0,covered,0.0
mixed_gate_chain,coupling,16,GateBenefitCoupling,0.32506466738986417,0.5127692277692096,0.0,0.0,0.0,0.0,0.0,0.0,covered,0.0
mixed_gate_chain,module,0,QuadraticWell,0.09766786100293175,,0.25000000000034694,,,0.25,,,covered,1.0000000000013878
mixed_gate_chain,module,1,QuadraticWell,0.9376633690741677,,0.3425877461800723,,,0.34258774618003096,,,covered,1.0000000000001208
mixed_gate_chain,module,2,QuadraticWell,0.14752647580391254,,0.46946545533091644,,,0.46946545533085315,,,covered,1.0000000000001348
mixed_gate_chain,module,3,QuadraticWell,0.47696625148655125,,0.6433324490039644,,,0.6433324490047159,,,covered,0.9999999999988318
mixed_gate_chain,module,4,QuadraticWell,0.27005722633940904,,0.8815912549966564,,,0.8815912549960212,,,covered,1.0000000000007205
mixed_gate_chain,module,5,QuadraticWell,0.5820408381065294,,1.2080894444043724,,,1.2080894444044474,,,covered,0.9999999999999378
mixed_gate_chain,module,6,QuadraticWell,0.422466573939943,,1.6555065597706573,,,1.6555065597696212,,,covered,1.0000000000006257
mixed_gate_chain,module,7,QuadraticWell,0.3331361950301947,,2.268625044391466,,,2.268625044390925,,,covered,1.0000000000002387
mixed_gate_chain,module,8,QuadraticWell,0.9238631223848138,,3.108812563548939,,,3.1088125635418384,,,covered,1.000000000002284
mixed_gate_chain,module,9,QuadraticWell,0.1676642063693533,,4.260164357756849,,,4.260164357759851,,,covered,0.9999999999992953
mixed_gate_chain,module,10,QuadraticWell,0.21367334965982307,,5.837920422718514,,,5.8379204227257855,,,covered,0.9999999999987544
mixed_gate_chain,module,11,QuadraticWell,0.41499650431380736,,8.0,,,8.0,,,covered,1.0
mixed_gate_chain,coupling,0,QuadraticCoupling,0.09766786100293175,0.9376633690741677,0.3000000000004163,0.29999999999888977,0.29999999999965304,0.3,0.3,0.3,covered,1.0000000000013878
mixed_gate_chain,coupling,1,QuadraticCoupling,0.9376633690741677,0.14752647580391254,0.3599999999981126,0.3599999999961142,0.3599999999971134,0.36,0.36,0.36,covered,0.9999999999947573
mixed_gate_chain,coupling,2,QuadraticCoupling,0.14752647580391254,0.47696625148655125,0.4200000000005551,0.4200000000005551,0.4200000000005551,0.42,0.42,0.42,covered,1.0000000000013216
mixed_gate_chain,coupling,3,QuadraticCoupling,0.47696625148655125,0.27005722633940904,0.3,0.3,0.3,0.3,0.3,0.3,covered,1.0
mixed_gate_chain,coupling,4,QuadraticCoupling,0.27005722633940904,0.5820408381065294,0.36000000000027754,0.3599999999995004,0.35999999999988896,0.36,0.36,0.36,covered,1.000000000000771
mixed_gate_chain,coupling,5,QuadraticCoupling,0.5820408381065294,0.422466573939943,0.420000000000111,0.4199999999998612,0.4199999999999861,0.42,0.42,0.42,covered,1.0000000000002642
mixed_gate_chain,coupling,6,QuadraticCoupling,0.422466573939943,0.3331361950301947,0.3,0.3,0.3,0.3,0.3,0.3,covered,1.0
mixed_gate_chain,coupling,7,QuadraticCoupling,0.3331361950301947,0.9238631223848138,0.36000000000027754,0.3599999999995004,0.35999999999988896,0.36,0.36,0.36,covered,1.000000000000771
mixed_gate_chain,coupling,8,QuadraticCoupling,0.9238631223848138,0.1676642063693533,0.420000000000111,0.42000000000333065,0.42000000000172083,0.42,0.42,0.42,covered,1.00000000000793
mixed_gate_chain,coupling,9,QuadraticCoupling,0.1676642063693533,0.21367334965982307,0.3,0.3,0.3,0.3,0.3,0.3,covered,1.0
mixed_gate_chain,coupling,10,QuadraticCoupling,0.21367334965982307,0.41499650431380736,0.35999999999958365,0.35999999999958365,0.35999999999958365,0.36,0.36,0.36,covered,0.9999999999988435
mixed_gate_chain,coupling,11,GateBenefitCoupling,0.09766786100293175,0.9376633690741677,0.0,0.0,0.0,0.0,0.0,0.0,covered,0.0
mixed_gate_chain,coupling,12,GateBenefitCoupling,0.14752647580391254,0.47696625148655125,0.0,0.0,0.0,0.0,0.0,0.0,covered,0.0
mixed_gate_chain,coupling,13,GateBenefitCoupling,0.27005722633940904,0.5820408381065294,0.0,0.0,0.0,0.0,0.0,0.0,covered,0.0
mixed_gate_chain,coupling,14,GateBenefitCoupling,0.422466573939943,0.3331361950301947,0.0,0.0,0.0,0.0,0.0,0.0,covered,0.0
mixed_gate_chain,coupling,15,GateBenefitCoupling,0.9238631223848138,0.1676642063693533,0.0,0.0,0.0,0.0,0.0,0.0,covered,0.0
mixed_gate_chain,coupling,16,GateBenefitCoupling,0.21367334965982307,0.41499650431380736,0.0,0.0,0.0,0.0,0.0,0.0,covered,0.0
mixed_gate_chain,module,0,QuadraticWell,0.07267288219094979,,0.24999999999895917,,,0.25,,,covered,0.9999999999958367
mixed_gate_chain,module,1,QuadraticWell,0.3941665466803499,,0.34258774617955834,,,0.34258774618003096,,,covered,0.9999999999986204
mixed_gate_chain,module,2,QuadraticWell,0.07031175359456213,,0.4694654553301802,,,0.46946545533085315,,,covered,0.9999999999985666
mixed_gate_chain,module,3,QuadraticWell,0.2538902893198275,,0.6433324490047015,,,0.6433324490047159,,,covered,0.9999999999999777
mixed_gate_chain,module,4,QuadraticWell,0.05685658094916679,,0.881591254991717,,,0.8815912549960212,,,covered,0.9999999999951177
mixed_gate_chain,module,5,QuadraticWell,0.5173615752632968,,1.2080894444043724,,,1.2080894444044474,,,covered,0.9999999999999378
mixed_gate_chain,module,6,QuadraticWell,0.6510061535279501,,1.6555065597687448,,,1.6555065597696212,,,covered,0.9999999999994706
mixed_gate_chain,module,7,QuadraticWell,0.954320822125332,,2.2686250443929574,,,2.268625044390925,,,covered,1.000000000000896
mixed_gate_chain,module,8,QuadraticWell,0.16041246601819784,,3.108812563541743,,,3.1088125635418384,,,covered,0.9999999999999692
mixed_gate_chain,module,9,QuadraticWell,0.9660411191402086,,4.260164357758293,,,4.260164357759851,,,covered,0.9999999999996343
mixed_gate_chain,module,10,QuadraticWell,0.3638499180189601,,5.837920422729616,,,5.8379204227257855,,,covered,1.0000000000006561
mixed_gate_chain,module,11,QuadraticWell,0.4871676335566026,,8.0,,,8.0,,,covered,1.0
mixed_gate_chain,coupling,0,QuadraticCoupling,0.07267288219094979,0.3941665466803499,0.29999999999972243,0.3,0.2999999999998612,0.3,0.3,0.3,covered,1.0
mixed_gate_chain,coupling,1,QuadraticCoupling,0.3941665466803499,0.07031175359456213,0.35999999999958365,0.35999999999938936,0.3599999999994865,0.36,0.36,0.36,covered,0.9999999999988435
mixed_gate_chain,coupling,2,QuadraticCoupling,0.07031175359456213,0.2538902893198275,0.4199999999997502,0.4200000000005551,0.42000000000015264,0.42,0.42,0.42,covered,1.0000000000013216
mixed_gate_chain,coupling,3,QuadraticCoupling,0.2538902893198275,0.05685658094916679,0.3,0.30000000000020816,0.3000000000001041,0.3,0.3,0.3,covered,1.000000000000694
mixed_gate_chain,coupling,4,QuadraticCoupling,0.05685658094916679,0.5173615752632968,0.35999999999913956,0.36000000000088817,0.36000000000001386,0.36,0.36,0.36,covered,1.0000000000024671
mixed_gate_chain,coupling,5,QuadraticCoupling,0.5173615752632968,0.6510061535279501,0.420000000000111,0.420000000000111,0.420000000000111,0.42,0.42,0.42,covered,1.0000000000002642
mixed_gate_chain,coupling,6,QuadraticCoupling,0.6510061535279501,0.954320822125332,0.29999999999958366,0.29999999999958366,0.29999999999958366,0.3,0.3,0.3,covered,0.9999999999986122
mixed_gate_chain,coupling,7,QuadraticCoupling,0.954320822125332,0.16041246601819784,0.36000000000088817,0.3600000000016653,0.36000000000127674,0.36,0.36,0.36,covered,1.0000000000046259
mixed_gate_chain,coupling,8,QuadraticCoupling,0.16041246601819784,0.9660411191402086,0.4200000000005551,0.420000000000111,0.42000000000033305,0.42,0.42,0.42,covered,1.0000000000013216
mixed_gate_chain,coupling,9,QuadraticCoupling,0.9660411191402086,0.3638499180189601,0.30000000000027754,0.3,0.30000000000013877,0.3,0.3,0.3,covered,1.0000000000009253
mixed_gate_chain,coupling,10,QuadraticCoupling,0.3638499180189601,0.4871676335566026,0.3599999999999306,0.3599999999999306,0.3599999999999306,0.36,0.36,0.36,covered,0.9999999999998073
mixed_gate_chain,coupling,11,GateBenefitCoupling,0.07267288219094979,0.3941665466803499,0.0,0.0,0.0,0.0,0.0,0.0,covered,0.0
mixed_gate_chain,coupling,12,GateBenefitCoupling,0.07031175359456213,0.2538902893198275,0.0,0.0,0.0,0.0,0.0,0.0,covered,0.0
mixed_gate_chain,coupling,13,GateBenefitCoupling,0.05685658094916679,0.5173615752632968,0.0,0.0,0.0,0.0,0.0,0.0,covered,0.0
mixed_gate_chain,coupling,14,GateBenefitCoupling,0.6510061535279501,0.954320822125332,0.0,0.0,0.0,0.0,0.0,0.0,covered,0.0
mixed_gate_chain,coupling,15,GateBenefitCoupling,0.16041246601819784,0.9660411191402086,0.0,0.0,0.0,0.0,0.0,0.0,covered,0.0
mixed_gate_chain,coupling,16,GateBenefitCoupling,0.3638499180189601,0.4871676335566026,0.0,0.0,0.0,0.0,0.0,0.0,covered,0.0
quadratic_star,module,0,QuadraticWell,0.4265747635077827,,12.000000000022204,,,12.0,,,covered,1.0000000000018503
quadratic_star,module,1,QuadraticWell,0.6579368097581262,,1.8660818021239416,,,1.8660818021236707,,,covered,1.0000000000001452
quadratic_star,module,2,QuadraticWell,0.07262513350585165,,3.928537517729338,,,3.928537517722203,,,covered,1.0000000000018163
quadratic_star,module,3,QuadraticWell,0.8679598261006072,,5.700080888763465,,,5.700080888744489,,,covered,1.0000000000033291
quadratic_star,module,4,QuadraticWell,0.8241305865119027,,0.42104665650255607,,,0.42104665650255857,,,covered,0.9999999999999941
quadratic_star,module,5,QuadraticWell,0.33501025855807065,,0.2901884410180673,,,0.2901884410180938,,,covered,0.9999999999999085
quadratic_star,module,6,QuadraticWell,0.17777405319605344,,0.6109143642290534,,,0.6109143642317917,,,covered,0.9999999999955178
quadratic_star,module,7,QuadraticWell,0.42675596466268395,,1.286117252345777,,,1.2861172523459103,,,covered,0.9999999999998962
quadratic_star,module,8,QuadraticWell,0.4824058074436104,,0.2,,,0.2,,,covered,1.0
quadratic_star,module,9,QuadraticWell,0.12921657746560655,,2.7075768448487483,,,2.7075768448525155,,,covered,0.9999999999986087
quadratic_star,module,10,QuadraticWell,0.23542384166588004,,8.270487933906335,,,8.270487933908969,,,covered,0.9999999999996815
quadratic_star,module,11,QuadraticWell,0.5984071177544796,,0.8864014347602461,,,0.8864014347599177,,,covered,1.0000000000003706
quadratic_star,coupling,0,QuadraticCoupling,0.4265747635077827,0.6579368097581262,0.2,0.2000000000000694,0.2000000000000347,0.2,0.2,0.2,covered,1.0000000000003468
quadratic_star,coupling,1,QuadraticCoupling,0.4265747635077827,0.07262513350585165,0.24000000000041632,0.2400000000007494,0.24000000000058286,0.24,0.24,0.24,covered,1.0000000000031226
quadratic_star,coupling,2,QuadraticCoupling,0.4265747635077827,0.8679598261006072,0.2800000000001388,0.28000000000030534,0.28000000000022207,0.28,0.28,0.28,covered,1.0000000000010905
quadratic_star,coupling,3,QuadraticCoupling,0.4265747635077827,0.8241305865119027,0.15999999999958367,0.16000000000047185,0.16000000000002776,0.16,0.16,0.16,covered,1.000000000002949
quadratic_star,coupling,4,QuadraticCoupling,0.4265747635077827,0.33501025855807065,0.2,0.2,0.2,0.2,0.2,0.2,covered,1.0
quadratic_star,coupling,5,QuadraticCoupling,0.4265747635077827,0.17777405319605344,0.24000000000006938,0.24000000000006938,0.24000000000006938,0.24,0.24,0.24,covered,1.000000000000289
quadratic_star,coupling,6,QuadraticCoupling,0.4265747635077827,0.42675596466268395,0.27999999999999986,0.27999999999999986,0.27999999999999986,0.28,0.28,0.28,covered,0.9999999999999994
quadratic_star,coupling,7,QuadraticCoupling,0.4265747635077827,0.4824058074436104,0.16000000000001735,0.16000000000001735,0.16000000000001735,0.16,0.16,0.16,covered,1.0000000000001084
quadratic_star,coupling,8,QuadraticCoupling,0.4265747635077827,0.12921657746560655,0.2,0.2,0.2,0.2,0.2,0.2,covered,1.0
quadratic_star,coupling,9,QuadraticCoupling,0.4265747635077827,0.23542384166588004,0.24000000000006938,0.24000000000006938,0.24000000000006938,0.24,0.24,0.24,covered,1.000000000000289
quadratic_star,coupling,10,QuadraticCoupling,0.4265747635077827,0.5984071177544796,0.27999999999979186,0.2799999999999584,0.2799999999998751,0.28,0.28,0.28,covered,0.9999999999998513
quadratic_star,module,0,QuadraticWell,0.030927209538703124,,11.999999999990285,,,12.0,,,covered,0.9999999999991904
quadratic_star,module,1,QuadraticWell,0.37947255917751843,,1.866081802124685,,,1.8660818021236707,,,covered,1.0000000000005436
quadratic_star,module,2,QuadraticWell,0.17231094603775227,,3.9285375177211104,,,3.928537517722203,,,covered,0.9999999999997219
quadratic_star,module,3,QuadraticWell,0.8360977565953623,,5.700080888741261,,,5.700080888744489,,,covered,0.9999999999994336
quadratic_star,module,4,QuadraticWell,0.3550652712490832,,0.42104665650299433,,,0.42104665650255857,,,covered,1.000000000001035
quadratic_star,module,5,QuadraticWell,0.2390979858991053,,0.2901884410180673,,,0.2901884410180938,,,covered,0.9999999999999085
quadratic_star,module,6,QuadraticWell,0.9531753584389872,,0.6109143642324447,,,0.6109143642317917,,,covered,1.000000000001069
quadratic_star,module,7,QuadraticWell,0.6756100054726245,,1.2861172523459774,,,1.2861172523459103,,,covered,1.0000000000000522
quadratic_star,module,8,QuadraticWell,0.17980999326130734,,0.2,,,0.2,,,covered,1.0
quadratic_star,module,9,QuadraticWell,0.7458309914996956,,2.707576844852676,,,2.7075768448525155,,,covered,1.0000000000000593
quadratic_star,module,10,QuadraticWell,0.2692250105149519,,8.270487933917437,,,8.270487933908969,,,covered,1.0000000000010238
quadratic_star,module,11,QuadraticWell,0.5583798241191857,,0.8864014347598992,,,0.8864014347599177,,,covered,0.9999999999999791
quadratic_star,coupling,0,QuadraticCoupling,0.030927209538703124,0.37947255917751843,0.1999999999995143,0.2,0.19999999999975715,0.2,0.2,0.2,covered,1.0
quadratic_star,coupling,1,QuadraticCoupling,0.030927209538703124,0.17231094603775227,0.23999999999997224,0.24000000000006938,0.2400000000000208,0.24,0.24,0.24,covered,1.000000000000289
quadratic_star,coupling,2,QuadraticCoupling,0.030927209538703124,0.8360977565953623,0.27999999999973635,0.27999999999961145,0.2799999999996739,0.28,0.28,0.28,covered,0.9999999999990583
quadratic_star,coupling,3,QuadraticCoupling,0.030927209538703124,0.3550652712490832,0.1599999999997502,0.15999999999993061,0.1599999999998404,0.16,0.16,0.16,covered,0.9999999999995663
quadratic_star,coupling,4,QuadraticCoupling,0.030927209538703124,0.2390979858991053,0.19999999999986123,0.2,0.19999999999993062,0.2,0.2,0.2,covered,1.0
quadratic_star,coupling,5,QuadraticCoupling,0.030927209538703124,0.9531753584389872,0.23999999999997224,0.23999999999966692,0.23999999999981958,0.24,0.24,0.24,covered,0.9999999999998843
quadratic_star,coupling,6,QuadraticCoupling,0.030927209538703124,0.6756100054726245,0.27999999999973635,0.27999999999961145,0.2799999999996739,0.28,0.28,0.28,covered,0.9999999999990583
quadratic_star,coupling,7,QuadraticCoupling,0.030927209538703124,0.17980999326130734,0.16000000000009715,0.15999999999993061,0.16000000000001388,0.16,0.16,0.16,covered,1.000000000000607
quadratic_star,coupling,8,QuadraticCoupling,0.030927209538703124,0.7458309914996956,0.20000000000020818,0.19999999999972246,0.19999999999996532,0.2,0.2,0.2,covered,1.0000000000010407
quadratic_star,coupling,9,QuadraticCoupling,0.030927209538703124,0.2692250105149519,0.2399999999996253,0.23999999999972244,0.23999999999967386,0.24,0.24,0.24,covered,0.9999999999988435
quadratic_star,coupling,10,QuadraticCoupling,0.030927209538703124,0.5583798241191857,0.27999999999973635,0.27999999999961145,0.2799999999996739,0.28,0.28,0.28,covered,0.9999999999990583
quadratic_star,module,0,QuadraticWell,0.8862681978533208,,12.0,,,12.0,,,covered,1.0
quadratic_star,module,1,QuadraticWell,0.3261363803513304,,1.866081802124685,,,1.8660818021236707,,,covered,1.0000000000005436
quadratic_star,module,2,QuadraticWell,0.42415529973517413,,3.928537517723886,,,3.928537517722203,,,covered,1.0000000000004283
quadratic_star,module,3,QuadraticWell,0.9326928938030734,,5.700080888763465,,,5.700080888744489,,,covered,1.0000000000033291
quadratic_star,module,4,QuadraticWell,0.441906971068263,,0.4210466565026474,,,0.42104665650255857,,,covered,1.000000000000211
quadratic_star,module,5,QuadraticWell,0.34171896630709436,,0.2901884410180673,,,0.2901884410180938,,,covered,0.9999999999999085
quadratic_star,module,6,QuadraticWell,0.06970244504978833,,0.6109143642326768,,,0.6109143642317917,,,covered,1.0000000000014488
quadratic_star,module,7,QuadraticWell,0.8466900542304269,,1.2861172523459774,,,1.2861172523459103,,,covered,1.0000000000000522
quadratic_star,module,8,QuadraticWell,0.9431997969009923,,0.19999999999972246,,,0.2,,,covered,0.9999999999986122
quadratic_star,module,9,QuadraticWell,0.4617819225591947,,2.707576844851524,,,2.7075768448525155,,,covered,0.9999999999996337
quadratic_star,module,10,QuadraticWell,0.7036457920711042,,8.270487933907836,,,8.270487933908969,,,covered,0.999999999999863
quadratic_star,module,11,QuadraticWell,0.3428939964954733,,0.8864014347608767,,,0.8864014347599177,,,covered,1.000000000001082
quadratic_star,coupling,0,QuadraticCoupling,0.8862681978533208,0.3261363803513304,0.20000000000041634,0.19999999999930612,0.19999999999986123,0.2,0.2,0.2,covered,1.0000000000020817
quadratic_star,coupling,1,QuadraticCoupling,0.8862681978533208,0.42415529973517413,0.23999999999966692,0.23999999999972244,0.23999999999969468,0.24,0.24,0.24,covered,0.9999999999988435
quadratic_star,coupling,2,QuadraticCoupling,0.8862681978533208,0.9326928938030734,0.2800000000000451,0.2800000000000451,0.2800000000000451,0.28,0.28,0.28,covered,1.000000000000161
quadratic_star,coupling,3,QuadraticCoupling,0.8862681978533208,0.441906971068263,0.15999999999977796,0.16000000000027756,0.16000000000002776,0.16,0.16,0.16,covered,1.0000000000017346
quadratic_star,coupling,4,QuadraticCoupling,0.8862681978533208,0.34171896630709436,0.19999999999972246,0.2,0.19999999999986123,0.2,0.2,0.2,covered,1.0
quadratic_star,coupling,5,QuadraticCoupling,0.8862681978533208,0.06970244504978833,0.23999999999966692,0.2400000000000555,0.2399999999998612,0.24,0.24,0.24,covered,1.0000000000002314
quadratic_star,coupling,6,QuadraticCoupling,0.8862681978533208,0.8466900542304269,0.2800000000000451,0.2800000000000451,0.2800000000000451,0.28,0.28,0.28,covered,1.000000000000161
quadratic_star,coupling,7,QuadraticCoupling,0.8862681978533208,0.9431997969009923,0.15999999999995143,0.15999999999995143,0.15999999999995143,0.16,0.16,0.16,covered,0.9999999999996965
quadratic_star,coupling,8,QuadraticCoupling,0.8862681978533208,0.4617819225591947,0.20000000000041634,0.2,0.20000000000020818,0.2,0.2,0.2,covered,1.0000000000020817
quadratic_star,coupling,9,QuadraticCoupling,0.8862681978533208,0.7036457920711042,0.24000000000001387,0.24000000000001387,0.24000000000001387,0.24,0.24,0.24,covered,1.0000000000000577
quadratic_star,coupling,10,QuadraticCoupling,0.8862681978533208,0.3428939964954733,0.27999999999961145,0.2799999999994449,0.2799999999995282,0.28,0.28,0.28,covered,0.9999999999986122
quadratic_star,module,0,QuadraticWell,0.5570896399326914,,12.0,,,12.0,,,covered,1.0
quadratic_star,module,1,QuadraticWell,0.446597017874106,,1.866081802124685,,,1.8660818021236707,,,covered,1.0000000000005436
quadratic_star,module,2,QuadraticWell,0.10773448142982776,,3.928537517723787,,,3.928537517722203,,,covered,1.0000000000004032
quadratic_star,module,3,QuadraticWell,0.2540564842395612,,5.7000808887443135,,,5.700080888744489,,,covered,0.9999999999999691
quadratic_star,module,4,QuadraticWell,0.9752197629423981,,0.4210466565018622,,,0.42104665650255857,,,covered,0.9999999999983461
quadratic_star,module,5,QuadraticWell,0.40819097631442275,,0.2901884410180673,,,0.2901884410180938,,,covered,0.9999999999999085
quadratic_star,module,6,QuadraticWell,0.8843730507819311,,0.6109143642319242,,,0.6109143642317917,,,covered,1.000000000000217
quadratic_star,module,7,QuadraticWell,0.06350145926335259,,1.2861172523364597,,,1.2861172523459103,,,covered,0.9999999999926518
quadratic_star,module,8,QuadraticWell,0.4361384751309228,,0.2,,,0.2,,,covered,1.0
quadratic_star,module,9,QuadraticWell,0.41909430100462586,,2.707576844851524,,,2.7075768448525155,,,covered,0.9999999999996337
quadratic_star,module,10,QuadraticWell,0.35862614803516607,,8.270487933911886,,,8.270487933908969,,,covered,1.0000000000003526
quadratic_star,module,11,QuadraticWell,0.08288105237117165,,0.8864014347607191,,,0.8864014347599177,,,covered,1.0000000000009042
quadratic_star,coupling,0,QuadraticCoupling,0.5570896399326914,0.446597017874106,0.2000000000000694,0.2,0.2000000000000347,0.2,0.2,0.2,covered,1.0000000000003468
quadratic_star,coupling,1,QuadraticCoupling,0.5570896399326914,0.10773448142982776,0.2400000000003608,0.2400000000000555,0.24000000000020816,0.24,0.24,0.24,covered,1.0000000000015035
quadratic_star,coupling,2,QuadraticCoupling,0.5570896399326914,0.2540564842395612,0.28000000000030534,0.2800000000001388,0.28000000000022207,0.28,0.28,0.28,covered,1.0000000000010905
quadratic_star,coupling,3,QuadraticCoupling,0.5570896399326914,0.9752197629423981,0.15999999999977796,0.15999999999977796,0.15999999999977796,0.16,0.16,0.16,covered,0.9999999999986122
quadratic_star,coupling,4,QuadraticCoupling,0.5570896399326914,0.40819097631442275,0.2000000000000694,0.2,0.2000000000000347,0.2,0.2,0.2,covered,1.0000000000003468
quadratic_star,coupling,5,QuadraticCoupling,0.5570896399326914,0.8843730507819311,0.23999999999966692,0.23999999999966692,0.23999999999966692,0.24,0.24,0.24,covered,0.9999999999986122
quadratic_star,coupling,6,QuadraticCoupling,0.5570896399326914,0.06350145926335259,0.27999999999961145,0.2799999999984457,0.2799999999990286,0.28,0.28,0.28,covered,0.9999999999986122
quadratic_star,coupling,7,QuadraticCoupling,0.5570896399326914,0.4361384751309228,0.1600000000001249,0.15999999999993061,0.16000000000002776,0.16,0.16,0.16,covered,1.0000000000007807
quadratic_star,coupling,8,QuadraticCoupling,0.5570896399326914,0.41909430100462586,0.19999999999989593,0.2,0.19999999999994797,0.2,0.2,0.2,covered,1.0
quadratic_star,coupling,9,QuadraticCoupling,0.5570896399326914,0.35862614803516607,0.24000000000001387,0.23999999999972244,0.23999999999986815,0.24,0.24,0.24,covered,1.0000000000000577
quadratic_star,coupling,10,QuadraticCoupling,0.5570896399326914,0.08288105237117165,0.2800000000009992,0.2799999999998335,0.28000000000041636,0.28,0.28,0.28,covered,1.0000000000035685
quadratic_star,module,0,QuadraticWell,0.47859364217593553,,11.999999999977796,,,12.0,,,covered,0.9999999999981496
quadratic_star,module,1,QuadraticWell,0.3547044224948449,,1.866081802124685,,,1.8660818021236707,,,covered,1.0000000000005436
quadratic_star,module,2,QuadraticWell,0.1234760905319569,,3.928537517723787,,,3.928537517722203,,,covered,1.0000000000004032
quadratic_star,module,3,QuadraticWell,0.8352239935222316,,5.700080888741261,,,5.700080888744489,,,covered,0.9999999999994336
quadratic_star,module,4,QuadraticWell,0.10775437357902706,,0.4210466565028848,,,0.42104665650255857,,,covered,1.000000000000775
quadratic_star,module,5,QuadraticWell,0.2248935047675142,,0.2901884410180673,,,0.2901884410180938,,,covered,0.9999999999999085
quadratic_star,module,6,QuadraticWell,0.47394750955485615,,0.610914364231829,,,0.6109143642317917,,,covered,1.000000000000061
quadratic_star,module,7,QuadraticWell,0.8926727835372483,,1.2861172523459774,,,1.2861172523459103,,,covered,1.0000000000000522
quadratic_star,module,8,QuadraticWell,0.11246207847724399,,0.19999999999993062,,,0.2,,,covered,0.999999999999653
quadratic_star,module,9,QuadraticWell,0.3975403707157682,,2.707576844851524,,,2.7075768448525155,,,covered,0.9999999999996337
quadratic_star,module,10,QuadraticWell,0.32141935210742495,,8.270487933906335,,,8.270487933908969,,,covered,0.9999999999996815
quadratic_star,module,11,QuadraticWell,0.39727813560362546,,0.886401434759489,,,0.8864014347599177,,,covered,0.9999999999995163
quadratic_star,coupling,0,QuadraticCoupling,0.47859364217593553,0.3547044224948449,0.2,0.2,0.2,0.2,0.2,0.2,covered,1.0
quadratic_star,coupling,1,QuadraticCoupling,0.47859364217593553,0.1234760905319569,0.24000000000041632,0.2400000000007494,0.24000000000058286,0.24,0.24,0.24,covered,1.0000000000031226
quadratic_star,coupling,2,QuadraticCoupling,0.47859364217593553,0.8352239935222316,0.2799999999994449,0.27999999999961145,0.2799999999995282,0.28,0.28,0.28,covered,0.9999999999986122
quadratic_star,coupling,3,QuadraticCoupling,0.47859364217593553,0.10775437357902706,0.15999999999993061,0.16000000000015266,0.16000000000004164,0.16,0.16,0.16,covered,1.0000000000009541
quadratic_star,coupling,4,QuadraticCoupling,0.47859364217593553,0.2248935047675142,0.2,0.2,0.2,0.2,0.2,0.2,covered,1.0
quadratic_star,coupling,5,QuadraticCoupling,0.47859364217593553,0.47394750955485615,0.24000000000000435,0.24000000000000435,0.24000000000000435,0.24,0.24,0.24,covered,1.0000000000000182
quadratic_star,coupling,6,QuadraticCoupling,0.47859364217593553,0.8926727835372483,0.2800000000001388,0.28000000000030534,0.28000000000022207,0.28,0.28,0.28,covered,1.0000000000010905
quadratic_star,coupling,7,QuadraticCoupling,0.47859364217593553,0.11246207847724399,0.16000000000027756,0.1600000000004996,0.16000000000038858,0.16,0.16,0.16,covered,1.0000000000031224
quadratic_star,coupling,8,QuadraticCoupling,0.47859364217593553,0.3975403707157682,0.2,0.2,0.2,0.2,0.2,0.2,covered,1.0
quadratic_star,coupling,9,QuadraticCoupling,0.47859364217593553,0.32141935210742495,0.24000000000006938,0.24000000000006938,0.24000000000006938,0.24,0.24,0.24,covered,1.000000000000289
quadratic_star,coupling,10,QuadraticCoupling,0.47859364217593553,0.39727813560362546,0.27999999999996533,0.27999999999996533,0.27999999999996533,0.28,0.28,0.28,covered,0.9999999999998761
quadratic_star,module,0,QuadraticWell,0.2535208212335142,,12.000000000022204,,,12.0,,,covered,1.0000000000018503
quadratic_star,module,1,QuadraticWell,0.43651218174985545,,1.866081802124685,,,1.8660818021236707,,,covered,1.0000000000005436
quadratic_star,module,2,QuadraticWell,0.8314687668338552,,3.9285375177345916,,,3.928537517722203,,,covered,1.0000000000031535
quadratic_star,module,3,QuadraticWell,0.7994366082037951,,5.700080888741261,,,5.700080888744489,,,covered,0.9999999999994336
quadratic_star,module,4,QuadraticWell,0.0933023752544156,,0.4210466565042726,,,0.42104665650255857,,,covered,1.0000000000040707
quadratic_star,module,5,QuadraticWell,0.1890180644763025,,0.2901884410180673,,,0.2901884410180938,,,covered,0.9999999999999085
quadratic_star,module,6,QuadraticWell,0.5999633362591437,,0.6109143642324447,,,0.6109143642317917,,,covered,1.000000000001069
quadratic_star,module,7,QuadraticWell,0.7482778107249751,,1.286117252345804,,,1.2861172523459103,,,covered,0.9999999999999173
quadratic_star,module,8,QuadraticWell,0.13809096939818755,,0.2,,,0.2,,,covered,1.0
quadratic_star,module,9,QuadraticWell,0.18208156886832946,,2.7075768448598505,,,2.7075768448525155,,,covered,1.0000000000027092
quadratic_star,module,10,QuadraticWell,0.12941869555308413,,8.270487933917437,,,8.270487933908969,,,covered,1.0000000000010238
quadratic_star,module,11,QuadraticWell,0.6764141676319301,,0.8864014347602461,,,0.8864014347599177,,,covered,1.0000000000003706
quadratic_star,coupling,0,QuadraticCoupling,0.2535208212335142,0.43651218174985545,0.2,0.2,0.2,0.2,0.2,0.2,covered,1.0
quadratic_star,coupling,1,QuadraticCoupling,0.2535208212335142,0.8314687668338552,0.23999999999972244,0.23999999999966692,0.23999999999969468,0.24,0.24,0.24,covered,0.9999999999988435
quadratic_star,coupling,2,QuadraticCoupling,0.2535208212335142,0.7994366082037951,0.2799999999994449,0.27999999999961145,0.2799999999995282,0.28,0.28,0.28,covered,0.9999999999986122
quadratic_star,coupling,3,QuadraticCoupling,0.2535208212335142,0.0933023752544156,0.15999999999993061,0.1599999999999792,0.1599999999999549,0.16,0.16,0.16,covered,0.9999999999998699
quadratic_star,coupling,4,QuadraticCoupling,0.2535208212335142,0.1890180644763025,0.2,0.2,0.2,0.2,0.2,0.2,covered,1.0
quadratic_star,coupling,5,QuadraticCoupling,0.2535208212335142,0.5999633362591437,0.23999999999972244,0.23999999999966692,0.23999999999969468,0.24,0.24,0.24,covered,0.9999999999988435
quadratic_star,coupling,6,QuadraticCoupling,0.2535208212335142,0.7482778107249751,0.2799999999994449,0.2800000000009992,0.28000000000022207,0.28,0.28,0.28,covered,1.0000000000035685
quadratic_star,coupling,7,QuadraticCoupling,0.2535208212335142,0.13809096939818755,0.15999999999993061,0.15999999999993061,0.15999999999993061,0.16,0.16,0.16,covered,0.9999999999995663
quadratic_star,coupling,8,QuadraticCoupling,0.2535208212335142,0.18208156886832946,0.2,0.2,0.2,0.2,0.2,0.2,covered,1.0
quadratic_star,coupling,9,QuadraticCoupling,0.2535208212335142,0.12941869555308413,0.24000000000006938,0.24000000000006938,0.24000000000006938,0.24,0.24,0.24,covered,1.000000000000289
quadratic_star,coupling,10,QuadraticCoupling,0.2535208212335142,0.6764141676319301,0.2800000000001388,0.28000000000030534,0.28000000000022207,0.28,0.28,0.28,covered,1.0000000000010905
quadratic_star,module,0,QuadraticWell,0.967461526101735,,12.0,,,12.0,,,covered,1.0
quadratic_star,module,1,QuadraticWell,0.8352838676160226,,1.8660818021237682,,,1.8660818021236707,,,covered,1.0000000000000522
quadratic_star,module,2,QuadraticWell,0.9413925898739157,,3.928537517712387,,,3.928537517722203,,,covered,0.9999999999975014
quadratic_star,module,3,QuadraticWell,0.6042609493201444,,5.700080888741261,,,5.700080888744489,,,covered,0.9999999999994336
quadratic_star,module,4,QuadraticWell,0.12026310370089081,,0.4210466565028848,,,0.42104665650255857,,,covered,1.000000000000775
quadratic_star,module,5,QuadraticWell,0.4117853210275266,,0.2901884410180673,,,0.2901884410180938,,,covered,0.9999999999999085
quadratic_star,module,6,QuadraticWell,0.0706211458130965,,0.6109143642326768,,,0.6109143642317917,,,covered,1.0000000000014488
quadratic_star,module,7,QuadraticWell,0.6597276308778792,,1.2861172523459774,,,1.2861172523459103,,,covered,1.0000000000000522
quadratic_star,module,8,QuadraticWell,0.801620883446395,,0.19999999999972246,,,0.2,,,covered,0.9999999999986122
quadratic_star,module,9,QuadraticWell,0.07895705805791689,,2.7075768448525057,,,2.7075768448525155,,,covered,0.9999999999999963
quadratic_star,module,10,QuadraticWell,0.962639308575608,,8.270487933918938,,,8.270487933908969,,,covered,1.0000000000012053
quadratic_star,module,11,QuadraticWell,0.8767114946751101,,0.8864014347616339,,,0.8864014347599177,,,covered,1.0000000000019362
quadratic_star,coupling,0,QuadraticCoupling,0.967461526101735,0.8352838676160226,0.19999999999989593,0.19999999999989593,0.19999999999989593,0.2,0.2,0.2,covered,0.9999999999994796
quadratic_star,coupling,1,QuadraticCoupling,0.967461526101735,0.9413925898739157,0.23999999999997051,0.23999999999997051,0.23999999999997051,0.24,0.24,0.24,covered,0.9999999999998772
quadratic_star,coupling,2,QuadraticCoupling,0.967461526101735,0.6042609493201444,0.28000000000030534,0.28000000000030534,0.28000000000030534,0.28,0.28,0.28,covered,1.0000000000010905
quadratic_star,coupling,3,QuadraticCoupling,0.967461526101735,0.12026310370089081,0.15999999999977796,0.1600000000004996,0.16000000000013878,0.16,0.16,0.16,covered,1.0000000000031224
quadratic_star,coupling,4,QuadraticCoupling,0.967461526101735,0.4117853210275266,0.19999999999972246,0.2,0.19999999999986123,0.2,0.2,0.2,covered,1.0
quadratic_star,coupling,5,QuadraticCoupling,0.967461526101735,0.0706211458130965,0.23999999999966692,0.2400000000000555,0.2399999999998612,0.24,0.24,0.24,covered,1.0000000000002314
quadratic_star,coupling,6,QuadraticCoupling,0.967461526101735,0.6597276308778792,0.27999999999961145,0.27999999999961145,0.27999999999961145,0.28,0.28,0.28,covered,0.9999999999986122
quadratic_star,coupling,7,QuadraticCoupling,0.967461526101735,0.801620883446395,0.15999999999995143,0.15999999999995143,0.15999999999995143,0.16,0.16,0.16,covered,0.9999999999996965
quadratic_star,coupling,8,QuadraticCoupling,0.967461526101735,0.07895705805791689,0.19999999999972246,0.20000000000027757,0.2,0.2,0.2,0.2,covered,1.0000000000013878
quadratic_star,coupling,9,QuadraticCoupling,0.967461526101735,0.962639308575608,0.24000000000000304,0.24000000000000304,0.24000000000000304,0.24,0.24,0.24,covered,1.0000000000000127
quadratic_star,coupling,10,QuadraticCoupling,0.967461526101735,0.8767114946751101,0.2799999999999584,0.2799999999999584,0.2799999999999584,0.28,0.28,0.28,covered,0.9999999999998513
quadratic_star,module,0,QuadraticWell,0.04823297109410575,,12.00000000007494,,,12.0,,,covered,1.000000000006245
quadratic_star,module,1,QuadraticWell,0.21469440666145037,,1.8660818021135828,,,1.8660818021236707,,,covered,0.9999999999945941
quadratic_star,module,2,QuadraticWell,0.9658164551062706,,3.928537517712387,,,3.928537517722203,,,covered,0.9999999999975014
quadratic_star,module,3,QuadraticWell,0.816862002556875,,5.700080888741261,,,5.700080888744489,,,covered,0.9999999999994336
quadratic_star,module,4,QuadraticWell,0.05895105449659485,,0.42104665650259265,,,0.42104665650255857,,,covered,1.000000000000081
quadratic_star,module,5,QuadraticWell,0.8240135144779037,,0.2901884410182904,,,0.2901884410180938,,,covered,1.0000000000006775
quadratic_star,module,6,QuadraticWell,0.9376472069632641,,0.6109143642317508,,,0.6109143642317917,,,covered,0.9999999999999332
quadratic_star,module,7,QuadraticWell,0.18173708588846088,,1.286117252345777,,,1.2861172523459103,,,covered,0.9999999999998962
quadratic_star,module,8,QuadraticWell,0.3632767131020553,,0.2,,,0.2,,,covered,1.0
quadratic_star,module,9,QuadraticWell,0.08618032862573834,,2.7075768448414035,,,2.7075768448525155,,,covered,0.999999999995896
quadratic_star,module,10,QuadraticWell,0.889207666454704,,8.270487933896733,,,8.270487933908969,,,covered,0.9999999999985206
quadratic_star,module,11,QuadraticWell,0.306305288485055,,0.886401434759489,,,0.8864014347599177,,,covered,0.9999999999995163
quadratic_star,coupling,0,QuadraticCoupling,0.04823297109410575,0.21469440666145037,0.2000000000001388,0.2,0.2000000000000694,0.2,0.2,0.2,covered,1.000000000000694
quadratic_star,coupling,1,QuadraticCoupling,0.04823297109410575,0.9658164551062706,0.23999999999988897,0.23999999999966692,0.23999999999977795,0.24,0.24,0.24,covered,0.9999999999995374
quadratic_star,coupling,2,QuadraticCoupling,0.04823297109410575,0.816862002556875,0.280000000001027,0.27999999999961145,0.2800000000003192,0.28,0.28,0.28,covered,1.0000000000036677
quadratic_star,coupling,3,QuadraticCoupling,0.04823297109410575,0.05895105449659485,0.15999999999999825,0.15999999999999825,0.15999999999999825,0.16,0.16,0.16,covered,0.9999999999999891
quadratic_star,coupling,4,QuadraticCoupling,0.04823297109410575,0.8240135144779037,0.2000000000001388,0.20000000000111023,0.2000000000006245,0.2,0.2,0.2,covered,1.0000000000055511
quadratic_star,coupling,5,QuadraticCoupling,0.04823297109410575,0.9376472069632641,0.23999999999988897,0.23999999999966692,0.23999999999977795,0.24,0.24,0.24,covered,0.9999999999995374
quadratic_star,coupling,6,QuadraticCoupling,0.04823297109410575,0.18173708588846088,0.27999999999998615,0.2800000000001388,0.2800000000000625,0.28,0.28,0.28,covered,1.0000000000004956
quadratic_star,coupling,7,QuadraticCoupling,0.04823297109410575,0.3632767131020553,0.16000000000004164,0.15999999999993061,0.15999999999998613,0.16,0.16,0.16,covered,1.0000000000002602
quadratic_star,coupling,8,QuadraticCoupling,0.04823297109410575,0.08618032862573834,0.19999999999996532,0.20000000000001736,0.19999999999999135,0.2,0.2,0.2,covered,1.0000000000000868
quadratic_star,coupling,9,QuadraticCoupling,0.04823297109410575,0.889207666454704,0.23999999999988897,0.23999999999966692,0.23999999999977795,0.24,0.24,0.24,covered,0.9999999999995374
quadratic_star,coupling,10,QuadraticCoupling,0.04823297109410575,0.306305288485055,0.2800000000003331,0.2800000000001388,0.28000000000023595,0.28,0.28,0.28,covered,1.0000000000011895
quadratic_star,module,0,QuadraticWell,0.2949792904585284,,11.999999999977796,,,12.0,,,covered,0.9999999999981496
quadratic_star,module,1,QuadraticWell,0.04993882304472908,,1.8660818021148777,,,1.8660818021236707,,,covered,0.999999999995288
quadratic_star,module,2,QuadraticWell,0.02895776037636548,,3.9285375177279747,,,3.928537517722203,,,covered,1.0000000000014693
quadratic_star,module,3,QuadraticWell,0.5368878443391094,,5.700080888741261,,,5.700080888744489,,,covered,0.9999999999994336
quadratic_star,module,4,QuadraticWell,0.1139694327635753,,0.4210466565042726,,,0.42104665650255857,,,covered,1.0000000000040707
quadratic_star,module,5,QuadraticWell,0.17200997652002886,,0.2901884410180673,,,0.2901884410180938,,,covered,0.9999999999999085
quadratic_star,module,6,QuadraticWell,0.7171414181142983,,0.6109143642317508,,,0.6109143642317917,,,covered,0.9999999999999332
quadratic_star,module,7,QuadraticWell,0.8487151877315857,,1.2861172523459774,,,1.2861172523459103,,,covered,1.0000000000000522
quadratic_star,module,8,QuadraticWell,0.7845385410848204,,0.20000000000041634,,,0.2,,,covered,1.0000000000020817
quadratic_star,module,9,QuadraticWell,0.9352364477124379,,2.707576844852676,,,2.7075768448525155,,,covered,1.0000000000000593
quadratic_star,module,10,QuadraticWell,0.46708463514003556,,8.270487933908937,,,8.270487933908969,,,covered,0.9999999999999961
quadratic_star,module,11,QuadraticWell,0.5079352527895511,,0.8864014347598992,,,0.8864014347599177,,,covered,0.9999999999999791
quadratic_star,coupling,0,QuadraticCoupling,0.2949792904585284,0.04993882304472908,0.2,0.2000000000001388,0.2000000000000694,0.2,0.2,0.2,covered,1.000000000000694
quadratic_star,coupling,1,QuadraticCoupling,0.2949792904585284,0.02895776037636548,0.24000000000041632,0.24000000000066612,0.24000000000054122,0.24,0.24,0.24,covered,1.0000000000027756
quadratic_star,coupling,2,QuadraticCoupling,0.2949792904585284,0.5368878443391094,0.2800000000001388,0.27999999999961145,0.2799999999998751,0.28,0.28,0.28,covered,1.0000000000004956
quadratic_star,coupling,3,QuadraticCoupling,0.2949792904585284,0.1139694327635753,0.15999999999993061,0.16000000000015266,0.16000000000004164,0.16,0.16,0.16,covered,1.0000000000009541
quadratic_star,coupling,4,QuadraticCoupling,0.2949792904585284,0.17200997652002886,0.2,0.2,0.2,0.2,0.2,0.2,covered,1.0
quadratic_star,coupling,5,QuadraticCoupling,0.2949792904585284,0.7171414181142983,0.23999999999972244,0.23999999999966692,0.23999999999969468,0.24,0.24,0.24,covered,0.9999999999988435
quadratic_star,coupling,6,QuadraticCoupling,0.2949792904585284,0.8487151877315857,0.2799999999994449,0.27999999999961145,0.2799999999995282,0.28,0.28,0.28,covered,0.9999999999986122
quadratic_star,coupling,7,QuadraticCoupling,0.2949792904585284,0.7845385410848204,0.15999999999958367,0.16000000000047185,0.16000000000002776,0.16,0.16,0.16,covered,1.000000000002949
quadratic_star,coupling,8,QuadraticCoupling,0.2949792904585284,0.9352364477124379,0.2,0.19999999999972246,0.19999999999986123,0.2,0.2,0.2,covered,1.0
quadratic_star,coupling,9,QuadraticCoupling,0.2949792904585284,0.46708463514003556,0.24000000000006938,0.24000000000006938,0.24000000000006938,0.24,0.24,0.24,covered,1.000000000000289
quadratic_star,coupling,10,QuadraticCoupling,0.2949792904585284,0.5079352527895511,0.2800000000001388,0.2799999999999584,0.2800000000000486,0.28,0.28,0.28,covered,1.0000000000004956
quadratic_star,module,0,QuadraticWell,0.39705774715918263,,12.000000000022204,,,12.0,,,covered,1.0000000000018503
quadratic_star,module,1,QuadraticWell,0.051124194414597174,,1.86608180212598,,,1.8660818021236707,,,covered,1.0000000000012375
quadratic_star,module,2,QuadraticWell,0.13427485981040235,,3.928537517723886,,,3.928537517722203,,,covered,1.0000000000004283
quadratic_star,module,3,QuadraticWell,0.3927463157330591,,5.700080888742926,,,5.700080888744489,,,covered,0.9999999999997258
quadratic_star,module,4,QuadraticWell,0.2992493880018953,,0.42104665650299433,,,0.42104665650255857,,,covered,1.000000000001035
quadratic_star,module,5,QuadraticWell,0.8847077039348293,,0.2901884410182904,,,0.2901884410180938,,,covered,1.0000000000006775
quadratic_star,module,6,QuadraticWell,0.7807364283122128,,0.6109143642317508,,,0.6109143642317917,,,covered,0.9999999999999332
quadratic_star,module,7,QuadraticWell,0.4264300615646539,,1.286117252345777,,,1.2861172523459103,,,covered,0.9999999999998962
quadratic_star,module,8,QuadraticWell,0.37529891683356026,,0.2,,,0.2,,,covered,1.0
quadratic_star,module,9,QuadraticWell,0.07435695310327353,,2.7075768448525057,,,2.7075768448525155,,,covered,0.9999999999999963
quadratic_star,module,10,QuadraticWell,0.46986611317213983,,8.27048793390898,,,8.270487933908969,,,covered,1.0000000000000013
quadratic_star,module,11,QuadraticWell,0.49968018760664046,,0.8864014347599227,,,0.8864014347599177,,,covered,1.0000000000000056
quadratic_star,coupling,0,QuadraticCoupling,0.39705774715918263,0.051124194414597174,0.2,0.1999999999994449,0.19999999999972246,0.2,0.2,0.2,covered,1.0
quadratic_star,coupling,1,QuadraticCoupling,0.39705774715918263,0.13427485981040235,0.23999999999972244,0.23999999999972244,0.23999999999972244,0.24,0.24,0.24,covered,0.9999999999988435
quadratic_star,coupling,2,QuadraticCoupling,0.39705774715918263,0.3927463157330591,0.2799999999999978,0.2799999999999978,0.2799999999999978,0.28,0.28,0.28,covered,0.9999999999999921
quadratic_star,coupling,3,QuadraticCoupling,0.39705774715918263,0.2992493880018953,0.1600000000001041,0.1600000000001041,0.1600000000001041,0.16,0.16,0.16,covered,1.0000000000006506
quadratic_star,coupling,4,QuadraticCoupling,0.39705774715918263,0.8847077039348293,0.2,0.20000000000041634,0.20000000000020818,0.2,0.2,0.2,covered,1.0000000000020817
quadratic_star,coupling,5,QuadraticCoupling,0.39705774715918263,0.7807364283122128,0.24000000000041632,0.2400000000003608,0.24000000000038857,0.24,0.24,0.24,covered,1.0000000000017348
quadratic_star,coupling,6,QuadraticCoupling,0.39705774715918263,0.4264300615646539,0.27999999999996533,0.27999999999996533,0.27999999999996533,0.28,0.28,0.28,covered,0.9999999999998761
quadratic_star,coupling,7,QuadraticCoupling,0.39705774715918263,0.37529891683356026,0.15999999999999567,0.15999999999999567,0.15999999999999567,0.16,0.16,0.16,covered,0.9999999999999729
quadratic_star,coupling,8,QuadraticCoupling,0.39705774715918263,0.07435695310327353,0.2,0.19999999999958368,0.19999999999979184,0.2,0.2,0.2,covered,1.0
quadratic_star,coupling,9,QuadraticCoupling,0.39705774715918263,0.46986611317213983,0.24000000000006938,0.24000000000006938,0.24000000000006938,0.24,0.24,0.24,covered,1.000000000000289
quadratic_star,coupling,10,QuadraticCoupling,0.39705774715918263,0.49968018760664046,0.2800000000001388,0.2800000000001388,0.2800000000001388,0.28,0.28,0.28,covered,1.0000000000004956
quadratic_star,module,0,QuadraticWell,0.6060912323547063,,12.0,,,12.0,,,covered,1.0
quadratic_star,module,1,QuadraticWell,0.15853109208957647,,1.866081802124685,,,1.8660818021236707,,,covered,1.0000000000005436
quadratic_star,module,2,QuadraticWell,0.18553164521682816,,3.9285375177211104,,,3.928537517722203,,,covered,0.9999999999997219
quadratic_star,module,3,QuadraticWell,0.9487206891442671,,5.700080888741261,,,5.700080888744489,,,covered,0.9999999999994336
quadratic_star,module,4,QuadraticWell,0.5635672412005317,,0.42104665650255607,,,0.42104665650255857,,,covered,0.9999999999999941
quadratic_star,module,5,QuadraticWell,0.19698405344569048,,0.2901884410180673,,,0.2901884410180938,,,covered,0.9999999999999085
quadratic_star,module,6,QuadraticWell,0.7223027922903671,,0.6109143642317508,,,0.6109143642317917,,,covered,0.9999999999999332
quadratic_star,module,7,QuadraticWell,0.7923214380067886,,1.2861172523459774,,,1.2861172523459103,,,covered,1.0000000000000522
quadratic_star,module,8,QuadraticWell,0.9647009063105663,,0.19999999999972246,,,0.2,,,covered,0.9999999999986122
quadratic_star,module,9,QuadraticWell,0.19907834055539922,,2.7075768448487483,,,2.7075768448525155,,,covered,0.9999999999986087
quadratic_star,module,10,QuadraticWell,0.6843164832936546,,8.270487933907836,,,8.270487933908969,,,covered,0.999999999999863
quadratic_star,module,11,QuadraticWell,0.4951905402465854,,0.8864014347599227,,,0.8864014347599177,,,covered,1.0000000000000056
quadratic_star,coupling,0,QuadraticCoupling,0.6060912323547063,0.15853109208957647,0.19999999999972246,0.2,0.19999999999986123,0.2,0.2,0.2,covered,1.0
quadratic_star,coupling,1,QuadraticCoupling,0.6060912323547063,0.18553164521682816,0.2400000000003608,0.24000000000041632,0.24000000000038857,0.24,0.24,0.24,covered,1.0000000000017348
quadratic_star,coupling,2,QuadraticCoupling,0.6060912323547063,0.9487206891442671,0.27999999999961145,0.27999999999961145,0.27999999999961145,0.28,0.28,0.28,covered,0.9999999999986122
quadratic_star,coupling,3,QuadraticCoupling,0.6060912323547063,0.5635672412005317,0.15999999999999479,0.15999999999999479,0.15999999999999479,0.16,0.16,0.16,covered,0.9999999999999674
quadratic_star,coupling,4,QuadraticCoupling,0.6060912323547063,0.19698405344569048,0.20000000000041634,0.2,0.20000000000020818,0.2,0.2,0.2,covered,1.0000000000020817
quadratic_star,coupling,5,QuadraticCoupling,0.6060912323547063,0.7223027922903671,0.24000000000001387,0.24000000000001387,0.24000000000001387,0.24,0.24,0.24,covered,1.0000000000000577
quadratic_star,coupling,6,QuadraticCoupling,0.6060912323547063,0.7923214380067886,0.2799999999999584,0.2799999999999584,0.2799999999999584,0.28,0.28,0.28,covered,0.9999999999998513
quadratic_star,coupling,7,QuadraticCoupling,0.6060912323547063,0.9647009063105663,0.15999999999977796,0.15999999999977796,0.15999999999977796,0.16,0.16,0.16,covered,0.9999999999986122
quadratic_star,coupling,8,QuadraticCoupling,0.6060912323547063,0.19907834055539922,0.20000000000041634,0.2,0.20000000000020818,0.2,0.2,0.2,covered,1.0000000000020817
quadratic_star,coupling,9,QuadraticCoupling,0.6060912323547063,0.6843164832936546,0.24000000000001387,0.24000000000001387,0.24000000000001387,0.24,0.24,0.24,covered,1.0000000000000577
quadratic_star,coupling,10,QuadraticCoupling,0.6060912323547063,0.4951905402465854,0.2799999999999584,0.27999999999996533,0.27999999999996183,0.28,0.28,0.28,covered,0.9999999999998761
quadratic_star,module,0,QuadraticWell,0.09245698490156613,,11.999999999994449,,,12.0,,,covered,0.9999999999995374
quadratic_star,module,1,QuadraticWell,0.22042080465073696,,1.866081802124685,,,1.8660818021236707,,,covered,1.0000000000005436
quadratic_star,module,2,QuadraticWell,0.2539240179180673,,3.928537517722498,,,3.928537517722203,,,covered,1.0000000000000753
quadratic_star,module,3,QuadraticWell,0.5861731471819905,,5.700080888741261,,,5.700080888744489,,,covered,0.9999999999994336
quadratic_star,module,4,QuadraticWell,0.5343800145608925,,0.42104665650255607,,,0.42104665650255857,,,covered,0.9999999999999941
quadratic_star,module,5,QuadraticWell,0.23495872748171082,,0.2901884410180673,,,0.2901884410180938,,,covered,0.9999999999999085
quadratic_star,module,6,QuadraticWell,0.17628628051557585,,0.610914364231829,,,0.6109143642317917,,,covered,1.000000000000061
quadratic_star,module,7,QuadraticWell,0.770711114140191,,1.2861172523458908,,,1.2861172523459103,,,covered,0.9999999999999848
quadratic_star,module,8,QuadraticWell,0.40839473944874605,,0.2,,,0.2,,,covered,1.0
quadratic_star,module,9,QuadraticWell,0.7575828407152347,,2.707576844852676,,,2.7075768448525155,,,covered,1.0000000000000593
quadratic_star,module,10,QuadraticWell,0.810907673052079,,8.270487933918938,,,8.270487933908969,,,covered,1.0000000000012053
quadratic_star,module,11,QuadraticWell,0.05047429874340928,,0.8864014347573285,,,0.8864014347599177,,,covered,0.9999999999970789
quadratic_star,coupling,0,QuadraticCoupling,0.09245698490156613,0.22042080465073696,0.19999999999993062,0.2,0.19999999999996532,0.2,0.2,0.2,covered,1.0
quadratic_star,coupling,1,QuadraticCoupling,0.09245698490156613,0.2539240179180673,0.2400000000000555,0.24000000000006938,0.24000000000006244,0.24,0.24,0.24,covered,1.000000000000289
quadratic_star,coupling,2,QuadraticCoupling,0.09245698490156613,0.5861731471819905,0.28000000000122127,0.27999999999961145,0.28000000000041636,0.28,0.28,0.28,covered,1.0000000000043616
quadratic_star,coupling,3,QuadraticCoupling,0.09245698490156613,0.5343800145608925,0.1600000000004996,0.15999999999977796,0.16000000000013878,0.16,0.16,0.16,covered,1.0000000000031224
quadratic_star,coupling,4,QuadraticCoupling,0.09245698490156613,0.23495872748171082,0.2000000000001041,0.2,0.20000000000005205,0.2,0.2,0.2,covered,1.0000000000005205
quadratic_star,coupling,5,QuadraticCoupling,0.09245698490156613,0.17628628051557585,0.2400000000000555,0.24000000000006938,0.24000000000006244,0.24,0.24,0.24,covered,1.000000000000289
quadratic_star,coupling,6,QuadraticCoupling,0.09245698490156613,0.770711114140191,0.2799999999998335,0.27999999999961145,0.27999999999972247,0.28,0.28,0.28,covered,0.9999999999994053
quadratic_star,coupling,7,QuadraticCoupling,0.09245698490156613,0.40839473944874605,0.1600000000004996,0.16000000000027756,0.16000000000038858,0.16,0.16,0.16,covered,1.0000000000031224
quadratic_star,coupling,8,QuadraticCoupling,0.09245698490156613,0.7575828407152347,0.20000000000027757,0.19999999999972246,0.2,0.2,0.2,0.2,covered,1.0000000000013878
quadratic_star,coupling,9,QuadraticCoupling,0.09245698490156613,0.810907673052079,0.2400000000000555,0.23999999999966692,0.2399999999998612,0.24,0.24,0.24,covered,1.0000000000002314
quadratic_star,coupling,10,QuadraticCoupling,0.09245698490156613,0.05047429874340928,0.28000000000000697,0.27999999999998615,0.2799999999999966,0.28,0.28,0.28,covered,1.0000000000000249
quadratic_star,module,0,QuadraticWell,0.1306937688864633,,11.999999999977796,,,12.0,,,covered,0.9999999999981496
quadratic_star,module,1,QuadraticWell,0.6684683826407185,,1.8660818021239416,,,1.8660818021236707,,,covered,1.0000000000001452
quadratic_star,module,2,QuadraticWell,0.7133875249392745,,3.9285375177234894,,,3.928537517722203,,,covered,1.0000000000003275
quadratic_star,module,3,QuadraticWell,0.32082921336496306,,5.700080888745702,,,5.700080888744489,,,covered,1.0000000000002127
quadratic_star,module,4,QuadraticWell,0.8076469030928959,,0.42104665650255607,,,0.42104665650255857,,,covered,0.9999999999999941
quadratic_star,module,5,QuadraticWell,0.06330383677954543,,0.29018844101847,,,0.2901884410180938,,,covered,1.0000000000012963
quadratic_star,module,6,QuadraticWell,0.0530986845508125,,0.6109143642322529,,,0.6109143642317917,,,covered,1.000000000000755
quadratic_star,module,7,QuadraticWell,0.816667407786459,,1.2861172523459774,,,1.2861172523459103,,,covered,1.0000000000000522
quadratic_star,module,8,QuadraticWell,0.16699468214260188,,0.2,,,0.2,,,covered,1.0
quadratic_star,module,9,QuadraticWell,0.26477317618843255,,2.7075768448542994,,,2.7075768448525155,,,covered,1.0000000000006588
quadratic_star,module,10,QuadraticWell,0.9576796590405018,,8.270487933918938,,,8.270487933908969,,,covered,1.0000000000012053
quadratic_star,module,11,QuadraticWell,0.4615131163700477,,0.8864014347598359,,,0.8864014347599177,,,covered,0.9999999999999077
quadratic_star,coupling,0,QuadraticCoupling,0.1306937688864633,0.6684683826407185,0.2,0.20000000000041634,0.20000000000020818,0.2,0.2,0.2,covered,1.0000000000020817
quadratic_star,coupling,1,QuadraticCoupling,0.1306937688864633,0.7133875249392745,0.23999999999972244,0.2400000000010547,0.24000000000038857,0.24,0.24,0.24,covered,1.0000000000043947
quadratic_star,coupling,2,QuadraticCoupling,0.1306937688864633,0.32082921336496306,0.2800000000001388,0.2800000000001388,0.2800000000001388,0.28,0.28,0.28,covered,1.0000000000004956
quadratic_star,coupling,3,QuadraticCoupling,0.1306937688864633,0.8076469030928959,0.16000000000027756,0.16000000000047185,0.1600000000003747,0.16,0.16,0.16,covered,1.000000000002949
quadratic_star,coupling,4,QuadraticCoupling,0.1306937688864633,0.06330383677954543,0.2,0.20000000000001736,0.20000000000000867,0.2,0.2,0.2,covered,1.0000000000000868
quadratic_star,coupling,5,QuadraticCoupling,0.1306937688864633,0.0530986845508125,0.2399999999998959,0.2399999999997155,0.2399999999998057,0.24,0.24,0.24,covered,0.9999999999995663
quadratic_star,coupling,6,QuadraticCoupling,0.1306937688864633,0.816667407786459,0.2799999999994449,0.27999999999961145,0.2799999999995282,0.28,0.28,0.28,covered,0.9999999999986122
quadratic_star,coupling,7,QuadraticCoupling,0.1306937688864633,0.16699468214260188,0.15999999999997397,0.15999999999997397,0.15999999999997397,0.16,0.16,0.16,covered,0.9999999999998372
quadratic_star,coupling,8,QuadraticCoupling,0.1306937688864633,0.26477317618843255,0.2,0.2,0.2,0.2,0.2,0.2,covered,1.0
quadratic_star,coupling,9,QuadraticCoupling,0.1306937688864633,0.9576796590405018,0.23999999999972244,0.23999999999966692,0.23999999999969468,0.24,0.24,0.24,covered,0.9999999999988435
quadratic_star,coupling,10,QuadraticCoupling,0.1306937688864633,0.4615131163700477,0.2800000000001388,0.2800000000001388,0.2800000000001388,0.28,0.28,0.28,covered,1.0000000000004956
quadratic_star,module,0,QuadraticWell,0.7048381249704124,,12.0,,,12.0,,,covered,1.0
quadratic_star,module,1,QuadraticWell,0.645251751720017,,1.8660818021239416,,,1.8660818021236707,,,covered,1.0000000000001452
quadratic_star,module,2,QuadraticWell,0.5112289872005585,,3.9285375177234894,,,3.928537517722203,,,covered,1.0000000000003275
quadratic_star,module,3,QuadraticWell,0.7140194825291805,,5.700080888741261,,,5.700080888744489,,,covered,0.9999999999994336
quadratic_star,module,4,QuadraticWell,0.8411925596810446,,0.42104665650255607,,,0.42104665650255857,,,covered,0.9999999999999941
quadratic_star,module,5,QuadraticWell,0.3943570917058768,,0.2901884410180673,,,0.2901884410180938,,,covered,0.9999999999999085
quadratic_star,module,6,QuadraticWell,0.02114630481586705,,0.6109143642324648,,,0.6109143642317917,,,covered,1.0000000000011018
quadratic_star,module,7,QuadraticWell,0.6956166689055577,,1.2861172523459774,,,1.2861172523459103,,,covered,1.0000000000000522
quadratic_star,module,8,QuadraticWell,0.40718079722521233,,0.2,,,0.2,,,covered,1.0
quadratic_star,module,9,QuadraticWell,0.6555039386135293,,2.707576844852676,,,2.7075768448525155,,,covered,1.0000000000000593
quadratic_star,module,10,QuadraticWell,0.9714774174099216,,8.270487933918938,,,8.270487933908969,,,covered,1.0000000000012053
quadratic_star,module,11,QuadraticWell,0.44744888232099533,,0.8864014347598359,,,0.8864014347599177,,,covered,0.9999999999999077
quadratic_star,coupling,0,QuadraticCoupling,0.7048381249704124,0.645251751720017,0.19999999999998266,0.19999999999998266,0.19999999999998266,0.2,0.2,0.2,covered,0.9999999999999133
quadratic_star,coupling,1,QuadraticCoupling,0.7048381249704124,0.5112289872005585,0.24000000000001387,0.24000000000001387,0.24000000000001387,0.24,0.24,0.24,covered,1.0000000000000577
quadratic_star,coupling,2,QuadraticCoupling,0.7048381249704124,0.7140194825291805,0.28000000000000175,0.28000000000000175,0.28000000000000175,0.28,0.28,0.28,covered,1.0000000000000062
quadratic_star,coupling,3,QuadraticCoupling,0.7048381249704124,0.8411925596810446,0.15999999999995143,0.15999999999995143,0.15999999999995143,0.16,0.16,0.16,covered,0.9999999999996965
quadratic_star,coupling,4,QuadraticCoupling,0.7048381249704124,0.3943570917058768,0.2000000000000694,0.2,0.2000000000000347,0.2,0.2,0.2,covered,1.0000000000003468
quadratic_star,coupling,5,QuadraticCoupling,0.7048381249704124,0.02114630481586705,0.2400000000010547,0.24000000000136001,0.24000000000120736,0.24,0.24,0.24,covered,1.0000000000056668
quadratic_star,coupling,6,QuadraticCoupling,0.7048381249704124,0.6956166689055577,0.28000000000000175,0.28000000000000175,0.28000000000000175,0.28,0.28,0.28,covered,1.0000000000000062
quadratic_star,coupling,7,QuadraticCoupling,0.7048381249704124,0.40718079722521233,0.1600000000001249,0.15999999999993061,0.16000000000002776,0.16,0.16,0.16,covered,1.0000000000007807
quadratic_star,coupling,8,QuadraticCoupling,0.7048381249704124,0.6555039386135293,0.19999999999998266,0.19999999999998266,0.19999999999998266,0.2,0.2,0.2,covered,0.9999999999999133
quadratic_star,coupling,9,QuadraticCoupling,0.7048381249704124,0.9714774174099216,0.23999999999966692,0.23999999999966692,0.23999999999966692,0.24,0.24,0.24,covered,0.9999999999986122
quadratic_star,coupling,10,QuadraticCoupling,0.7048381249704124,0.44744888232099533,0.27999999999961145,0.2800000000001388,0.2799999999998751,0.28,0.28,0.28,covered,1.0000000000004956
quadratic_star,module,0,QuadraticWell,0.9195611206586481,,12.0,,,12.0,,,covered,1.0
quadratic_star,module,1,QuadraticWell,0.5994817282042324,,1.8660818021239416,,,1.8660818021236707,,,covered,1.0000000000001452
quadratic_star,module,2,QuadraticWell,0.3222346948360173,,3.928537517722498,,,3.928537517722203,,,covered,1.0000000000000753
quadratic_star,module,3,QuadraticWell,0.3481871817979218,,5.700080888742926,,,5.700080888744489,,,covered,0.9999999999997258
quadratic_star,module,4,QuadraticWell,0.1758047397218885,,0.42104665650230044,,,0.42104665650255857,,,covered,0.9999999999993869
quadratic_star,module,5,QuadraticWell,0.44937785833986754,,0.2901884410180673,,,0.2901884410180938,,,covered,0.9999999999999085
quadratic_star,module,6,QuadraticWell,0.5500265087172508,,0.6109143642310569,,,0.6109143642317917,,,covered,0.9999999999987973
quadratic_star,module,7,QuadraticWell,0.8028825378591952,,1.2861172523459774,,,1.2861172523459103,,,covered,1.0000000000000522
quadratic_star,module,8,QuadraticWell,0.8152388517361088,,0.19999999999972246,,,0.2,,,covered,0.9999999999986122
quadratic_star,module,9,QuadraticWell,0.8813111513164891,,2.707576844852676,,,2.7075768448525155,,,covered,1.0000000000000593
quadratic_star,module,10,QuadraticWell,0.3569061387872268,,8.270487933911886,,,8.270487933908969,,,covered,1.0000000000003526
quadratic_star,module,11,QuadraticWell,0.2479972392961862,,0.886401434759489,,,0.8864014347599177,,,covered,0.9999999999995163
quadratic_star,coupling,0,QuadraticCoupling,0.9195611206586481,0.5994817282042324,0.19999999999972246,0.19999999999972246,0.19999999999972246,0.2,0.2,0.2,covered,0.9999999999986122
quadratic_star,coupling,1,QuadraticCoupling,0.9195611206586481,0.3222346948360173,0.23999999999966692,0.23999999999833466,0.2399999999990008,0.24,0.24,0.24,covered,0.9999999999986122
quadratic_star,coupling,2,QuadraticCoupling,0.9195611206586481,0.3481871817979218,0.27999999999961145,0.2799999999994449,0.2799999999995282,0.28,0.28,0.28,covered,0.9999999999986122
quadratic_star,coupling,3,QuadraticCoupling,0.9195611206586481,0.1758047397218885,0.15999999999977796,0.15999999999958367,0.15999999999968081,0.16,0.16,0.16,covered,0.9999999999986122
quadratic_star,coupling,4,QuadraticCoupling,0.9195611206586481,0.44937785833986754,0.19999999999972246,0.2,0.19999999999986123,0.2,0.2,0.2,covered,1.0
quadratic_star,coupling,5,QuadraticCoupling,0.9195611206586481,0.5500265087172508,0.2400000000003608,0.2400000000003608,0.2400000000003608,0.24,0.24,0.24,covered,1.0000000000015035
quadratic_star,coupling,6,QuadraticCoupling,0.9195611206586481,0.8028825378591952,0.2799999999999584,0.2799999999999584,0.2799999999999584,0.28,0.28,0.28,covered,0.9999999999998513
quadratic_star,coupling,7,QuadraticCoupling,0.9195611206586481,0.8152388517361088,0.15999999999995143,0.15999999999995143,0.15999999999995143,0.16,0.16,0.16,covered,0.9999999999996965
quadratic_star,coupling,8,QuadraticCoupling,0.9195611206586481,0.8813111513164891,0.19999999999998266,0.19999999999998266,0.19999999999998266,0.2,0.2,0.2,covered,0.9999999999999133
quadratic_star,coupling,9,QuadraticCoupling,0.9195611206586481,0.3569061387872268,0.23999999999966692,0.23999999999972244,0.23999999999969468,0.24,0.24,0.24,covered,0.9999999999988435
quadratic_star,coupling,10,QuadraticCoupling,0.9195611206586481,0.2479972392961862,0.27999999999961145,0.2800000000008327,0.28000000000022207,0.28,0.28,0.28,covered,1.0000000000029738
quadratic_star,module,0,QuadraticWell,0.2953770029529732,,12.000000000066613,,,12.0,,,covered,1.0000000000055511
quadratic_star,module,1,QuadraticWell,0.7264005482585149,,1.8660818021239416,,,1.8660818021236707,,,covered,1.0000000000001452
quadratic_star,module,2,QuadraticWell,0.15907628093122403,,3.928537517718335,,,3.928537517722203,,,covered,0.9999999999990155
quadratic_star,module,3,QuadraticWell,0.785275078807885,,5.700080888741261,,,5.700080888744489,,,covered,0.9999999999994336
quadratic_star,module,4,QuadraticWell,0.7100299044473944,,0.42104665650255607,,,0.42104665650255857,,,covered,0.9999999999999941
quadratic_star,module,5,QuadraticWell,0.29965442425383315,,0.2901884410180673,,,0.2901884410180938,,,covered,0.9999999999999085
quadratic_star,module,6,QuadraticWell,0.5851321601375208,,0.6109143642310569,,,0.6109143642317917,,,covered,0.9999999999987973
quadratic_star,module,7,QuadraticWell,0.5482902071285323,,1.2861172523445896,,,1.2861172523459103,,,covered,0.999999999998973
quadratic_star,module,8,QuadraticWell,0.31058387439696644,,0.2,,,0.2,,,covered,1.0
quadratic_star,module,9,QuadraticWell,0.3810201479315572,,2.7075768448487483,,,2.7075768448525155,,,covered,0.9999999999986087
quadratic_star,module,10,QuadraticWell,0.7942907360367167,,8.270487933896733,,,8.270487933908969,,,covered,0.9999999999985206
quadratic_star,module,11,QuadraticWell,0.04731249704172871,,0.886401434760104,,,0.8864014347599177,,,covered,1.0000000000002103
quadratic_star,coupling,0,QuadraticCoupling,0.2953770029529732,0.7264005482585149,0.2,0.20000000000041634,0.20000000000020818,0.2,0.2,0.2,covered,1.0000000000020817
quadratic_star,coupling,1,QuadraticCoupling,0.2953770029529732,0.15907628093122403,0.24000000000006938,0.24000000000006938,0.24000000000006938,0.24,0.24,0.24,covered,1.000000000000289
quadratic_star,coupling,2,QuadraticCoupling,0.2953770029529732,0.785275078807885,0.2800000000008327,0.27999999999961145,0.28000000000022207,0.28,0.28,0.28,covered,1.0000000000029738
quadratic_star,coupling,3,QuadraticCoupling,0.2953770029529732,0.7100299044473944,0.15999999999958367,0.16000000000047185,0.16000000000002776,0.16,0.16,0.16,covered,1.000000000002949
quadratic_star,coupling,4,QuadraticCoupling,0.2953770029529732,0.29965442425383315,0.2,0.2,0.2,0.2,0.2,0.2,covered,1.0
quadratic_star,coupling,5,QuadraticCoupling,0.2953770029529732,0.5851321601375208,0.24000000000041632,0.2400000000003608,0.24000000000038857,0.24,0.24,0.24,covered,1.0000000000017348
quadratic_star,coupling,6,QuadraticCoupling,0.2953770029529732,0.5482902071285323,0.2799999999994449,0.27999999999961145,0.2799999999995282,0.28,0.28,0.28,covered,0.9999999999986122
quadratic_star,coupling,7,QuadraticCoupling,0.2953770029529732,0.31058387439696644,0.16000000000001735,0.16000000000001735,0.16000000000001735,0.16,0.16,0.16,covered,1.0000000000001084
quadratic_star,coupling,8,QuadraticCoupling,0.2953770029529732,0.3810201479315572,0.2,0.2,0.2,0.2,0.2,0.2,covered,1.0
quadratic_star,coupling,9,QuadraticCoupling,0.2953770029529732,0.7942907360367167,0.24000000000041632,0.2400000000003608,0.24000000000038857,0.24,0.24,0.24,covered,1.0000000000017348
quadratic_star,coupling,10,QuadraticCoupling,0.2953770029529732,0.04731249704172871,0.2800000000001388,0.2800000000003331,0.28000000000023595,0.28,0.28,0.28,covered,1.0000000000011895
quadratic_star,module,0,QuadraticWell,0.4655649703586147,,12.000000000022204,,,12.0,,,covered,1.0000000000018503
quadratic_star,module,1,QuadraticWell,0.23144684699531828,,1.866081802124685,,,1.8660818021236707,,,covered,1.0000000000005436
quadratic_star,module,2,QuadraticWell,0.15149485634038942,,3.928537517718335,,,3.928537517722203,,,covered,0.9999999999990155
quadratic_star,module,3,QuadraticWell,0.17430225808086844,,5.700080888742926,,,5.700080888744489,,,covered,0.9999999999997258
quadratic_star,module,4,QuadraticWell,0.6759383641530693,,0.42104665650255607,,,0.42104665650255857,,,covered,0.9999999999999941
quadratic_star,module,5,QuadraticWell,0.5372278537874967,,0.29018844101807356,,,0.2901884410180938,,,covered,0.9999999999999302
quadratic_star,module,6,QuadraticWell,0.26289576900990297,,0.6109143642290534,,,0.6109143642317917,,,covered,0.9999999999955178
quadratic_star,module,7,QuadraticWell,0.3815233191959869,,1.286117252345777,,,1.2861172523459103,,,covered,0.9999999999998962
quadratic_star,module,8,QuadraticWell,0.3748800712304529,,0.2,,,0.2,,,covered,1.0
quadratic_star,module,9,QuadraticWell,0.18342020617277055,,2.7075768448487483,,,2.7075768448525155,,,covered,0.9999999999986087
quadratic_star,module,10,QuadraticWell,0.9048910488595209,,8.270487933918938,,,8.270487933908969,,,covered,1.0000000000012053
quadratic_star,module,11,QuadraticWell,0.39127960372567233,,0.8864014347601828,,,0.8864014347599177,,,covered,1.000000000000299
quadratic_star,coupling,0,QuadraticCoupling,0.4655649703586147,0.23144684699531828,0.2,0.2,0.2,0.2,0.2,0.2,covered,1.0
quadratic_star,coupling,1,QuadraticCoupling,0.4655649703586147,0.15149485634038942,0.24000000000041632,0.24000000000041632,0.24000000000041632,0.24,0.24,0.24,covered,1.0000000000017348
quadratic_star,coupling,2,QuadraticCoupling,0.4655649703586147,0.17430225808086844,0.2800000000001388,0.2800000000001388,0.2800000000001388,0.28,0.28,0.28,covered,1.0000000000004956
quadratic_star,coupling,3,QuadraticCoupling,0.4655649703586147,0.6759383641530693,0.16000000000027756,0.15999999999977796,0.16000000000002776,0.16,0.16,0.16,covered,1.0000000000017346
quadratic_star,coupling,4,QuadraticCoupling,0.4655649703586147,0.5372278537874967,0.2,0.19999999999998266,0.19999999999999135,0.2,0.2,0.2,covered,1.0
quadratic_star,coupling,5,QuadraticCoupling,0.4655649703586147,0.26289576900990297,0.24000000000006938,0.24000000000006938,0.24000000000006938,0.24,0.24,0.24,covered,1.000000000000289
quadratic_star,coupling,6,QuadraticCoupling,0.4655649703586147,0.3815233191959869,0.27999999999996533,0.27999999999996533,0.27999999999996533,0.28,0.28,0.28,covered,0.9999999999998761
quadratic_star,coupling,7,QuadraticCoupling,0.4655649703586147,0.3748800712304529,0.15999999999993061,0.15999999999993061,0.15999999999993061,0.16,0.16,0.16,covered,0.9999999999995663
quadratic_star,coupling,8,QuadraticCoupling,0.4655649703586147,0.18342020617277055,0.2,0.2,0.2,0.2,0.2,0.2,covered,1.0
quadratic_star,coupling,9,QuadraticCoupling,0.4655649703586147,0.9048910488595209,0.23999999999972244,0.23999999999966692,0.23999999999969468,0.24,0.24,0.24,covered,0.9999999999988435
quadratic_star,coupling,10,QuadraticCoupling,0.4655649703586147,0.39127960372567233,0.27999999999996533,0.27999999999996533,0.27999999999996533,0.28,0.28,0.28,covered,0.9999999999998761
quadratic_star,module,0,QuadraticWell,0.8240594664904527,,12.0,,,12.0,,,covered,1.0
quadratic_star,module,1,QuadraticWell,0.7576509206311419,,1.8660818021239416,,,1.8660818021236707,,,covered,1.0000000000001452
quadratic_star,module,2,QuadraticWell,0.423637142848611,,3.9285375177211104,,,3.928537517722203,,,covered,0.9999999999997219
quadratic_star,module,3,QuadraticWell,0.13490919182370212,,5.700080888742926,,,5.700080888744489,,,covered,0.9999999999997258
quadratic_star,module,4,QuadraticWell,0.3105893069040762,,0.42104665650230044,,,0.42104665650255857,,,covered,0.9999999999993869
quadratic_star,module,5,QuadraticWell,0.04204862245786138,,0.29018844101826863,,,0.2901884410180938,,,covered,1.0000000000006024
quadratic_star,module,6,QuadraticWell,0.18099463089823703,,0.610914364231829,,,0.6109143642317917,,,covered,1.000000000000061
quadratic_star,module,7,QuadraticWell,0.3863827009658492,,1.286117252345777,,,1.2861172523459103,,,covered,0.9999999999998962
quadratic_star,module,8,QuadraticWell,0.5113811300245773,,0.20000000000041634,,,0.2,,,covered,1.0000000000020817
quadratic_star,module,9,QuadraticWell,0.04464894503714412,,2.7075768448395245,,,2.7075768448525155,,,covered,0.999999999995202
quadratic_star,module,10,QuadraticWell,0.9386514891464001,,8.270487933918938,,,8.270487933908969,,,covered,1.0000000000012053
quadratic_star,module,11,QuadraticWell,0.8088588241147477,,0.8864014347588584,,,0.8864014347599177,,,covered,0.9999999999988048
quadratic_star,coupling,0,QuadraticCoupling,0.8240594664904527,0.7576509206311419,0.2000000000000694,0.2000000000000694,0.2000000000000694,0.2,0.2,0.2,covered,1.0000000000003468
quadratic_star,coupling,1,QuadraticCoupling,0.8240594664904527,0.423637142848611,0.2400000000003608,0.24000000000041632,0.24000000000038857,0.24,0.24,0.24,covered,1.0000000000017348
quadratic_star,coupling,2,QuadraticCoupling,0.8240594664904527,0.13490919182370212,0.27999999999961145,0.2799999999994449,0.2799999999995282,0.28,0.28,0.28,covered,0.9999999999986122
quadratic_star,coupling,3,QuadraticCoupling,0.8240594664904527,0.3105893069040762,0.15999999999977796,0.16000000000027756,0.16000000000002776,0.16,0.16,0.16,covered,1.0000000000017346
quadratic_star,coupling,4,QuadraticCoupling,0.8240594664904527,0.04204862245786138,0.19999999999972246,0.2000000000001388,0.19999999999993062,0.2,0.2,0.2,covered,1.000000000000694
quadratic_star,coupling,5,QuadraticCoupling,0.8240594664904527,0.18099463089823703,0.23999999999966692,0.23999999999972244,0.23999999999969468,0.24,0.24,0.24,covered,0.9999999999988435
quadratic_star,coupling,6,QuadraticCoupling,0.8240594664904527,0.3863827009658492,0.28000000000030534,0.2800000000001388,0.28000000000022207,0.28,0.28,0.28,covered,1.0000000000010905
quadratic_star,coupling,7,QuadraticCoupling,0.8240594664904527,0.5113811300245773,0.1600000000001249,0.1600000000001249,0.1600000000001249,0.16,0.16,0.16,covered,1.0000000000007807
quadratic_star,coupling,8,QuadraticCoupling,0.8240594664904527,0.04464894503714412,0.19999999999972246,0.199999999998751,0.19999999999923673,0.2,0.2,0.2,covered,0.9999999999986122
quadratic_star,coupling,9,QuadraticCoupling,0.8240594664904527,0.9386514891464001,0.24000000000001387,0.24000000000001387,0.24000000000001387,0.24,0.24,0.24,covered,1.0000000000000577
quadratic_star,coupling,10,QuadraticCoupling,0.8240594664904527,0.8088588241147477,0.28000000000000175,0.28000000000000175,0.28000000000000175,0.28,0.28,0.28,covered,1.0000000000000062
quadratic_star,module,0,QuadraticWell,0.9034224782608726,,12.0,,,12.0,,,covered,1.0
quadratic_star,module,1,QuadraticWell,0.46146998288487406,,1.866081802124685,,,1.8660818021236707,,,covered,1.0000000000005436
quadratic_star,module,2,QuadraticWell,0.7114695631737052,,3.9285375177234894,,,3.928537517722203,,,covered,1.0000000000003275
quadratic_star,module,3,QuadraticWell,0.543881599036072,,5.700080888741261,,,5.700080888744489,,,covered,0.9999999999994336
quadratic_star,module,4,QuadraticWell,0.7207335097934483,,0.42104665650255607,,,0.42104665650255857,,,covered,0.9999999999999941
quadratic_star,module,5,QuadraticWell,0.41605401574051976,,0.2901884410180673,,,0.2901884410180938,,,covered,0.9999999999999085
quadratic_star,module,6,QuadraticWell,0.6850768347949412,,0.6109143642317508,,,0.6109143642317917,,,covered,0.9999999999999332
quadratic_star,module,7,QuadraticWell,0.2638671389940389,,1.286117252345777,,,1.2861172523459103,,,covered,0.9999999999998962
quadratic_star,module,8,QuadraticWell,0.10635405248213367,,0.19999999999993062,,,0.2,,,covered,0.999999999999653
quadratic_star,module,9,QuadraticWell,0.7010008602955716,,2.707576844852676,,,2.7075768448525155,,,covered,1.0000000000000593
quadratic_star,module,10,QuadraticWell,0.4715966119492412,,8.270487933908937,,,8.270487933908969,,,covered,0.9999999999999961
quadratic_star,module,11,QuadraticWell,0.1213588964092915,,0.8864014347607191,,,0.8864014347599177,,,covered,1.0000000000009042
quadratic_star,coupling,0,QuadraticCoupling,0.9034224782608726,0.46146998288487406,0.19999999999972246,0.2,0.19999999999986123,0.2,0.2,0.2,covered,1.0
quadratic_star,coupling,1,QuadraticCoupling,0.9034224782608726,0.7114695631737052,0.24000000000001387,0.24000000000001387,0.24000000000001387,0.24,0.24,0.24,covered,1.0000000000000577
quadratic_star,coupling,2,QuadraticCoupling,0.9034224782608726,0.543881599036072,0.28000000000030534,0.28000000000030534,0.28000000000030534,0.28,0.28,0.28,covered,1.0000000000010905
quadratic_star,coupling,3,QuadraticCoupling,0.9034224782608726,0.7207335097934483,0.15999999999995143,0.15999999999995143,0.15999999999995143,0.16,0.16,0.16,covered,0.9999999999996965
quadratic_star,coupling,4,QuadraticCoupling,0.9034224782608726,0.41605401574051976,0.19999999999972246,0.2,0.19999999999986123,0.2,0.2,0.2,covered,1.0
quadratic_star,coupling,5,QuadraticCoupling,0.9034224782608726,0.6850768347949412,0.24000000000001387,0.24000000000001387,0.24000000000001387,0.24,0.24,0.24,covered,1.0000000000000577
quadratic_star,coupling,6,QuadraticCoupling,0.9034224782608726,0.2638671389940389,0.27999999999961145,0.27999999999805714,0.2799999999988343,0.28,0.28,0.28,covered,0.9999999999986122
quadratic_star,coupling,7,QuadraticCoupling,0.9034224782608726,0.10635405248213367,0.15999999999977796,0.1600000000004996,0.16000000000013878,0.16,0.16,0.16,covered,1.0000000000031224
quadratic_star,coupling,8,QuadraticCoupling,0.9034224782608726,0.7010008602955716,0.2000000000000694,0.2000000000000694,0.2000000000000694,0.2,0.2,0.2,covered,1.0000000000003468
quadratic_star,coupling,9,QuadraticCoupling,0.9034224782608726,0.4715966119492412,0.23999999999966692,0.23999999999972244,0.23999999999969468,0.24,0.24,0.24,covered,0.9999999999988435
quadratic_star,coupling,10,QuadraticCoupling,0.9034224782608726,0.1213588964092915,0.27999999999961145,0.2799999999998335,0.27999999999972247,0.28,0.28,0.28,covered,0.9999999999994053
quadratic_star,module,0,QuadraticWell,0.6082507380090927,,12.0,,,12.0,,,covered,1.0
quadratic_star,module,1,QuadraticWell,0.7191974568546511,,1.8660818021239416,,,1.8660818021236707,,,covered,1.0000000000001452
quadratic_star,module,2,QuadraticWell,0.18246214454913248,,3.928537517723886,,,3.928537517722203,,,covered,1.0000000000004283
quadratic_star,module,3,QuadraticWell,0.3239923379936844,,5.700080888742926,,,5.700080888744489,,,covered,0.9999999999997258
quadratic_star,module,4,QuadraticWell,0.8803709331818395,,0.4210466565018622,,,0.42104665650255857,,,covered,0.9999999999983461
quadratic_star,module,5,QuadraticWell,0.11432035115805629,,0.29018844101847,,,0.2901884410180938,,,covered,1.0000000000012963
quadratic_star,module,6,QuadraticWell,0.28772557091078005,,0.610914364231829,,,0.6109143642317917,,,covered,1.000000000000061
quadratic_star,module,7,QuadraticWell,0.7687726818241597,,1.2861172523458908,,,1.2861172523459103,,,covered,0.9999999999999848
quadratic_star,module,8,QuadraticWell,0.9662078036108902,,0.19999999999972246,,,0.2,,,covered,0.9999999999986122
quadratic_star,module,9,QuadraticWell,0.8417985979714757,,2.707576844852676,,,2.7075768448525155,,,covered,1.0000000000000593
quadratic_star,module,10,QuadraticWell,0.7187003529109746,,8.270487933918938,,,8.270487933908969,,,covered,1.0000000000012053
quadratic_star,module,11,QuadraticWell,0.2547240130715293,,0.886401434759489,,,0.8864014347599177,,,covered,0.9999999999995163
quadratic_star,coupling,0,QuadraticCoupling,0.6082507380090927,0.7191974568546511,0.2000000000000694,0.2000000000000694,0.2000000000000694,0.2,0.2,0.2,covered,1.0000000000003468
quadratic_star,coupling,1,QuadraticCoupling,0.6082507380090927,0.18246214454913248,0.23999999999966692,0.23999999999972244,0.23999999999969468,0.24,0.24,0.24,covered,0.9999999999988435
quadratic_star,coupling,2,QuadraticCoupling,0.6082507380090927,0.3239923379936844,0.27999999999961145,0.2800000000001388,0.2799999999998751,0.28,0.28,0.28,covered,1.0000000000004956
quadratic_star,coupling,3,QuadraticCoupling,0.6082507380090927,0.8803709331818395,0.1600000000001249,0.1600000000001249,0.1600000000001249,0.16,0.16,0.16,covered,1.0000000000007807
quadratic_star,coupling,4,QuadraticCoupling,0.6082507380090927,0.11432035115805629,0.20000000000041634,0.20000000000027757,0.20000000000034696,0.2,0.2,0.2,covered,1.0000000000020817
quadratic_star,coupling,5,QuadraticCoupling,0.6082507380090927,0.28772557091078005,0.2400000000003608,0.24000000000041632,0.24000000000038857,0.24,0.24,0.24,covered,1.0000000000017348
quadratic_star,coupling,6,QuadraticCoupling,0.6082507380090927,0.7687726818241597,0.2799999999999584,0.2799999999999584,0.2799999999999584,0.28,0.28,0.28,covered,0.9999999999998513
quadratic_star,coupling,7,QuadraticCoupling,0.6082507380090927,0.9662078036108902,0.1600000000001249,0.1600000000001249,0.1600000000001249,0.16,0.16,0.16,covered,1.0000000000007807
quadratic_star,coupling,8,QuadraticCoupling,0.6082507380090927,0.8417985979714757,0.2000000000000694,0.2000000000000694,0.2000000000000694,0.2,0.2,0.2,covered,1.0000000000003468
quadratic_star,coupling,9,QuadraticCoupling,0.6082507380090927,0.7187003529109746,0.2399999999998404,0.2399999999998404,0.2399999999998404,0.24,0.24,0.24,covered,0.999999999999335
quadratic_star,coupling,10,QuadraticCoupling,0.6082507380090927,0.2547240130715293,0.28000000000030534,0.2800000000001388,0.28000000000022207,0.28,0.28,0.28,covered,1.0000000000010905
quadratic_star,module,0,QuadraticWell,0.7130648108679715,,12.0,,,12.0,,,covered,1.0
quadratic_star,module,1,QuadraticWell,0.9317681479345331,,1.8660818021225538,,,1.8660818021236707,,,covered,0.9999999999994015
quadratic_star,module,2,QuadraticWell,0.13520068677260272,,3.928537517723886,,,3.928537517722203,,,covered,1.0000000000004283
quadratic_star,module,3,QuadraticWell,0.3332352330686096,,5.700080888742926,,,5.700080888744489,,,covered,0.9999999999997258
quadratic_star,module,4,QuadraticWell,0.9108074401400295,,0.4210466565018622,,,0.42104665650255857,,,covered,0.9999999999983461
quadratic_star,module,5,QuadraticWell,0.05624549508524236,,0.29018844101826863,,,0.2901884410180938,,,covered,1.0000000000006024
quadratic_star,module,6,QuadraticWell,0.5511537824855721,,0.6109143642324447,,,0.6109143642317917,,,covered,1.000000000001069
quadratic_star,module,7,QuadraticWell,0.027015157782909718,,1.2861172523471156,,,1.2861172523459103,,,covered,1.000000000000937
quadratic_star,module,8,QuadraticWell,0.6839456453185825,,0.19999999999972246,,,0.2,,,covered,0.9999999999986122
quadratic_star,module,9,QuadraticWell,0.7556536255992861,,2.707576844852676,,,2.7075768448525155,,,covered,1.0000000000000593
quadratic_star,module,10,QuadraticWell,0.5515941017363936,,8.270487933913387,,,8.270487933908969,,,covered,1.0000000000005342
quadratic_star,module,11,QuadraticWell,0.4890564767781903,,0.8864014347599227,,,0.8864014347599177,,,covered,1.0000000000000056
quadratic_star,coupling,0,QuadraticCoupling,0.7130648108679715,0.9317681479345331,0.2000000000000694,0.2000000000000694,0.2000000000000694,0.2,0.2,0.2,covered,1.0000000000003468
quadratic_star,coupling,1,QuadraticCoupling,0.7130648108679715,0.13520068677260272,0.23999999999966692,0.23999999999972244,0.23999999999969468,0.24,0.24,0.24,covered,0.9999999999988435
quadratic_star,coupling,2,QuadraticCoupling,0.7130648108679715,0.3332352330686096,0.28000000000030534,0.2800000000001388,0.28000000000022207,0.28,0.28,0.28,covered,1.0000000000010905
quadratic_star,coupling,3,QuadraticCoupling,0.7130648108679715,0.9108074401400295,0.15999999999977796,0.15999999999977796,0.15999999999977796,0.16,0.16,0.16,covered,0.9999999999986122
quadratic_star,coupling,4,QuadraticCoupling,0.7130648108679715,0.05624549508524236,0.20000000000111023,0.2000000000001388,0.2000000000006245,0.2,0.2,0.2,covered,1.0000000000055511
quadratic_star,coupling,5,QuadraticCoupling,0.7130648108679715,0.5511537824855721,0.24000000000001387,0.24000000000001387,0.24000000000001387,0.24,0.24,0.24,covered,1.0000000000000577
quadratic_star,coupling,6,QuadraticCoupling,0.7130648108679715,0.027015157782909718,0.27999999999961145,0.27999999999973635,0.2799999999996739,0.28,0.28,0.28,covered,0.9999999999990583
quadratic_star,coupling,7,QuadraticCoupling,0.7130648108679715,0.6839456453185825,0.15999999999999479,0.15999999999999479,0.15999999999999479,0.16,0.16,0.16,covered,0.9999999999999674
quadratic_star,coupling,8,QuadraticCoupling,0.7130648108679715,0.7556536255992861,0.19999999999998266,0.19999999999998266,0.19999999999998266,0.2,0.2,0.2,covered,0.9999999999999133
quadratic_star,coupling,9,QuadraticCoupling,0.7130648108679715,0.5515941017363936,0.24000000000001387,0.24000000000001387,0.24000000000001387,0.24,0.24,0.24,covered,1.0000000000000577
quadratic_star,coupling,10,QuadraticCoupling,0.7130648108679715,0.4890564767781903,0.27999999999961145,0.2799999999994449,0.2799999999995282,0.28,0.28,0.28,covered,0.9999999999986122
quadratic_star,module,0,QuadraticWell,0.3209390298550872,,12.000000000022204,,,12.0,,,covered,1.0000000000018503
quadratic_star,module,1,QuadraticWell,0.595178591059561,,1.866081802121166,,,1.8660818021236707,,,covered,0.9999999999986577
quadratic_star,module,2,QuadraticWell,0.24262072574994786,,3.9285375177211104,,,3.928537517722203,,,covered,0.9999999999997219
quadratic_star,module,3,QuadraticWell,0.11313619863594926,,5.700080888750836,,,5.700080888744489,,,covered,1.0000000000011136
quadratic_star,module,4,QuadraticWell,0.7719590602351069,,0.42104665650255607,,,0.42104665650255857,,,covered,0.9999999999999941
quadratic_star,module,5,QuadraticWell,0.7041431479305198,,0.29018844101794344,,,0.2901884410180938,,,covered,0.9999999999994817
quadratic_star,module,6,QuadraticWell,0.1660552157249155,,0.610914364231829,,,0.6109143642317917,,,covered,1.000000000000061
quadratic_star,module,7,QuadraticWell,0.8827208141502022,,1.2861172523459774,,,1.2861172523459103,,,covered,1.0000000000000522
quadratic_star,module,8,QuadraticWell,0.08887599806110974,,0.19999999999993062,,,0.2,,,covered,0.999999999999653
quadratic_star,module,9,QuadraticWell,0.17991003964882635,,2.7075768448598505,,,2.7075768448525155,,,covered,1.0000000000027092
quadratic_star,module,10,QuadraticWell,0.14112790717571896,,8.270487933917437,,,8.270487933908969,,,covered,1.0000000000010238
quadratic_star,module,11,QuadraticWell,0.8699632385331778,,0.8864014347588584,,,0.8864014347599177,,,covered,0.9999999999988048
quadratic_star,coupling,0,QuadraticCoupling,0.3209390298550872,0.595178591059561,0.2,0.2000000000000694,0.2000000000000347,0.2,0.2,0.2,covered,1.0000000000003468
quadratic_star,coupling,1,QuadraticCoupling,0.3209390298550872,0.24262072574994786,0.24000000000006938,0.24000000000006938,0.24000000000006938,0.24,0.24,0.24,covered,1.000000000000289
quadratic_star,coupling,2,QuadraticCoupling,0.3209390298550872,0.11313619863594926,0.2800000000001388,0.2800000000005274,0.2800000000003331,0.28,0.28,0.28,covered,1.0000000000018834
quadratic_star,coupling,3,QuadraticCoupling,0.3209390298550872,0.7719590602351069,0.16000000000027756,0.15999999999977796,0.16000000000002776,0.16,0.16,0.16,covered,1.0000000000017346
quadratic_star,coupling,4,QuadraticCoupling,0.3209390298550872,0.7041431479305198,0.2,0.19999999999972246,0.19999999999986123,0.2,0.2,0.2,covered,1.0
quadratic_star,coupling,5,QuadraticCoupling,0.3209390298550872,0.1660552157249155,0.24000000000006938,0.24000000000006938,0.24000000000006938,0.24,0.24,0.24,covered,1.000000000000289
quadratic_star,coupling,6,QuadraticCoupling,0.3209390298550872,0.8827208141502022,0.2799999999994449,0.27999999999961145,0.2799999999995282,0.28,0.28,0.28,covered,0.9999999999986122
quadratic_star,coupling,7,QuadraticCoupling,0.3209390298550872,0.08887599806110974,0.15999999999993061,0.16000000000015266,0.16000000000004164,0.16,0.16,0.16,covered,1.0000000000009541
quadratic_star,coupling,8,QuadraticCoupling,0.3209390298550872,0.17991003964882635,0.2,0.2,0.2,0.2,0.2,0.2,covered,1.0
quadratic_star,coupling,9,QuadraticCoupling,0.3209390298550872,0.14112790717571896,0.24000000000006938,0.24000000000006938,0.24000000000006938,0.24,0.24,0.24,covered,1.000000000000289
quadratic_star,coupling,10,QuadraticCoupling,0.3209390298550872,0.8699632385331778,0.2799999999994449,0.27999999999961145,0.2799999999995282,0.28,0.28,0.28,covered,0.9999999999986122
quadratic_star,module,0,QuadraticWell,0.20660585991328598,,11.999999999977796,,,12.0,,,covered,0.9999999999981496
quadratic_star,module,1,QuadraticWell,0.3902811250094278,,1.8660818021191339,,,1.8660818021236707,,,covered,0.9999999999975688
quadratic_star,module,2,QuadraticWell,0.41337982444404064,,3.9285375177211104,,,3.928537517722203,,,covered,0.9999999999997219
quadratic_star,module,3,QuadraticWell,0.08430838519013993,,5.700080888745285,,,5.700080888744489,,,covered,1.0000000000001397
quadratic_star,module,4,QuadraticWell,0.5528290150778962,,0.42104665650255607,,,0.42104665650255857,,,covered,0.9999999999999941
quadratic_star,module,5,QuadraticWell,0.7465183806177355,,0.29018844101794344,,,0.2901884410180938,,,covered,0.9999999999994817
quadratic_star,module,6,QuadraticWell,0.0699024499621698,,0.6109143642326768,,,0.6109143642317917,,,covered,1.0000000000014488
quadratic_star,module,7,QuadraticWell,0.3143353156164511,,1.286117252345777,,,1.2861172523459103,,,covered,0.9999999999998962
quadratic_star,module,8,QuadraticWell,0.05825411170842511,,0.19999999999996532,,,0.2,,,covered,0.9999999999998266
quadratic_star,module,9,QuadraticWell,0.47505982880274567,,2.707576844851524,,,2.7075768448525155,,,covered,0.9999999999996337
quadratic_star,module,10,QuadraticWell,0.9690829214667837,,8.270487933918938,,,8.270487933908969,,,covered,1.0000000000012053
quadratic_star,module,11,QuadraticWell,0.046339582093497964,,0.886401434760104,,,0.8864014347599177,,,covered,1.0000000000002103
quadratic_star,coupling,0,QuadraticCoupling,0.20660585991328598,0.3902811250094278,0.2,0.2,0.2,0.2,0.2,0.2,covered,1.0
quadratic_star,coupling,1,QuadraticCoupling,0.20660585991328598,0.41337982444404064,0.24000000000006938,0.24000000000006938,0.24000000000006938,0.24,0.24,0.24,covered,1.000000000000289
quadratic_star,coupling,2,QuadraticCoupling,0.20660585991328598,0.08430838519013993,0.27999999999979186,0.28000000000018044,0.27999999999998615,0.28,0.28,0.28,covered,1.0000000000006444
quadratic_star,coupling,3,QuadraticCoupling,0.20660585991328598,0.5528290150778962,0.16000000000027756,0.1600000000001249,0.16000000000020123,0.16,0.16,0.16,covered,1.0000000000017346
quadratic_star,coupling,4,QuadraticCoupling,0.20660585991328598,0.7465183806177355,0.2,0.19999999999972246,0.19999999999986123,0.2,0.2,0.2,covered,1.0
quadratic_star,coupling,5,QuadraticCoupling,0.20660585991328598,0.0699024499621698,0.24000000000006938,0.24000000000040245,0.2400000000002359,0.24,0.24,0.24,covered,1.0000000000016769
quadratic_star,coupling,6,QuadraticCoupling,0.20660585991328598,0.3143353156164511,0.27999999999996533,0.27999999999996533,0.27999999999996533,0.28,0.28,0.28,covered,0.9999999999998761
quadratic_star,coupling,7,QuadraticCoupling,0.20660585991328598,0.05825411170842511,0.1600000000001041,0.15999999999986816,0.15999999999998613,0.16,0.16,0.16,covered,1.0000000000006506
quadratic_star,coupling,8,QuadraticCoupling,0.20660585991328598,0.47505982880274567,0.2,0.2,0.2,0.2,0.2,0.2,covered,1.0
quadratic_star,coupling,9,QuadraticCoupling,0.20660585991328598,0.9690829214667837,0.23999999999972244,0.23999999999966692,0.23999999999969468,0.24,0.24,0.24,covered,0.9999999999988435
quadratic_star,coupling,10,QuadraticCoupling,0.20660585991328598,0.046339582093497964,0.2800000000001388,0.27999999999998615,0.2800000000000625,0.28,0.28,0.28,covered,1.0000000000004956
quadratic_star,module,0,QuadraticWell,0.9235648036152463,,12.0,,,12.0,,,covered,1.0
quadratic_star,module,1,QuadraticWell,0.672482047161866,,1.8660818021239416,,,1.8660818021236707,,,covered,1.0000000000001452
quadratic_star,module,2,QuadraticWell,0.2961332343381684,,3.9285375177221513,,,3.928537517722203,,,covered,0.9999999999999869
quadratic_star,module,3,QuadraticWell,0.21331734031565658,,5.7000808887443135,,,5.700080888744489,,,covered,0.9999999999999691
quadratic_star,module,4,QuadraticWell,0.4604579762932086,,0.4210466565026474,,,0.42104665650255857,,,covered,1.000000000000211
quadratic_star,module,5,QuadraticWell,0.8505688042582711,,0.2901884410182904,,,0.2901884410180938,,,covered,1.0000000000006775
quadratic_star,module,6,QuadraticWell,0.6214781490559583,,0.6109143642324447,,,0.6109143642317917,,,covered,1.000000000001069
quadratic_star,module,7,QuadraticWell,0.47778199847828967,,1.286117252345777,,,1.2861172523459103,,,covered,0.9999999999998962
quadratic_star,module,8,QuadraticWell,0.9778654076423025,,0.19999999999972246,,,0.2,,,covered,0.9999999999986122
quadratic_star,module,9,QuadraticWell,0.2193357403242903,,2.7075768448487483,,,2.7075768448525155,,,covered,0.9999999999986087
quadratic_star,module,10,QuadraticWell,0.16411209701650842,,8.270487933917437,,,8.270487933908969,,,covered,1.0000000000010238
quadratic_star,module,11,QuadraticWell,0.26838424415101125,,0.886401434759489,,,0.8864014347599177,,,covered,0.9999999999995163
quadratic_star,coupling,0,QuadraticCoupling,0.9235648036152463,0.672482047161866,0.2000000000000694,0.2000000000000694,0.2000000000000694,0.2,0.2,0.2,covered,1.0000000000003468
quadratic_star,coupling,1,QuadraticCoupling,0.9235648036152463,0.2961332343381684,0.23999999999966692,0.23999999999833466,0.2399999999990008,0.24,0.24,0.24,covered,0.9999999999986122
quadratic_star,coupling,2,QuadraticCoupling,0.9235648036152463,0.21331734031565658,0.2800000000009992,0.2800000000008327,0.28000000000091596,0.28,0.28,0.28,covered,1.0000000000035685
quadratic_star,coupling,3,QuadraticCoupling,0.9235648036152463,0.4604579762932086,0.16000000000047185,0.15999999999958367,0.16000000000002776,0.16,0.16,0.16,covered,1.000000000002949
quadratic_star,coupling,4,QuadraticCoupling,0.9235648036152463,0.8505688042582711,0.19999999999998266,0.19999999999998266,0.19999999999998266,0.2,0.2,0.2,covered,0.9999999999999133
quadratic_star,coupling,5,QuadraticCoupling,0.9235648036152463,0.6214781490559583,0.2400000000003608,0.2400000000003608,0.2400000000003608,0.24,0.24,0.24,covered,1.0000000000015035
quadratic_star,coupling,6,QuadraticCoupling,0.9235648036152463,0.47778199847828967,0.28000000000030534,0.2800000000001388,0.28000000000022207,0.28,0.28,0.28,covered,1.0000000000010905
quadratic_star,coupling,7,QuadraticCoupling,0.9235648036152463,0.9778654076423025,0.16000000000003817,0.16000000000003817,0.16000000000003817,0.16,0.16,0.16,covered,1.0000000000002385
quadratic_star,coupling,8,QuadraticCoupling,0.9235648036152463,0.2193357403242903,0.20000000000111023,0.2,0.20000000000055512,0.2,0.2,0.2,covered,1.0000000000055511
quadratic_star,coupling,9,QuadraticCoupling,0.9235648036152463,0.16411209701650842,0.2400000000010547,0.23999999999972244,0.24000000000038857,0.24,0.24,0.24,covered,1.0000000000043947
quadratic_star,coupling,10,QuadraticCoupling,0.9235648036152463,0.26838424415101125,0.2800000000009992,0.2800000000022205,0.28000000000160985,0.28,0.28,0.28,covered,1.00000000000793
quadratic_star,module,0,QuadraticWell,0.6532623198993334,,12.0,,,12.0,,,covered,1.0
quadratic_star,module,1,QuadraticWell,0.3736946518832182,,1.866081802124685,,,1.8660818021236707,,,covered,1.0000000000005436
quadratic_star,module,2,QuadraticWell,0.02159254910067425,,3.9285375177279747,,,3.928537517722203,,,covered,1.0000000000014693
quadratic_star,module,3,QuadraticWell,0.23205322215342647,,5.700080888745007,,,5.700080888744489,,,covered,1.0000000000000908
quadratic_star,module,4,QuadraticWell,0.7828320816483103,,0.42104665650255607,,,0.42104665650255857,,,covered,0.9999999999999941
quadratic_star,module,5,QuadraticWell,0.8570127073417989,,0.2901884410182904,,,0.2901884410180938,,,covered,1.0000000000006775
quadratic_star,module,6,QuadraticWell,0.10613510778341283,,0.6109143642326768,,,0.6109143642317917,,,covered,1.0000000000014488
quadratic_star,module,7,QuadraticWell,0.7335121998140655,,1.2861172523456306,,,1.2861172523459103,,,covered,0.9999999999997825
quadratic_star,module,8,QuadraticWell,0.4595640708066886,,0.2,,,0.2,,,covered,1.0
quadratic_star,module,9,QuadraticWell,0.04079958574174558,,2.7075768448395245,,,2.7075768448525155,,,covered,0.999999999995202
quadratic_star,module,10,QuadraticWell,0.726496209503505,,8.270487933896733,,,8.270487933908969,,,covered,0.9999999999985206
quadratic_star,module,11,QuadraticWell,0.515503624947523,,0.8864014347598992,,,0.8864014347599177,,,covered,0.9999999999999791
quadratic_star,coupling,0,QuadraticCoupling,0.6532623198993334,0.3736946518832182,0.2000000000000694,0.2,0.2000000000000347,0.2,0.2,0.2,covered,1.0000000000003468
quadratic_star,coupling,1,QuadraticCoupling,0.6532623198993334,0.02159254910067425,0.23999999999966692,0.23999999999997224,0.23999999999981958,0.24,0.24,0.24,covered,0.9999999999998843
quadratic_star,coupling,2,QuadraticCoupling,0.6532623198993334,0.23205322215342647,0.28000000000030534,0.2800000000001388,0.28000000000022207,0.28,0.28,0.28,covered,1.0000000000010905
quadratic_star,coupling,3,QuadraticCoupling,0.6532623198993334,0.7828320816483103,0.15999999999995143,0.15999999999995143,0.15999999999995143,0.16,0.16,0.16,covered,0.9999999999996965
quadratic_star,coupling,4,QuadraticCoupling,0.6532623198993334,0.8570127073417989,0.2000000000000694,0.2000000000000694,0.2000000000000694,0.2,0.2,0.2,covered,1.0000000000003468
quadratic_star,coupling,5,QuadraticCoupling,0.6532623198993334,0.10613510778341283,0.2400000000010547,0.2400000000000555,0.2400000000005551,0.24,0.24,0.24,covered,1.0000000000043947
quadratic_star,coupling,6,QuadraticCoupling,0.6532623198993334,0.7335121998140655,0.28000000000013187,0.28000000000013187,0.28000000000013187,0.28,0.28,0.28,covered,1.000000000000471
quadratic_star,coupling,7,QuadraticCoupling,0.6532623198993334,0.4595640708066886,0.15999999999995143,0.15999999999993061,0.15999999999994102,0.16,0.16,0.16,covered,0.9999999999996965
quadratic_star,coupling,8,QuadraticCoupling,0.6532623198993334,0.04079958574174558,0.20000000000041634,0.1999999999994449,0.19999999999993062,0.2,0.2,0.2,covered,1.0000000000020817
quadratic_star,coupling,9,QuadraticCoupling,0.6532623198993334,0.726496209503505,0.2399999999998404,0.2399999999998404,0.2399999999998404,0.24,0.24,0.24,covered,0.999999999999335
quadratic_star,coupling,10,QuadraticCoupling,0.6532623198993334,0.515503624947523,0.2799999999999584,0.2799999999999584,0.2799999999999584,0.28,0.28,0.28,covered,0.9999999999998513
quadratic_star,module,0,QuadraticWell,0.6980111917050588,,12.0,,,12.0,,,covered,1.0
quadratic_star,module,1,QuadraticWell,0.18259482917418163,,1.866081802124685,,,1.8660818021236707,,,covered,1.0000000000005436
quadratic_star,module,2,QuadraticWell,0.8886836605525441,,3.9285375177345916,,,3.928537517722203,,,covered,1.0000000000031535
quadratic_star,module,3,QuadraticWell,0.32539397823420424,,5.700080888745702,,,5.700080888744489,,,covered,1.0000000000002127
quadratic_star,module,4,QuadraticWell,0.976654777136411,,0.4210466565018622,,,0.42104665650255857,,,covered,0.9999999999983461
quadratic_star,module,5,QuadraticWell,0.8911411966145207,,0.2901884410182904,,,0.2901884410180938,,,covered,1.0000000000006775
quadratic_star,module,6,QuadraticWell,0.6773220746362518,,0.6109143642317508,,,0.6109143642317917,,,covered,0.9999999999999332
quadratic_star,module,7,QuadraticWell,0.4287830170516489,,1.2861172523485525,,,1.2861172523459103,,,covered,1.0000000000020544
quadratic_star,module,8,QuadraticWell,0.07659058671883916,,0.2000000000001041,,,0.2,,,covered,1.0000000000005205
quadratic_star,module,9,QuadraticWell,0.6242416571378361,,2.707576844852676,,,2.7075768448525155,,,covered,1.0000000000000593
quadratic_star,module,10,QuadraticWell,0.6579840458786549,,8.270487933907836,,,8.270487933908969,,,covered,0.999999999999863
quadratic_star,module,11,QuadraticWell,0.0869252737253451,,0.8864014347579435,,,0.8864014347599177,,,covered,0.9999999999977728
quadratic_star,coupling,0,QuadraticCoupling,0.6980111917050588,0.18259482917418163,0.19999999999972246,0.2,0.19999999999986123,0.2,0.2,0.2,covered,1.0
quadratic_star,coupling,1,QuadraticCoupling,0.6980111917050588,0.8886836605525441,0.24000000000001387,0.24000000000001387,0.24000000000001387,0.24,0.24,0.24,covered,1.0000000000000577
quadratic_star,coupling,2,QuadraticCoupling,0.6980111917050588,0.32539397823420424,0.28000000000030534,0.2800000000001388,0.28000000000022207,0.28,0.28,0.28,covered,1.0000000000010905
quadratic_star,coupling,3,QuadraticCoupling,0.6980111917050588,0.976654777136411,0.15999999999977796,0.15999999999977796,0.15999999999977796,0.16,0.16,0.16,covered,0.9999999999986122
quadratic_star,coupling,4,QuadraticCoupling,0.6980111917050588,0.8911411966145207,0.2000000000000694,0.2000000000000694,0.2000000000000694,0.2,0.2,0.2,covered,1.0000000000003468
quadratic_star,coupling,5,QuadraticCoupling,0.6980111917050588,0.6773220746362518,0.24000000000001387,0.24000000000001387,0.24000000000001387,0.24,0.24,0.24,covered,1.0000000000000577
quadratic_star,coupling,6,QuadraticCoupling,0.6980111917050588,0.4287830170516489,0.28000000000030534,0.2800000000001388,0.28000000000022207,0.28,0.28,0.28,covered,1.0000000000010905
quadratic_star,coupling,7,QuadraticCoupling,0.6980111917050588,0.07659058671883916,0.15999999999977796,0.1600000000004996,0.16000000000013878,0.16,0.16,0.16,covered,1.0000000000031224
quadratic_star,coupling,8,QuadraticCoupling,0.6980111917050588,0.6242416571378361,0.19999999999998266,0.19999999999998266,0.19999999999998266,0.2,0.2,0.2,covered,0.9999999999999133
quadratic_star,coupling,9,QuadraticCoupling,0.6980111917050588,0.6579840458786549,0.24000000000001387,0.24000000000001387,0.24000000000001387,0.24,0.24,0.24,covered,1.0000000000000577
quadratic_star,coupling,10,QuadraticCoupling,0.6980111917050588,0.0869252737253451,0.27999999999961145,0.2799999999998335,0.27999999999972247,0.28,0.28,0.28,covered,0.9999999999994053
quadratic_star,module,0,QuadraticWell,0.6928706573104301,,12.0,,,12.0,,,covered,1.0
quadratic_star,module,1,QuadraticWell,0.20338223092932795,,1.8660818021357872,,,1.8660818021236707,,,covered,1.000000000006493
quadratic_star,module,2,QuadraticWell,0.28805198818607314,,3.9285375177221513,,,3.928537517722203,,,covered,0.9999999999999869
quadratic_star,module,3,QuadraticWell,0.7466558590111659,,5.700080888741261,,,5.700080888744489,,,covered,0.9999999999994336
quadratic_star,module,4,QuadraticWell,0.19199143829927104,,0.4210466565036882,,,0.42104665650255857,,,covered,1.000000000002683
quadratic_star,module,5,QuadraticWell,0.46920501714034063,,0.2901884410180673,,,0.2901884410180938,,,covered,0.9999999999999085
quadratic_star,module,6,QuadraticWell,0.9764370930540199,,0.6109143642317508,,,0.6109143642317917,,,covered,0.9999999999999332
quadratic_star,module,7,QuadraticWell,0.7677530412849217,,1.286117252345934,,,1.2861172523459103,,,covered,1.0000000000000184
quadratic_star,module,8,QuadraticWell,0.4589629615366513,,0.2,,,0.2,,,covered,1.0
quadratic_star,module,9,QuadraticWell,0.1320366108343601,,2.7075768448487483,,,2.7075768448525155,,,covered,0.9999999999986087
quadratic_star,module,10,QuadraticWell,0.3721878741232322,,8.270487933906335,,,8.270487933908969,,,covered,0.9999999999996815
quadratic_star,module,11,QuadraticWell,0.5983934537936182,,0.8864014347602461,,,0.8864014347599177,,,covered,1.0000000000003706
quadratic_star,coupling,0,QuadraticCoupling,0.6928706573104301,0.20338223092932795,0.19999999999972246,0.2,0.19999999999986123,0.2,0.2,0.2,covered,1.0
quadratic_star,coupling,1,QuadraticCoupling,0.6928706573104301,0.28805198818607314,0.23999999999966692,0.23999999999972244,0.23999999999969468,0.24,0.24,0.24,covered,0.9999999999988435
quadratic_star,coupling,2,QuadraticCoupling,0.6928706573104301,0.7466558590111659,0.2799999999999584,0.2799999999999584,0.2799999999999584,0.28,0.28,0.28,covered,0.9999999999998513
quadratic_star,coupling,3,QuadraticCoupling,0.6928706573104301,0.19199143829927104,0.16000000000047185,0.16000000000027756,0.1600000000003747,0.16,0.16,0.16,covered,1.000000000002949
quadratic_star,coupling,4,QuadraticCoupling,0.6928706573104301,0.46920501714034063,0.2000000000000694,0.2,0.2000000000000347,0.2,0.2,0.2,covered,1.0000000000003468
quadratic_star,coupling,5,QuadraticCoupling,0.6928706573104301,0.9764370930540199,0.23999999999966692,0.23999999999966692,0.23999999999966692,0.24,0.24,0.24,covered,0.9999999999986122
quadratic_star,coupling,6,QuadraticCoupling,0.6928706573104301,0.7677530412849217,0.2799999999999584,0.2799999999999584,0.2799999999999584,0.28,0.28,0.28,covered,0.9999999999998513
quadratic_star,coupling,7,QuadraticCoupling,0.6928706573104301,0.4589629615366513,0.1600000000001249,0.15999999999993061,0.16000000000002776,0.16,0.16,0.16,covered,1.0000000000007807
quadratic_star,coupling,8,QuadraticCoupling,0.6928706573104301,0.1320366108343601,0.20000000000041634,0.2,0.20000000000020818,0.2,0.2,0.2,covered,1.0000000000020817
quadratic_star,coupling,9,QuadraticCoupling,0.6928706573104301,0.3721878741232322,0.23999999999966692,0.23999999999972244,0.23999999999969468,0.24,0.24,0.24,covered,0.9999999999988435
quadratic_star,coupling,10,QuadraticCoupling,0.6928706573104301,0.5983934537936182,0.2799999999999584,0.2799999999999584,0.2799999999999584,0.28,0.28,0.28,covered,0.9999999999998513
quadratic_star,module,0,QuadraticWell,0.6156119858558513,,12.0,,,12.0,,,covered,1.0
quadratic_star,module,1,QuadraticWell,0.12082543815304864,,1.8660818021272747,,,1.8660818021236707,,,covered,1.0000000000019313
quadratic_star,module,2,QuadraticWell,0.9566480113158735,,3.928537517712387,,,3.928537517722203,,,covered,0.9999999999975014
quadratic_star,module,3,QuadraticWell,0.8704809743720859,,5.700080888741261,,,5.700080888744489,,,covered,0.9999999999994336
quadratic_star,module,4,QuadraticWell,0.38174234564194875,,0.42104665650230044,,,0.42104665650255857,,,covered,0.9999999999993869
quadratic_star,module,5,QuadraticWell,0.6480452683496605,,0.2901884410181169,,,0.2901884410180938,,,covered,1.0000000000000795
quadratic_star,module,6,QuadraticWell,0.47080156102628257,,0.610914364231829,,,0.6109143642317917,,,covered,1.000000000000061
quadratic_star,module,7,QuadraticWell,0.12034070755239838,,1.286117252347562,,,1.2861172523459103,,,covered,1.000000000001284
quadratic_star,module,8,QuadraticWell,0.5455768742720913,,0.20000000000041634,,,0.2,,,covered,1.0000000000020817
quadratic_star,module,9,QuadraticWell,0.20772864102906788,,2.7075768448542994,,,2.7075768448525155,,,covered,1.0000000000006588
quadratic_star,module,10,QuadraticWell,0.5289158730313805,,8.270487933907836,,,8.270487933908969,,,covered,0.999999999999863
quadratic_star,module,11,QuadraticWell,0.7108081357348353,,0.8864014347602461,,,0.8864014347599177,,,covered,1.0000000000003706
quadratic_star,coupling,0,QuadraticCoupling,0.6156119858558513,0.12082543815304864,0.20000000000041634,0.20000000000027757,0.20000000000034696,0.2,0.2,0.2,covered,1.0000000000020817
quadratic_star,coupling,1,QuadraticCoupling,0.6156119858558513,0.9566480113158735,0.2400000000003608,0.2400000000003608,0.2400000000003608,0.24,0.24,0.24,covered,1.0000000000015035
quadratic_star,coupling,2,QuadraticCoupling,0.6156119858558513,0.8704809743720859,0.27999999999961145,0.27999999999961145,0.27999999999961145,0.28,0.28,0.28,covered,0.9999999999986122
quadratic_star,coupling,3,QuadraticCoupling,0.6156119858558513,0.38174234564194875,0.15999999999977796,0.16000000000027756,0.16000000000002776,0.16,0.16,0.16,covered,1.0000000000017346
quadratic_star,coupling,4,QuadraticCoupling,0.6156119858558513,0.6480452683496605,0.20000000000002602,0.20000000000002602,0.20000000000002602,0.2,0.2,0.2,covered,1.0000000000001301
quadratic_star,coupling,5,QuadraticCoupling,0.6156119858558513,0.47080156102628257,0.24000000000001387,0.23999999999972244,0.23999999999986815,0.24,0.24,0.24,covered,1.0000000000000577
quadratic_star,coupling,6,QuadraticCoupling,0.6156119858558513,0.12034070755239838,0.27999999999961145,0.28000000000122127,0.28000000000041636,0.28,0.28,0.28,covered,1.0000000000043616
quadratic_star,coupling,7,QuadraticCoupling,0.6156119858558513,0.5455768742720913,0.15999999999995143,0.15999999999995143,0.15999999999995143,0.16,0.16,0.16,covered,0.9999999999996965
quadratic_star,coupling,8,QuadraticCoupling,0.6156119858558513,0.20772864102906788,0.20000000000041634,0.2,0.20000000000020818,0.2,0.2,0.2,covered,1.0000000000020817
quadratic_star,coupling,9,QuadraticCoupling,0.6156119858558513,0.5289158730313805,0.24000000000001387,0.24000000000001387,0.24000000000001387,0.24,0.24,0.24,covered,1.0000000000000577
quadratic_star,coupling,10,QuadraticCoupling,0.6156119858558513,0.7108081357348353,0.2799999999999584,0.2799999999999584,0.2799999999999584,0.28,0.28,0.28,covered,0.9999999999998513
quadratic_star,module,0,QuadraticWell,0.29197946114293954,,12.000000000022204,,,12.0,,,covered,1.0000000000018503
quadratic_star,module,1,QuadraticWell,0.02206346301397847,,1.8660818021266272,,,1.8660818021236707,,,covered,1.0000000000015843
quadratic_star,module,2,QuadraticWell,0.03888875367547573,,3.9285375177266117,,,3.928537517722203,,,covered,1.0000000000011222
quadratic_star,module,3,QuadraticWell,0.0793692394217128,,5.700080888745285,,,5.700080888744489,,,covered,1.0000000000001397
quadratic_star,module,4,QuadraticWell,0.9491998491765592,,0.4210466565018622,,,0.42104665650255857,,,covered,0.9999999999983461
quadratic_star,module,5,QuadraticWell,0.7616889522286436,,0.2901884410182904,,,0.2901884410180938,,,covered,1.0000000000006775
quadratic_star,module,6,QuadraticWell,0.17501507082773426,,0.6109143642290534,,,0.6109143642317917,,,covered,0.9999999999955178
quadratic_star,module,7,QuadraticWell,0.4510969841329956,,1.286117252345777,,,1.2861172523459103,,,covered,0.9999999999998962
quadratic_star,module,8,QuadraticWell,0.7186116284401666,,0.20000000000041634,,,0.2,,,covered,1.0000000000020817
quadratic_star,module,9,QuadraticWell,0.09094058918429905,,2.7075768448525057,,,2.7075768448525155,,,covered,0.9999999999999963
quadratic_star,module,10,QuadraticWell,0.8210037572045108,,8.270487933896733,,,8.270487933908969,,,covered,0.9999999999985206
quadratic_star,module,11,QuadraticWell,0.49923612990244093,,0.8864014347598793,,,0.8864014347599177,,,covered,0.9999999999999567
quadratic_star,coupling,0,QuadraticCoupling,0.29197946114293954,0.02206346301397847,0.2,0.1999999999995143,0.19999999999975715,0.2,0.2,0.2,covered,1.0
quadratic_star,coupling,1,QuadraticCoupling,0.29197946114293954,0.03888875367547573,0.23999999999972244,0.23999999999988897,0.2399999999998057,0.24,0.24,0.24,covered,0.9999999999995374
quadratic_star,coupling,2,QuadraticCoupling,0.29197946114293954,0.0793692394217128,0.2800000000001388,0.28000000000018044,0.2800000000001596,0.28,0.28,0.28,covered,1.0000000000006444
quadratic_star,coupling,3,QuadraticCoupling,0.29197946114293954,0.9491998491765592,0.16000000000027756,0.16000000000047185,0.1600000000003747,0.16,0.16,0.16,covered,1.000000000002949
quadratic_star,coupling,4,QuadraticCoupling,0.29197946114293954,0.7616889522286436,0.2,0.20000000000041634,0.20000000000020818,0.2,0.2,0.2,covered,1.0000000000020817
quadratic_star,coupling,5,QuadraticCoupling,0.29197946114293954,0.17501507082773426,0.24000000000006938,0.24000000000006938,0.24000000000006938,0.24,0.24,0.24,covered,1.000000000000289
quadratic_star,coupling,6,QuadraticCoupling,0.29197946114293954,0.4510969841329956,0.2800000000001388,0.2800000000001388,0.2800000000001388,0.28,0.28,0.28,covered,1.0000000000004956
quadratic_star,coupling,7,QuadraticCoupling,0.29197946114293954,0.7186116284401666,0.15999999999958367,0.16000000000047185,0.16000000000002776,0.16,0.16,0.16,covered,1.000000000002949
quadratic_star,coupling,8,QuadraticCoupling,0.29197946114293954,0.09094058918429905,0.2,0.19999999999993062,0.19999999999996532,0.2,0.2,0.2,covered,1.0
quadratic_star,coupling,9,QuadraticCoupling,0.29197946114293954,0.8210037572045108,0.23999999999972244,0.23999999999966692,0.23999999999969468,0.24,0.24,0.24,covered,0.9999999999988435
quadratic_star,coupling,10,QuadraticCoupling,0.29197946114293954,0.49923612990244093,0.2800000000001388,0.2800000000001388,0.2800000000001388,0.28,0.28,0.28,covered,1.0000000000004956
quadratic_star,module,0,QuadraticWell,0.19396884272936427,,12.000000000022204,,,12.0,,,covered,1.0000000000018503
quadratic_star,module,1,QuadraticWell,0.684464663287409,,1.866081802121166,,,1.8660818021236707,,,covered,0.9999999999986577
quadratic_star,module,2,QuadraticWell,0.8930650023810327,,3.9285375177345916,,,3.928537517722203,,,covered,1.0000000000031535
quadratic_star,module,3,QuadraticWell,0.8743145350191637,,5.700080888763465,,,5.700080888744489,,,covered,1.0000000000033291
quadratic_star,module,4,QuadraticWell,0.8367142782207314,,0.42104665650255607,,,0.42104665650255857,,,covered,0.9999999999999941
quadratic_star,module,5,QuadraticWell,0.6127133180556489,,0.2901884410181169,,,0.2901884410180938,,,covered,1.0000000000000795
quadratic_star,module,6,QuadraticWell,0.40237103463020485,,0.610914364231829,,,0.6109143642317917,,,covered,1.000000000000061
quadratic_star,module,7,QuadraticWell,0.2613154982783,,1.286117252345777,,,1.2861172523459103,,,covered,0.9999999999998962
quadratic_star,module,8,QuadraticWell,0.16343152468284988,,0.2,,,0.2,,,covered,1.0
quadratic_star,module,9,QuadraticWell,0.884227527136497,,2.707576844852676,,,2.7075768448525155,,,covered,1.0000000000000593
quadratic_star,module,10,QuadraticWell,0.1698948935580413,,8.270487933895232,,,8.270487933908969,,,covered,0.9999999999983391
quadratic_star,module,11,QuadraticWell,0.05570545350009529,,0.886401434760104,,,0.8864014347599177,,,covered,1.0000000000002103
quadratic_star,coupling,0,QuadraticCoupling,0.19396884272936427,0.684464663287409,0.2,0.19999999999972246,0.19999999999986123,0.2,0.2,0.2,covered,1.0
quadratic_star,coupling,1,QuadraticCoupling,0.19396884272936427,0.8930650023810327,0.23999999999972244,0.23999999999966692,0.23999999999969468,0.24,0.24,0.24,covered,0.9999999999988435
quadratic_star,coupling,2,QuadraticCoupling,0.19396884272936427,0.8743145350191637,0.2799999999994449,0.27999999999961145,0.2799999999995282,0.28,0.28,0.28,covered,0.9999999999986122
quadratic_star,coupling,3,QuadraticCoupling,0.19396884272936427,0.8367142782207314,0.16000000000027756,0.15999999999977796,0.16000000000002776,0.16,0.16,0.16,covered,1.0000000000017346
quadratic_star,coupling,4,QuadraticCoupling,0.19396884272936427,0.6127133180556489,0.2,0.19999999999972246,0.19999999999986123,0.2,0.2,0.2,covered,1.0
quadratic_star,coupling,5,QuadraticCoupling,0.19396884272936427,0.40237103463020485,0.24000000000006938,0.24000000000006938,0.24000000000006938,0.24,0.24,0.24,covered,1.000000000000289
quadratic_star,coupling,6,QuadraticCoupling,0.19396884272936427,0.2613154982783,0.27999999999996533,0.27999999999996533,0.27999999999996533,0.28,0.28,0.28,covered,0.9999999999998761
quadratic_star,coupling,7,QuadraticCoupling,0.19396884272936427,0.16343152468284988,0.15999999999997397,0.15999999999997397,0.15999999999997397,0.16,0.16,0.16,covered,0.9999999999998372
quadratic_star,coupling,8,QuadraticCoupling,0.19396884272936427,0.884227527136497,0.2,0.19999999999972246,0.19999999999986123,0.2,0.2,0.2,covered,1.0
quadratic_star,coupling,9,QuadraticCoupling,0.19396884272936427,0.1698948935580413,0.24000000000002603,0.24000000000002603,0.24000000000002603,0.24,0.24,0.24,covered,1.0000000000001086
quadratic_star,coupling,10,QuadraticCoupling,0.19396884272936427,0.05570545350009529,0.27999999999979186,0.27999999999998615,0.279999999999889,0.28,0.28,0.28,covered,0.9999999999999505
quadratic_star,module,0,QuadraticWell,0.07524832859944183,,12.000000000083267,,,12.0,,,covered,1.000000000006939
quadratic_star,module,1,QuadraticWell,0.588893637716569,,1.8660818021239416,,,1.8660818021236707,,,covered,1.0000000000001452
quadratic_star,module,2,QuadraticWell,0.6966540649475335,,3.9285375177234894,,,3.928537517722203,,,covered,1.0000000000003275
quadratic_star,module,3,QuadraticWell,0.5755588027530407,,5.700080888752363,,,5.700080888744489,,,covered,1.0000000000013813
quadratic_star,module,4,QuadraticWell,0.618182431780063,,0.42104665650255607,,,0.42104665650255857,,,covered,0.9999999999999941
quadratic_star,module,5,QuadraticWell,0.1743970929650534,,0.2901884410180673,,,0.2901884410180938,,,covered,0.9999999999999085
quadratic_star,module,6,QuadraticWell,0.4794485808519874,,0.610914364231829,,,0.6109143642317917,,,covered,1.000000000000061
quadratic_star,module,7,QuadraticWell,0.642860179003109,,1.2861172523459774,,,1.2861172523459103,,,covered,1.0000000000000522
quadratic_star,module,8,QuadraticWell,0.38904713055926526,,0.2,,,0.2,,,covered,1.0
quadratic_star,module,9,QuadraticWell,0.42891409387913093,,2.707576844851524,,,2.7075768448525155,,,covered,0.9999999999996337
quadratic_star,module,10,QuadraticWell,0.7243284831872548,,8.270487933896733,,,8.270487933908969,,,covered,0.9999999999985206
quadratic_star,module,11,QuadraticWell,0.08988731273743365,,0.8864014347579435,,,0.8864014347599177,,,covered,0.9999999999977728
quadratic_star,coupling,0,QuadraticCoupling,0.07524832859944183,0.588893637716569,0.20000000000027757,0.19999999999972246,0.2,0.2,0.2,0.2,covered,1.0000000000013878
quadratic_star,coupling,1,QuadraticCoupling,0.07524832859944183,0.6966540649475335,0.24000000000144328,0.2400000000010547,0.240000000001249,0.24,0.24,0.24,covered,1.0000000000060136
quadratic_star,coupling,2,QuadraticCoupling,0.07524832859944183,0.5755588027530407,0.2799999999998335,0.27999999999961145,0.27999999999972247,0.28,0.28,0.28,covered,0.9999999999994053
quadratic_star,coupling,3,QuadraticCoupling,0.07524832859944183,0.618182431780063,0.15999999999980571,0.15999999999977796,0.15999999999979184,0.16,0.16,0.16,covered,0.9999999999987857
quadratic_star,coupling,4,QuadraticCoupling,0.07524832859944183,0.1743970929650534,0.2000000000001041,0.2,0.20000000000005205,0.2,0.2,0.2,covered,1.0000000000005205
quadratic_star,coupling,5,QuadraticCoupling,0.07524832859944183,0.4794485808519874,0.2399999999993616,0.23999999999972244,0.23999999999954202,0.24,0.24,0.24,covered,0.9999999999988435
quadratic_star,coupling,6,QuadraticCoupling,0.07524832859944183,0.642860179003109,0.2799999999998335,0.27999999999961145,0.27999999999972247,0.28,0.28,0.28,covered,0.9999999999994053
quadratic_star,coupling,7,QuadraticCoupling,0.07524832859944183,0.38904713055926526,0.15999999999980571,0.15999999999993061,0.15999999999986816,0.16,0.16,0.16,covered,0.9999999999995663
quadratic_star,coupling,8,QuadraticCoupling,0.07524832859944183,0.42891409387913093,0.19999999999958368,0.2,0.19999999999979184,0.2,0.2,0.2,covered,1.0
quadratic_star,coupling,9,QuadraticCoupling,0.07524832859944183,0.7243284831872548,0.2400000000000555,0.23999999999966692,0.2399999999998612,0.24,0.24,0.24,covered,1.0000000000002314
quadratic_star,coupling,10,QuadraticCoupling,0.07524832859944183,0.08988731273743365,0.28000000000000697,0.28000000000000697,0.28000000000000697,0.28,0.28,0.28,covered,1.0000000000000249
quadratic_star,module,0,QuadraticWell,0.827391275897202,,12.0,,,12.0,,,covered,1.0
quadratic_star,module,1,QuadraticWell,0.5042537504803295,,1.8660818021239416,,,1.8660818021236707,,,covered,1.0000000000001452
quadratic_star,module,2,QuadraticWell,0.3719585294008788,,3.928537517723886,,,3.928537517722203,,,covered,1.0000000000004283
quadratic_star,module,3,QuadraticWell,0.05550198481989746,,5.700080888746881,,,5.700080888744489,,,covered,1.0000000000004197
quadratic_star,module,4,QuadraticWell,0.1796631492339721,,0.42104665650230044,,,0.42104665650255857,,,covered,0.9999999999993869
quadratic_star,module,5,QuadraticWell,0.9320443902973945,,0.2901884410175965,,,0.2901884410180938,,,covered,0.9999999999982861
quadratic_star,module,6,QuadraticWell,0.8263737035664644,,0.6109143642317941,,,0.6109143642317917,,,covered,1.000000000000004
quadratic_star,module,7,QuadraticWell,0.30608913123588904,,1.286117252345777,,,1.2861172523459103,,,covered,0.9999999999998962
quadratic_star,module,8,QuadraticWell,0.6975827252643764,,0.19999999999972246,,,0.2,,,covered,0.9999999999986122
quadratic_star,module,9,QuadraticWell,0.8272454700171084,,2.707576844852676,,,2.7075768448525155,,,covered,1.0000000000000593
quadratic_star,module,10,QuadraticWell,0.8269485329986093,,8.270487933918938,,,8.270487933908969,,,covered,1.0000000000012053
quadratic_star,module,11,QuadraticWell,0.5409387273458479,,0.8864014347598992,,,0.8864014347599177,,,covered,0.9999999999999791
quadratic_star,coupling,0,QuadraticCoupling,0.827391275897202,0.5042537504803295,0.20000000000041634,0.20000000000041634,0.20000000000041634,0.2,0.2,0.2,covered,1.0000000000020817
quadratic_star,coupling,1,QuadraticCoupling,0.827391275897202,0.3719585294008788,0.2400000000003608,0.23999999999972244,0.24000000000004162,0.24,0.24,0.24,covered,1.0000000000015035
quadratic_star,coupling,2,QuadraticCoupling,0.827391275897202,0.05550198481989746,0.27999999999961145,0.2799999999996392,0.2799999999996253,0.28,0.28,0.28,covered,0.9999999999987114
quadratic_star,coupling,3,QuadraticCoupling,0.827391275897202,0.1796631492339721,0.16000000000047185,0.16000000000027756,0.1600000000003747,0.16,0.16,0.16,covered,1.000000000002949
quadratic_star,coupling,4,QuadraticCoupling,0.827391275897202,0.9320443902973945,0.19999999999989593,0.19999999999989593,0.19999999999989593,0.2,0.2,0.2,covered,0.9999999999994796
quadratic_star,coupling,5,QuadraticCoupling,0.827391275897202,0.8263737035664644,0.24000000000000168,0.24000000000000168,0.24000000000000168,0.24,0.24,0.24,covered,1.000000000000007
quadratic_star,coupling,6,QuadraticCoupling,0.827391275897202,0.30608913123588904,0.27999999999961145,0.2799999999994449,0.2799999999995282,0.28,0.28,0.28,covered,0.9999999999986122
quadratic_star,coupling,7,QuadraticCoupling,0.827391275897202,0.6975827252643764,0.15999999999995143,0.15999999999995143,0.15999999999995143,0.16,0.16,0.16,covered,0.9999999999996965
quadratic_star,coupling,8,QuadraticCoupling,0.827391275897202,0.8272454700171084,0.2000000000000001,0.2000000000000001,0.2000000000000001,0.2,0.2,0.2,covered,1.0000000000000004
quadratic_star,coupling,9,QuadraticCoupling,0.827391275897202,0.8269485329986093,0.23999999999999966,0.23999999999999966,0.23999999999999966,0.24,0.24,0.24,covered,0.9999999999999986
quadratic_star,coupling,10,QuadraticCoupling,0.827391275897202,0.5409387273458479,0.27999999999961145,0.27999999999961145,0.27999999999961145,0.28,0.28,0.28,covered,0.9999999999986122
quadratic_dense,module,0,QuadraticWell,0.5993043603637905,,4.0,,,3.9999999999999982,,,covered,1.0000000000000004
quadratic_dense,module,1,QuadraticWell,0.4575535695800478,,0.5,,,0.49999999999999994,,,covered,1.0000000000000002
quadratic_dense,module,2,QuadraticWell,0.4891671823723829,,1.0,,,0.9999999999999998,,,covered,1.0000000000000002
quadratic_dense,module,3,QuadraticWell,0.940063788177018,,0.25,,,0.25,,,covered,1.0
quadratic_dense,module,4,QuadraticWell,0.872006481804008,,2.0,,,1.9999999999999993,,,covered,1.0000000000000004
quadratic_dense,module,5,QuadraticWell,0.5356742585986218,,8.0,,,8.0,,,covered,1.0
quadratic_dense,coupling,0,QuadraticCoupling,0.5993043603637905,0.4575535695800478,0.11555481063928723,0.11555481063916619,0.11555481063922671,0.11555481063921069,0.11555481063921069,0.11555481063921069,covered,1.0000000000006624
quadratic_dense,coupling,1,QuadraticCoupling,0.5993043603637905,0.940063788177018,0.1653511929326671,0.1653511929326671,0.1653511929326671,0.1653511929325368,0.1653511929325368,0.1653511929325368,covered,1.000000000000788
quadratic_dense,coupling,2,QuadraticCoupling,0.4575535695800478,0.4891671823723829,0.17648116148872653,0.17648116148872653,0.17648116148872653,0.1764811614887221,0.1764811614887221,0.1764811614887221,covered,1.000000000000025
quadratic_dense,coupling,3,QuadraticCoupling,0.4575535695800478,0.940063788177018,0.10584331549326993,0.10584331549316359,0.10584331549321677,0.10584331549312131,0.10584331549312131,0.10584331549312131,covered,1.0000000000014042
quadratic_dense,coupling,4,QuadraticCoupling,0.4575535695800478,0.5356742585986218,0.1270847683331375,0.12708476833314908,0.1270847683331433,0.127084768333176,0.127084768333176,0.127084768333176,covered,0.9999999999997882
quadratic_dense,coupling,5,QuadraticCoupling,0.4891671823723829,0.940063788177018,0.19968142355075172,0.19968142355116628,0.199681423550959,0.19968142355089594,0.19968142355089594,0.19968142355089594,covered,1.0000000000013538
quadratic_dense,coupling,6,QuadraticCoupling,0.940063788177018,0.872006481804008,0.22722457359430231,0.22722457359430231,0.22722457359430231,0.22722457359431703,0.22722457359431703,0.22722457359431703,covered,0.9999999999999353
quadratic_dense,coupling,7,QuadraticCoupling,0.940063788177018,0.5356742585986218,0.20724684208242533,0.20724684208242533,0.20724684208242533,0.20724684208230748,0.20724684208230748,0.20724684208230748,covered,1.0000000000005687
quadratic_dense,coupling,8,QuadraticCoupling,0.872006481804008,0.5356742585986218,0.10107628250950944,0.10107628250950944,0.10107628250950944,0.10107628250945741,0.10107628250945741,0.10107628250945741,covered,1.0000000000005147
quadratic_dense,module,0,QuadraticWell,0.2101115859314595,,4.0000000000222045,,,3.9999999999999982,,,covered,1.0000000000055516
quadratic_dense,module,1,QuadraticWell,0.3786931682749789,,0.5,,,0.49999999999999994,,,covered,1.0000000000000002
quadratic_dense,module,2,QuadraticWell,0.6662012224445029,,1.0,,,0.9999999999999998,,,covered,1.0000000000000002
quadratic_dense,module,3,QuadraticWell,0.5266325774622116,,0.25,,,0.25,,,covered,1.0
quadratic_dense,module,4,QuadraticWell,0.2326458555032197,,2.0,,,1.9999999999999993,,,covered,1.0000000000000004
quadratic_dense,module,5,QuadraticWell,0.08360437487694139,,8.000000000011102,,,8.0,,,covered,1.0000000000013878
quadratic_dense,coupling,0,QuadraticCoupling,0.2101115859314595,0.3786931682749789,0.11555481063916619,0.11555481063916619,0.11555481063916619,0.11555481063921069,0.11555481063921069,0.11555481063921069,covered,0.9999999999996149
quadratic_dense,coupling,1,QuadraticCoupling,0.2101115859314595,0.5266325774622116,0.16535119293279005,0.16535119293232015,0.1653511929325551,0.1653511929325368,0.1653511929325368,0.1653511929325368,covered,1.0000000000015314
quadratic_dense,coupling,2,QuadraticCoupling,0.3786931682749789,0.6662012224445029,0.1764811614885964,0.17648116148888218,0.1764811614887393,0.1764811614887221,0.1764811614887221,0.1764811614887221,covered,1.000000000000907
quadratic_dense,coupling,3,QuadraticCoupling,0.3786931682749789,0.5266325774622116,0.10584331549309646,0.10584331549316359,0.10584331549313003,0.10584331549312131,0.10584331549312131,0.10584331549312131,covered,1.0000000000003995
quadratic_dense,coupling,4,QuadraticCoupling,0.3786931682749789,0.08360437487694139,0.12708476833296403,0.1270847683331404,0.1270847683330522,0.127084768333176,0.127084768333176,0.127084768333176,covered,0.9999999999997198
quadratic_dense,coupling,5,QuadraticCoupling,0.6662012224445029,0.5266325774622116,0.19968142355081933,0.19968142355081933,0.19968142355081933,0.19968142355089594,0.19968142355089594,0.19968142355089594,covered,0.9999999999996163
quadratic_dense,coupling,6,QuadraticCoupling,0.5266325774622116,0.2326458555032197,0.22722457359464926,0.2272245735947757,0.2272245735947125,0.22722457359431703,0.22722457359431703,0.22722457359431703,covered,1.0000000000020186
quadratic_dense,coupling,7,QuadraticCoupling,0.5266325774622116,0.08360437487694139,0.20724684208242533,0.20724684208295027,0.2072468420826878,0.20724684208230748,0.20724684208230748,0.20724684208230748,covered,1.0000000000031015
quadratic_dense,coupling,8,QuadraticCoupling,0.2326458555032197,0.08360437487694139,0.10107628250946876,0.10107628250960904,0.1010762825095389,0.10107628250945741,0.10107628250945741,0.10107628250945741,covered,1.0000000000015001
quadratic_dense,module,0,QuadraticWell,0.9020592797570294,,4.0,,,3.9999999999999982,,,covered,1.0000000000000004
quadratic_dense,module,1,QuadraticWell,0.5984807146492253,,0.5,,,0.49999999999999994,,,covered,1.0000000000000002
quadratic_dense,module,2,QuadraticWell,0.43637686229860356,,1.0,,,0.9999999999999998,,,covered,1.0000000000000002
quadratic_dense,module,3,QuadraticWell,0.5619964371011115,,0.25,,,0.25,,,covered,1.0
quadratic_dense,module,4,QuadraticWell,0.4782533862875951,,2.0,,,1.9999999999999993,,,covered,1.0000000000000004
quadratic_dense,module,5,QuadraticWell,0.9168727019360813,,8.0,,,8.0,,,covered,1.0
quadratic_dense,coupling,0,QuadraticCoupling,0.9020592797570294,0.5984807146492253,0.11555481063911376,0.11555481063911376,0.11555481063911376,0.11555481063921069,0.11555481063921069,0.11555481063921069,covered,0.9999999999991611
quadratic_dense,coupling,1,QuadraticCoupling,0.9020592797570294,0.5619964371011115,0.16535119293232015,0.16535119293232015,0.16535119293232015,0.1653511929325368,0.1653511929325368,0.1653511929325368,covered,0.9999999999986897
quadratic_dense,coupling,2,QuadraticCoupling,0.5984807146492253,0.43637686229860356,0.1764811614887087,0.17648116148876988,0.1764811614887393,0.1764811614887221,0.1764811614887221,0.1764811614887221,covered,1.000000000000271
quadratic_dense,coupling,3,QuadraticCoupling,0.5984807146492253,0.5619964371011115,0.10584331549312022,0.10584331549312022,0.10584331549312022,0.10584331549312131,0.10584331549312131,0.10584331549312131,covered,0.9999999999999897
quadratic_dense,coupling,4,QuadraticCoupling,0.5984807146492253,0.9168727019360813,0.12708476833332255,0.12708476833332255,0.12708476833332255,0.127084768333176,0.127084768333176,0.127084768333176,covered,1.000000000001153
quadratic_dense,coupling,5,QuadraticCoupling,0.43637686229860356,0.5619964371011115,0.1996814235509252,0.1996814235509928,0.199681423550959,0.19968142355089594,0.19968142355089594,0.19968142355089594,covered,1.0000000000004852
quadratic_dense,coupling,6,QuadraticCoupling,0.5619964371011115,0.4782533862875951,0.22722457359430231,0.22722457359442874,0.22722457359436554,0.22722457359431703,0.22722457359431703,0.22722457359431703,covered,1.0000000000004916
quadratic_dense,coupling,7,QuadraticCoupling,0.5619964371011115,0.9168727019360813,0.20724684208242533,0.20724684208242533,0.20724684208242533,0.20724684208230748,0.20724684208230748,0.20724684208230748,covered,1.0000000000005687
quadratic_dense,coupling,8,QuadraticCoupling,0.4782533862875951,0.9168727019360813,0.10107628250929529,0.10107628250950944,0.10107628250940237,0.10107628250945741,0.10107628250945741,0.10107628250945741,covered,1.0000000000005147
quadratic_dense,module,0,QuadraticWell,0.8308863049705878,,4.0,,,3.9999999999999982,,,covered,1.0000000000000004
quadratic_dense,module,1,QuadraticWell,0.33694902731151016,,0.5,,,0.49999999999999994,,,covered,1.0000000000000002
quadratic_dense,module,2,QuadraticWell,0.17077075334505712,,1.0,,,0.9999999999999998,,,covered,1.0000000000000002
quadratic_dense,module,3,QuadraticWell,0.7845966083891548,,0.25,,,0.25,,,covered,1.0
quadratic_dense,module,4,QuadraticWell,0.6807929055200616,,2.0,,,1.9999999999999993,,,covered,1.0000000000000004
quadratic_dense,module,5,QuadraticWell,0.8998859643721728,,8.0,,,8.0,,,covered,1.0
quadratic_dense,coupling,0,QuadraticCoupling,0.8308863049705878,0.33694902731151016,0.11555481063911376,0.11555481063916619,0.11555481063913997,0.11555481063921069,0.11555481063921069,0.11555481063921069,covered,0.9999999999996149
quadratic_dense,coupling,1,QuadraticCoupling,0.8308863049705878,0.7845966083891548,0.165351192932537,0.165351192932537,0.165351192932537,0.1653511929325368,0.1653511929325368,0.1653511929325368,covered,1.000000000000001
quadratic_dense,coupling,2,QuadraticCoupling,0.33694902731151016,0.17077075334505712,0.17648116148876988,0.17648116148876988,0.17648116148876988,0.1764811614887221,0.1764811614887221,0.1764811614887221,covered,1.000000000000271
quadratic_dense,coupling,3,QuadraticCoupling,0.33694902731151016,0.7845966083891548,0.10584331549326993,0.10584331549316359,0.10584331549321677,0.10584331549312131,0.10584331549312131,0.10584331549312131,covered,1.0000000000014042
quadratic_dense,coupling,4,QuadraticCoupling,0.33694902731151016,0.8998859643721728,0.12708476833365792,0.1270847683336695,0.12708476833366372,0.127084768333176,0.127084768333176,0.127084768333176,covered,1.0000000000038831
quadratic_dense,coupling,5,QuadraticCoupling,0.17077075334505712,0.7845966083891548,0.1996814235514456,0.19968142355116628,0.19968142355130594,0.19968142355089594,0.19968142355089594,0.19968142355089594,covered,1.0000000000027527
quadratic_dense,coupling,6,QuadraticCoupling,0.7845966083891548,0.6807929055200616,0.22722457359430231,0.22722457359430231,0.22722457359430231,0.22722457359431703,0.22722457359431703,0.22722457359431703,covered,0.9999999999999353
quadratic_dense,coupling,7,QuadraticCoupling,0.7845966083891548,0.8998859643721728,0.20724684208225186,0.20724684208225186,0.20724684208225186,0.20724684208230748,0.20724684208230748,0.20724684208230748,covered,0.9999999999997317
quadratic_dense,coupling,8,QuadraticCoupling,0.6807929055200616,0.8998859643721728,0.10107628250950944,0.10107628250950944,0.10107628250950944,0.10107628250945741,0.10107628250945741,0.10107628250945741,covered,1.0000000000005147
quadratic_dense,module,0,QuadraticWell,0.12587578229008214,,4.0,,,3.9999999999999982,,,covered,1.0000000000000004
quadratic_dense,module,1,QuadraticWell,0.5600408999924623,,0.5,,,0.49999999999999994,,,covered,1.0000000000000002
quadratic_dense,module,2,QuadraticWell,0.40071441793275603,,1.0,,,0.9999999999999998,,,covered,1.0000000000000002
quadratic_dense,module,3,QuadraticWell,0.05138482029689101,,0.2500000000001735,,,0.25,,,covered,1.000000000000694
quadratic_dense,module,4,QuadraticWell,0.6043239183059154,,2.0,,,1.9999999999999993,,,covered,1.0000000000000004
quadratic_dense,module,5,QuadraticWell,0.33526906676026885,,8.0,,,8.0,,,covered,1.0
quadratic_dense,coupling,0,QuadraticCoupling,0.12587578229008214,0.5600408999924623,0.11555481063916619,0.11555481063911376,0.11555481063913997,0.11555481063921069,0.11555481063921069,0.11555481063921069,covered,0.9999999999996149
quadratic_dense,coupling,1,QuadraticCoupling,0.12587578229008214,0.05138482029689101,0.16535119293252984,0.16535119293264458,0.1653511929325872,0.1653511929325368,0.1653511929325368,0.1653511929325368,covered,1.0000000000006517
quadratic_dense,coupling,2,QuadraticCoupling,0.5600408999924623,0.40071441793275603,0.17648116148888218,0.1764811614885964,0.1764811614887393,0.1764811614887221,0.1764811614887221,0.1764811614887221,covered,1.000000000000907
quadratic_dense,coupling,3,QuadraticCoupling,0.5600408999924623,0.05138482029689101,0.10584331549316359,0.10584331549334337,0.10584331549325349,0.10584331549312131,0.10584331549312131,0.10584331549312131,covered,1.000000000002098
quadratic_dense,coupling,4,QuadraticCoupling,0.5600408999924623,0.33526906676026885,0.12708476833314908,0.1270847683331375,0.1270847683331433,0.127084768333176,0.127084768333176,0.127084768333176,covered,0.9999999999997882
quadratic_dense,coupling,5,QuadraticCoupling,0.40071441793275603,0.05138482029689101,0.19968142355075172,0.19968142355089027,0.199681423550821,0.19968142355089594,0.19968142355089594,0.19968142355089594,covered,0.9999999999999717
quadratic_dense,coupling,6,QuadraticCoupling,0.05138482029689101,0.6043239183059154,0.22722457359423945,0.22722457359395537,0.22722457359409742,0.22722457359431703,0.22722457359431703,0.22722457359431703,covered,0.9999999999996586
quadratic_dense,coupling,7,QuadraticCoupling,0.05138482029689101,0.33526906676026885,0.20724684208245953,0.2072468420823157,0.2072468420823876,0.20724684208230748,0.20724684208230748,0.20724684208230748,covered,1.0000000000007336
quadratic_dense,coupling,8,QuadraticCoupling,0.6043239183059154,0.33526906676026885,0.10107628250933597,0.10107628250946876,0.10107628250940237,0.10107628250945741,0.10107628250945741,0.10107628250945741,covered,1.0000000000001124
quadratic_dense,module,0,QuadraticWell,0.3749861377662783,,4.0,,,3.9999999999999982,,,covered,1.0000000000000004
quadratic_dense,module,1,QuadraticWell,0.6350412142261359,,0.5,,,0.49999999999999994,,,covered,1.0000000000000002
quadratic_dense,module,2,QuadraticWell,0.4678139230238491,,1.0,,,0.9999999999999998,,,covered,1.0000000000000002
quadratic_dense,module,3,QuadraticWell,0.8866184758685437,,0.25,,,0.25,,,covered,1.0
quadratic_dense,module,4,QuadraticWell,0.3433444820383136,,2.0,,,1.9999999999999993,,,covered,1.0000000000000004
quadratic_dense,module,5,QuadraticWell,0.8991248759074593,,8.0,,,8.0,,,covered,1.0
quadratic_dense,coupling,0,QuadraticCoupling,0.3749861377662783,0.6350412142261359,0.11555481063916619,0.11555481063928723,0.11555481063922671,0.11555481063921069,0.11555481063921069,0.11555481063921069,covered,1.0000000000006624
quadratic_dense,coupling,1,QuadraticCoupling,0.3749861377662783,0.8866184758685437,0.16535119293348394,0.16535119293232015,0.16535119293290204,0.1653511929325368,0.1653511929325368,0.1653511929325368,covered,1.000000000005728
quadratic_dense,coupling,2,QuadraticCoupling,0.6350412142261359,0.4678139230238491,0.1764811614887087,0.1764811614885964,0.17648116148865256,0.1764811614887221,0.1764811614887221,0.1764811614887221,covered,0.9999999999999242
quadratic_dense,coupling,3,QuadraticCoupling,0.6350412142261359,0.8866184758685437,0.10584331549316359,0.10584331549316359,0.10584331549316359,0.10584331549312131,0.10584331549312131,0.10584331549312131,covered,1.0000000000003995
quadratic_dense,coupling,4,QuadraticCoupling,0.6350412142261359,0.8991248759074593,0.12708476833332255,0.12708476833332255,0.12708476833332255,0.127084768333176,0.127084768333176,0.127084768333176,covered,1.000000000001153
quadratic_dense,coupling,5,QuadraticCoupling,0.4678139230238491,0.8866184758685437,0.19968142355075172,0.19968142355116628,0.199681423550959,0.19968142355089594,0.19968142355089594,0.19968142355089594,covered,1.0000000000013538
quadratic_dense,coupling,6,QuadraticCoupling,0.8866184758685437,0.3433444820383136,0.22722457359464926,0.2272245735933879,0.2272245735940186,0.22722457359431703,0.22722457359431703,0.22722457359431703,covered,1.0000000000014622
quadratic_dense,coupling,7,QuadraticCoupling,0.8866184758685437,0.8991248759074593,0.20724684208231692,0.20724684208231692,0.20724684208231692,0.20724684208230748,0.20724684208230748,0.20724684208230748,covered,1.0000000000000455
quadratic_dense,coupling,8,QuadraticCoupling,0.3433444820383136,0.8991248759074593,0.10107628250998918,0.10107628250950944,0.10107628250974932,0.10107628250945741,0.10107628250945741,0.10107628250945741,covered,1.0000000000052611
quadratic_dense,module,0,QuadraticWell,0.650466076957558,,4.0,,,3.9999999999999982,,,covered,1.0000000000000004
quadratic_dense,module,1,QuadraticWell,0.8586377823521367,,0.5,,,0.49999999999999994,,,covered,1.0000000000000002
quadratic_dense,module,2,QuadraticWell,0.5476612754153513,,1.0,,,0.9999999999999998,,,covered,1.0000000000000002
quadratic_dense,module,3,QuadraticWell,0.3110275638857491,,0.25,,,0.25,,,covered,1.0
quadratic_dense,module,4,QuadraticWell,0.3217853030499119,,2.0,,,1.9999999999999993,,,covered,1.0000000000000004
quadratic_dense,module,5,QuadraticWell,0.06230055744798996,,8.000000000005551,,,8.0,,,covered,1.000000000000694
quadratic_dense,coupling,0,QuadraticCoupling,0.650466076957558,0.8586377823521367,0.11555481063928723,0.11555481063928723,0.11555481063928723,0.11555481063921069,0.11555481063921069,0.11555481063921069,covered,1.0000000000006624
quadratic_dense,coupling,1,QuadraticCoupling,0.650466076957558,0.3110275638857491,0.16535119293232015,0.16535119293279005,0.1653511929325551,0.1653511929325368,0.1653511929325368,0.1653511929325368,covered,1.0000000000015314
quadratic_dense,coupling,2,QuadraticCoupling,0.8586377823521367,0.5476612754153513,0.17648116148853524,0.17648116148853524,0.17648116148853524,0.1764811614887221,0.1764811614887221,0.1764811614887221,covered,0.9999999999989413
quadratic_dense,coupling,3,QuadraticCoupling,0.8586377823521367,0.3110275638857491,0.10584331549281664,0.10584331549292299,0.10584331549286982,0.10584331549312131,0.10584331549312131,0.10584331549312131,covered,0.9999999999981262
quadratic_dense,coupling,4,QuadraticCoupling,0.8586377823521367,0.06230055744798996,0.1270847683336695,0.1270847683337461,0.1270847683337078,0.127084768333176,0.127084768333176,0.127084768333176,covered,1.000000000004486
quadratic_dense,coupling,5,QuadraticCoupling,0.5476612754153513,0.3110275638857491,0.19968142355081933,0.19968142355075172,0.19968142355078553,0.19968142355089594,0.19968142355089594,0.19968142355089594,covered,0.9999999999996163
quadratic_dense,coupling,6,QuadraticCoupling,0.3110275638857491,0.3217853030499119,0.2272245735943203,0.2272245735943203,0.2272245735943203,0.22722457359431703,0.22722457359431703,0.22722457359431703,covered,1.0000000000000144
quadratic_dense,coupling,7,QuadraticCoupling,0.3110275638857491,0.06230055744798996,0.2072468420823157,0.20724684208245953,0.2072468420823876,0.20724684208230748,0.20724684208230748,0.20724684208230748,covered,1.0000000000007336
quadratic_dense,coupling,8,QuadraticCoupling,0.3217853030499119,0.06230055744798996,0.10107628250946876,0.1010762825095389,0.10107628250950383,0.10107628250945741,0.10107628250945741,0.10107628250945741,covered,1.0000000000008062
quadratic_dense,module,0,QuadraticWell,0.07146997470401477,,4.000000000005551,,,3.9999999999999982,,,covered,1.0000000000013882
quadratic_dense,module,1,QuadraticWell,0.6998058417773391,,0.5,,,0.49999999999999994,,,covered,1.0000000000000002
quadratic_dense,module,2,QuadraticWell,0.9799236384793427,,1.0,,,0.9999999999999998,,,covered,1.0000000000000002
quadratic_dense,module,3,QuadraticWell,0.9007567734987937,,0.25,,,0.25,,,covered,1.0
quadratic_dense,module,4,QuadraticWell,0.538687024757794,,2.0,,,1.9999999999999993,,,covered,1.0000000000000004
quadratic_dense,module,5,QuadraticWell,0.07174333638672425,,8.000000000011102,,,8.0,,,covered,1.0000000000013878
quadratic_dense,coupling,0,QuadraticCoupling,0.07146997470401477,0.6998058417773391,0.1155548106389796,0.11555481063876681,0.11555481063887321,0.11555481063921069,0.11555481063921069,0.11555481063921069,covered,0.9999999999980002
quadratic_dense,coupling,1,QuadraticCoupling,0.07146997470401477,0.9007567734987937,0.16535119293232564,0.16535119293301404,0.16535119293266984,0.1653511929325368,0.1653511929325368,0.1653511929325368,covered,1.0000000000028861
quadratic_dense,coupling,2,QuadraticCoupling,0.6998058417773391,0.9799236384793427,0.17648116148888218,0.17648116148888218,0.17648116148888218,0.1764811614887221,0.1764811614887221,0.1764811614887221,covered,1.000000000000907
quadratic_dense,coupling,3,QuadraticCoupling,0.6998058417773391,0.9007567734987937,0.10584331549316359,0.10584331549316359,0.10584331549316359,0.10584331549312131,0.10584331549312131,0.10584331549312131,covered,1.0000000000003995
quadratic_dense,coupling,4,QuadraticCoupling,0.6998058417773391,0.07174333638672425,0.1270847683329756,0.1270847683324465,0.12708476833271104,0.127084768333176,0.127084768333176,0.127084768333176,covered,0.9999999999984232
quadratic_dense,coupling,5,QuadraticCoupling,0.9799236384793427,0.9007567734987937,0.1996814235509928,0.1996814235509928,0.1996814235509928,0.19968142355089594,0.19968142355089594,0.19968142355089594,covered,1.0000000000004852
quadratic_dense,coupling,6,QuadraticCoupling,0.9007567734987937,0.538687024757794,0.22722457359395537,0.22722457359395537,0.22722457359395537,0.22722457359431703,0.22722457359431703,0.22722457359431703,covered,0.9999999999984084
quadratic_dense,coupling,7,QuadraticCoupling,0.9007567734987937,0.07174333638672425,0.20724684208173144,0.2072468420808686,0.2072468420813,0.20724684208230748,0.20724684208230748,0.20724684208230748,covered,0.9999999999972206
quadratic_dense,coupling,8,QuadraticCoupling,0.538687024757794,0.07174333638672425,0.10107628250950944,0.10107628250978251,0.10107628250964598,0.10107628250945741,0.10107628250945741,0.10107628250945741,covered,1.0000000000032163
quadratic_dense,module,0,QuadraticWell,0.5879360397004985,,4.0,,,3.9999999999999982,,,covered,1.0000000000000004
quadratic_dense,module,1,QuadraticWell,0.9523578970370046,,0.5,,,0.49999999999999994,,,covered,1.0000000000000002
quadratic_dense,module,2,QuadraticWell,0.46735562651928236,,1.0,,,0.9999999999999998,,,covered,1.0000000000000002
quadratic_dense,module,3,QuadraticWell,0.4410967553795015,,0.25,,,0.25,,,covered,1.0
quadratic_dense,module,4,QuadraticWell,0.6748645269755728,,2.0,,,1.9999999999999993,,,covered,1.0000000000000004
quadratic_dense,module,5,QuadraticWell,0.5544109407886592,,8.0,,,8.0,,,covered,1.0
quadratic_dense,coupling,0,QuadraticCoupling,0.5879360397004985,0.9523578970370046,0.11555481063911376,0.11555481063911376,0.11555481063911376,0.11555481063921069,0.11555481063921069,0.11555481063921069,covered,0.9999999999991611
quadratic_dense,coupling,1,QuadraticCoupling,0.5879360397004985,0.4410967553795015,0.16535119293249362,0.16535119293261658,0.1653511929325551,0.1653511929325368,0.1653511929325368,0.1653511929325368,covered,1.0000000000004825
quadratic_dense,coupling,2,QuadraticCoupling,0.9523578970370046,0.46735562651928236,0.1764811614881883,0.1764811614885964,0.17648116148839235,0.1764811614887221,0.1764811614887221,0.1764811614887221,covered,0.9999999999992879
quadratic_dense,coupling,3,QuadraticCoupling,0.9523578970370046,0.4410967553795015,0.10584331549316359,0.10584331549326993,0.10584331549321677,0.10584331549312131,0.10584331549312131,0.10584331549312131,covered,1.0000000000014042
quadratic_dense,coupling,4,QuadraticCoupling,0.9523578970370046,0.5544109407886592,0.1270847683329756,0.1270847683329756,0.1270847683329756,0.127084768333176,0.127084768333176,0.127084768333176,covered,0.9999999999984232
quadratic_dense,coupling,5,QuadraticCoupling,0.46735562651928236,0.4410967553795015,0.1996814235509252,0.1996814235509252,0.1996814235509252,0.19968142355089594,0.19968142355089594,0.19968142355089594,covered,1.0000000000001465
quadratic_dense,coupling,6,QuadraticCoupling,0.4410967553795015,0.6748645269755728,0.22722457359442874,0.22722457359430231,0.22722457359436554,0.22722457359431703,0.22722457359431703,0.22722457359431703,covered,1.0000000000004916
quadratic_dense,coupling,7,QuadraticCoupling,0.4410967553795015,0.5544109407886592,0.2072468420823157,0.20724684208225186,0.20724684208228378,0.20724684208230748,0.20724684208230748,0.20724684208230748,covered,1.0000000000000397
quadratic_dense,coupling,8,QuadraticCoupling,0.6748645269755728,0.5544109407886592,0.1010762825094227,0.1010762825094227,0.1010762825094227,0.10107628250945741,0.10107628250945741,0.10107628250945741,covered,0.9999999999996566
quadratic_dense,module,0,QuadraticWell,0.23642247731602148,,4.0,,,3.9999999999999982,,,covered,1.0000000000000004
quadratic_dense,module,1,QuadraticWell,0.8973975114534138,,0.5,,,0.49999999999999994,,,covered,1.0000000000000002
quadratic_dense,module,2,QuadraticWell,0.15980040242053561,,1.0,,,0.9999999999999998,,,covered,1.0000000000000002
quadratic_dense,module,3,QuadraticWell,0.5613780688718744,,0.25,,,0.25,,,covered,1.0
quadratic_dense,module,4,QuadraticWell,0.6571952022809805,,2.0,,,1.9999999999999993,,,covered,1.0000000000000004
quadratic_dense,module,5,QuadraticWell,0.4267984873394585,,8.0,,,8.0,,,covered,1.0
quadratic_dense,coupling,0,QuadraticCoupling,0.23642247731602148,0.8973975114534138,0.11555481063881924,0.1155548106394607,0.11555481063913997,0.11555481063921069,0.11555481063921069,0.11555481063921069,covered,1.0000000000021636
quadratic_dense,coupling,1,QuadraticCoupling,0.23642247731602148,0.5613780688718744,0.1653511929324431,0.1653511929326671,0.1653511929325551,0.1653511929325368,0.1653511929325368,0.1653511929325368,covered,1.000000000000788
quadratic_dense,coupling,2,QuadraticCoupling,0.8973975114534138,0.15980040242053561,0.17648116148957607,0.1764811614885964,0.17648116148908624,0.1764811614887221,0.1764811614887221,0.1764811614887221,covered,1.000000000004839
quadratic_dense,coupling,3,QuadraticCoupling,0.8973975114534138,0.5613780688718744,0.10584331549316359,0.10584331549316359,0.10584331549316359,0.10584331549312131,0.10584331549312131,0.10584331549312131,covered,1.0000000000003995
quadratic_dense,coupling,4,QuadraticCoupling,0.8973975114534138,0.4267984873394585,0.12708476833332255,0.12708476833331098,0.12708476833331678,0.127084768333176,0.127084768333176,0.127084768333176,covered,1.000000000001153
quadratic_dense,coupling,5,QuadraticCoupling,0.15980040242053561,0.5613780688718744,0.1996814235514456,0.19968142355116628,0.19968142355130594,0.19968142355089594,0.19968142355089594,0.19968142355089594,covered,1.0000000000027527
quadratic_dense,coupling,6,QuadraticCoupling,0.5613780688718744,0.6571952022809805,0.22722457359430231,0.22722457359430231,0.22722457359430231,0.22722457359431703,0.22722457359431703,0.22722457359431703,covered,0.9999999999999353
quadratic_dense,coupling,7,QuadraticCoupling,0.5613780688718744,0.4267984873394585,0.20724684208225186,0.2072468420823157,0.20724684208228378,0.20724684208230748,0.20724684208230748,0.20724684208230748,covered,1.0000000000000397
quadratic_dense,coupling,8,QuadraticCoupling,0.6571952022809805,0.4267984873394585,0.10107628250933597,0.10107628250946876,0.10107628250940237,0.10107628250945741,0.10107628250945741,0.10107628250945741,covered,1.0000000000001124
quadratic_dense,module,0,QuadraticWell,0.6620858518051705,,4.0,,,3.9999999999999982,,,covered,1.0000000000000004
quadratic_dense,module,1,QuadraticWell,0.1973930385744763,,0.5,,,0.49999999999999994,,,covered,1.0000000000000002
quadratic_dense,module,2,QuadraticWell,0.3224213524590016,,1.0,,,0.9999999999999998,,,covered,1.0000000000000002
quadratic_dense,module,3,QuadraticWell,0.8559023497026276,,0.25,,,0.25,,,covered,1.0
quadratic_dense,module,4,QuadraticWell,0.26676052520367965,,2.0,,,1.9999999999999993,,,covered,1.0000000000000004
quadratic_dense,module,5,QuadraticWell,0.53956121611012,,8.0,,,8.0,,,covered,1.0
quadratic_dense,coupling,0,QuadraticCoupling,0.6620858518051705,0.1973930385744763,0.11555481063911376,0.11555481063916619,0.11555481063913997,0.11555481063921069,0.11555481063921069,0.11555481063921069,covered,0.9999999999996149
quadratic_dense,coupling,1,QuadraticCoupling,0.6620858518051705,0.8559023497026276,0.1653511929326671,0.1653511929326671,0.1653511929326671,0.1653511929325368,0.1653511929325368,0.1653511929325368,covered,1.000000000000788
quadratic_dense,coupling,2,QuadraticCoupling,0.1973930385744763,0.3224213524590016,0.17648116148876988,0.17648116148876988,0.17648116148876988,0.1764811614887221,0.1764811614887221,0.1764811614887221,covered,1.000000000000271
quadratic_dense,coupling,3,QuadraticCoupling,0.1973930385744763,0.8559023497026276,0.10584331549257604,0.10584331549316359,0.10584331549286982,0.10584331549312131,0.10584331549312131,0.10584331549312131,covered,1.0000000000003995
quadratic_dense,coupling,4,QuadraticCoupling,0.1973930385744763,0.53956121611012,0.12708476833331098,0.12708476833332255,0.12708476833331678,0.127084768333176,0.127084768333176,0.127084768333176,covered,1.000000000001153
quadratic_dense,coupling,5,QuadraticCoupling,0.3224213524590016,0.8559023497026276,0.19968142355005783,0.19968142355116628,0.19968142355061205,0.19968142355089594,0.19968142355089594,0.19968142355089594,covered,1.0000000000013538
quadratic_dense,coupling,6,QuadraticCoupling,0.8559023497026276,0.26676052520367965,0.22722457359395537,0.22722457359546958,0.2272245735947125,0.22722457359431703,0.22722457359431703,0.22722457359431703,covered,1.0000000000050724
quadratic_dense,coupling,7,QuadraticCoupling,0.8559023497026276,0.53956121611012,0.20724684208242533,0.20724684208242533,0.20724684208242533,0.20724684208230748,0.20724684208230748,0.20724684208230748,covered,1.0000000000005687
quadratic_dense,coupling,8,QuadraticCoupling,0.26676052520367965,0.53956121611012,0.10107628250946876,0.10107628250950944,0.10107628250948911,0.10107628250945741,0.10107628250945741,0.10107628250945741,covered,1.0000000000005147
quadratic_dense,module,0,QuadraticWell,0.771759069329124,,4.0,,,3.9999999999999982,,,covered,1.0000000000000004
quadratic_dense,module,1,QuadraticWell,0.07617391146909444,,0.5000000000006939,,,0.49999999999999994,,,covered,1.000000000001388
quadratic_dense,module,2,QuadraticWell,0.35464010959109066,,1.0,,,0.9999999999999998,,,covered,1.0000000000000002
quadratic_dense,module,3,QuadraticWell,0.17600983858535257,,0.25,,,0.25,,,covered,1.0
quadratic_dense,module,4,QuadraticWell,0.3692690721876792,,2.0,,,1.9999999999999993,,,covered,1.0000000000000004
quadratic_dense,module,5,QuadraticWell,0.29095756645093734,,8.0,,,8.0,,,covered,1.0
quadratic_dense,coupling,0,QuadraticCoupling,0.771759069329124,0.07617391146909444,0.1155548106394607,0.11555481063967349,0.1155548106395671,0.11555481063921069,0.11555481063921069,0.11555481063921069,covered,1.000000000004005
quadratic_dense,coupling,1,QuadraticCoupling,0.771759069329124,0.17600983858535257,0.16535119293232015,0.16535119293140227,0.1653511929318612,0.1653511929325368,0.1653511929325368,0.1653511929325368,covered,0.9999999999986897
quadratic_dense,coupling,2,QuadraticCoupling,0.07617391146909444,0.35464010959109066,0.17648116148849438,0.1764811614885964,0.1764811614885454,0.1764811614887221,0.1764811614887221,0.1764811614887221,covered,0.9999999999992879
quadratic_dense,coupling,3,QuadraticCoupling,0.07617391146909444,0.17600983858535257,0.1058433154931566,0.1058433154931832,0.1058433154931699,0.10584331549312131,0.10584331549312131,0.10584331549312131,covered,1.0000000000005846
quadratic_dense,coupling,4,QuadraticCoupling,0.07617391146909444,0.29095756645093734,0.12708476833296692,0.1270847683331375,0.1270847683330522,0.127084768333176,0.127084768333176,0.127084768333176,covered,0.9999999999996971
quadratic_dense,coupling,5,QuadraticCoupling,0.35464010959109066,0.17600983858535257,0.19968142355075172,0.19968142355075172,0.19968142355075172,0.19968142355089594,0.19968142355089594,0.19968142355089594,covered,0.9999999999992778
quadratic_dense,coupling,6,QuadraticCoupling,0.17600983858535257,0.3692690721876792,0.22722457359442874,0.22722457359442874,0.22722457359442874,0.22722457359431703,0.22722457359431703,0.22722457359431703,covered,1.0000000000004916
quadratic_dense,coupling,7,QuadraticCoupling,0.17600983858535257,0.29095756645093734,0.2072468420823157,0.2072468420823157,0.2072468420823157,0.20724684208230748,0.20724684208230748,0.20724684208230748,covered,1.0000000000000397
quadratic_dense,coupling,8,QuadraticCoupling,0.3692690721876792,0.29095756645093734,0.10107628250946876,0.10107628250946876,0.10107628250946876,0.10107628250945741,0.10107628250945741,0.10107628250945741,covered,1.0000000000001124
quadratic_dense,module,0,QuadraticWell,0.9773697650443771,,4.0,,,3.9999999999999982,,,covered,1.0000000000000004
quadratic_dense,module,1,QuadraticWell,0.28167140919260863,,0.5,,,0.49999999999999994,,,covered,1.0000000000000002
quadratic_dense,module,2,QuadraticWell,0.08310024683702938,,1.0000000000013878,,,0.9999999999999998,,,covered,1.000000000001388
quadratic_dense,module,3,QuadraticWell,0.41104273098055616,,0.25,,,0.25,,,covered,1.0
quadratic_dense,module,4,QuadraticWell,0.15914765837549422,,2.0,,,1.9999999999999993,,,covered,1.0000000000000004
quadratic_dense,module,5,QuadraticWell,0.8471495250560223,,8.0,,,8.0,,,covered,1.0
quadratic_dense,coupling,0,QuadraticCoupling,0.9773697650443771,0.28167140919260863,0.1155548106394607,0.11555481063951313,0.11555481063948692,0.11555481063921069,0.11555481063921069,0.11555481063921069,covered,1.0000000000026172
quadratic_dense,coupling,1,QuadraticCoupling,0.9773697650443771,0.41104273098055616,0.16535119293232015,0.16535119293279005,0.1653511929325551,0.1653511929325368,0.1653511929325368,0.1653511929325368,covered,1.0000000000015314
quadratic_dense,coupling,2,QuadraticCoupling,0.28167140919260863,0.08310024683702938,0.1764811614885964,0.17648116148884133,0.17648116148871887,0.1764811614887221,0.1764811614887221,0.1764811614887221,covered,1.0000000000006757
quadratic_dense,coupling,3,QuadraticCoupling,0.28167140919260863,0.41104273098055616,0.10584331549309646,0.10584331549309646,0.10584331549309646,0.10584331549312131,0.10584331549312131,0.10584331549312131,covered,0.9999999999997652
quadratic_dense,coupling,4,QuadraticCoupling,0.28167140919260863,0.8471495250560223,0.12708476833296403,0.1270847683329756,0.12708476833296983,0.127084768333176,0.127084768333176,0.127084768333176,covered,0.9999999999984232
quadratic_dense,coupling,5,QuadraticCoupling,0.08310024683702938,0.41104273098055616,0.19968142355102883,0.19968142355075172,0.19968142355089027,0.19968142355089594,0.19968142355089594,0.19968142355089594,covered,1.0000000000006655
quadratic_dense,coupling,6,QuadraticCoupling,0.41104273098055616,0.15914765837549422,0.2272245735940818,0.2272245735940818,0.2272245735940818,0.22722457359431703,0.22722457359431703,0.22722457359431703,covered,0.9999999999989648
quadratic_dense,coupling,7,QuadraticCoupling,0.41104273098055616,0.8471495250560223,0.20724684208196875,0.20724684208173144,0.2072468420818501,0.20724684208230748,0.20724684208230748,0.20724684208230748,covered,0.9999999999983655
quadratic_dense,coupling,8,QuadraticCoupling,0.15914765837549422,0.8471495250560223,0.10107628250964223,0.10107628250950944,0.10107628250957584,0.10107628250945741,0.10107628250945741,0.10107628250945741,covered,1.0000000000018285
quadratic_dense,module,0,QuadraticWell,0.4383541492409958,,4.0,,,3.9999999999999982,,,covered,1.0000000000000004
quadratic_dense,module,1,QuadraticWell,0.8333107701468908,,0.5,,,0.49999999999999994,,,covered,1.0000000000000002
quadratic_dense,module,2,QuadraticWell,0.7823996244768384,,1.0,,,0.9999999999999998,,,covered,1.0000000000000002
quadratic_dense,module,3,QuadraticWell,0.020044386669183574,,0.24999999999991326,,,0.25,,,covered,0.999999999999653
quadratic_dense,module,4,QuadraticWell,0.12307428275504456,,2.0000000000027756,,,1.9999999999999993,,,covered,1.0000000000013882
quadratic_dense,module,5,QuadraticWell,0.6595073403573882,,8.0,,,8.0,,,covered,1.0
quadratic_dense,coupling,0,QuadraticCoupling,0.4383541492409958,0.8333107701468908,0.11555481063916619,0.11555481063911376,0.11555481063913997,0.11555481063921069,0.11555481063921069,0.11555481063921069,covered,0.9999999999996149
quadratic_dense,coupling,1,QuadraticCoupling,0.4383541492409958,0.020044386669183574,0.16535119293279005,0.16535119293296216,0.1653511929328761,0.1653511929325368,0.1653511929325368,0.1653511929325368,covered,1.0000000000025724
quadratic_dense,coupling,2,QuadraticCoupling,0.8333107701468908,0.7823996244768384,0.17648116148879545,0.17648116148879545,0.17648116148879545,0.1764811614887221,0.1764811614887221,0.1764811614887221,covered,1.0000000000004157
quadratic_dense,coupling,3,QuadraticCoupling,0.8333107701468908,0.020044386669183574,0.10584331549316359,0.1058433154933801,0.10584331549327183,0.10584331549312131,0.10584331549312131,0.10584331549312131,covered,1.000000000002445
quadratic_dense,coupling,4,QuadraticCoupling,0.8333107701468908,0.6595073403573882,0.12708476833314908,0.12708476833314908,0.12708476833314908,0.127084768333176,0.127084768333176,0.127084768333176,covered,0.9999999999997882
quadratic_dense,coupling,5,QuadraticCoupling,0.7823996244768384,0.020044386669183574,0.19968142355116628,0.19968142355026566,0.19968142355071597,0.19968142355089594,0.19968142355089594,0.19968142355089594,covered,1.0000000000013538
quadratic_dense,coupling,6,QuadraticCoupling,0.020044386669183574,0.12307428275504456,0.2272245735943183,0.22722457359422366,0.22722457359427098,0.22722457359431703,0.22722457359431703,0.22722457359431703,covered,1.0000000000000056
quadratic_dense,coupling,7,QuadraticCoupling,0.020044386669183574,0.6595073403573882,0.20724684208218447,0.20724684208173144,0.20724684208195795,0.20724684208230748,0.20724684208230748,0.20724684208230748,covered,0.9999999999994065
quadratic_dense,coupling,8,QuadraticCoupling,0.12307428275504456,0.6595073403573882,0.10107628250943557,0.10107628250950944,0.10107628250947251,0.10107628250945741,0.10107628250945741,0.10107628250945741,covered,1.0000000000005147
quadratic_dense,module,0,QuadraticWell,0.4891082212158245,,4.0,,,3.9999999999999982,,,covered,1.0000000000000004
quadratic_dense,module,1,QuadraticWell,0.6017433737413033,,0.5,,,0.49999999999999994,,,covered,1.0000000000000002
quadratic_dense,module,2,QuadraticWell,0.5661671415409539,,1.0,,,0.9999999999999998,,,covered,1.0000000000000002
quadratic_dense,module,3,QuadraticWell,0.20745529516589298,,0.25,,,0.25,,,covered,1.0
quadratic_dense,module,4,QuadraticWell,0.4996849025114527,,2.0,,,1.9999999999999993,,,covered,1.0000000000000004
quadratic_dense,module,5,QuadraticWell,0.28718917569348923,,8.0,,,8.0,,,covered,1.0
quadratic_dense,coupling,0,QuadraticCoupling,0.4891082212158245,0.6017433737413033,0.11555481063916619,0.11555481063920049,0.11555481063918334,0.11555481063921069,0.11555481063921069,0.11555481063921069,covered,0.9999999999999117
quadratic_dense,coupling,1,QuadraticCoupling,0.4891082212158245,0.20745529516589298,0.1653511929324431,0.1653511929324431,0.1653511929324431,0.1653511929325368,0.1653511929325368,0.1653511929325368,covered,0.9999999999994333
quadratic_dense,coupling,2,QuadraticCoupling,0.6017433737413033,0.5661671415409539,0.1764811614887087,0.1764811614887087,0.1764811614887087,0.1764811614887221,0.1764811614887221,0.1764811614887221,covered,0.9999999999999242
quadratic_dense,coupling,3,QuadraticCoupling,0.6017433737413033,0.20745529516589298,0.10584331549316359,0.10584331549292299,0.1058433154930433,0.10584331549312131,0.10584331549312131,0.10584331549312131,covered,1.0000000000003995
quadratic_dense,coupling,4,QuadraticCoupling,0.6017433737413033,0.28718917569348923,0.12708476833332255,0.12708476833331098,0.12708476833331678,0.127084768333176,0.127084768333176,0.127084768333176,covered,1.000000000001153
quadratic_dense,coupling,5,QuadraticCoupling,0.5661671415409539,0.20745529516589298,0.1996814235504724,0.19968142355075172,0.19968142355061205,0.19968142355089594,0.19968142355089594,0.19968142355089594,covered,0.9999999999992778
quadratic_dense,coupling,6,QuadraticCoupling,0.20745529516589298,0.4996849025114527,0.2272245735947757,0.2272245735947757,0.2272245735947757,0.22722457359431703,0.22722457359431703,0.22722457359431703,covered,1.0000000000020186
quadratic_dense,coupling,7,QuadraticCoupling,0.20745529516589298,0.28718917569348923,0.2072468420823157,0.2072468420823157,0.2072468420823157,0.20724684208230748,0.20724684208230748,0.20724684208230748,covered,1.0000000000000397
quadratic_dense,coupling,8,QuadraticCoupling,0.4996849025114527,0.28718917569348923,0.10107628250946876,0.10107628250946876,0.10107628250946876,0.10107628250945741,0.10107628250945741,0.10107628250945741,covered,1.0000000000001124
quadratic_dense,module,0,QuadraticWell,0.7606360364459063,,4.0,,,3.9999999999999982,,,covered,1.0000000000000004
quadratic_dense,module,1,QuadraticWell,0.5697592232595319,,0.5,,,0.49999999999999994,,,covered,1.0000000000000002
quadratic_dense,module,2,QuadraticWell,0.13978946137814266,,1.0,,,0.9999999999999998,,,covered,1.0000000000000002
quadratic_dense,module,3,QuadraticWell,0.717796223418785,,0.25,,,0.25,,,covered,1.0
quadratic_dense,module,4,QuadraticWell,0.75896104111928,,2.0,,,1.9999999999999993,,,covered,1.0000000000000004
quadratic_dense,module,5,QuadraticWell,0.7848860749915463,,8.0,,,8.0,,,covered,1.0
quadratic_dense,coupling,0,QuadraticCoupling,0.7606360364459063,0.5697592232595319,0.11555481063928723,0.11555481063928723,0.11555481063928723,0.11555481063921069,0.11555481063921069,0.11555481063921069,covered,1.0000000000006624
quadratic_dense,coupling,1,QuadraticCoupling,0.7606360364459063,0.717796223418785,0.165351192932537,0.165351192932537,0.165351192932537,0.1653511929325368,0.1653511929325368,0.1653511929325368,covered,1.000000000000001
quadratic_dense,coupling,2,QuadraticCoupling,0.5697592232595319,0.13978946137814266,0.17648116148888218,0.1764811614885964,0.1764811614887393,0.1764811614887221,0.1764811614887221,0.1764811614887221,covered,1.000000000000907
quadratic_dense,coupling,3,QuadraticCoupling,0.5697592232595319,0.717796223418785,0.10584331549316359,0.10584331549316359,0.10584331549316359,0.10584331549312131,0.10584331549312131,0.10584331549312131,covered,1.0000000000003995
quadratic_dense,coupling,4,QuadraticCoupling,0.5697592232595319,0.7848860749915463,0.12708476833314908,0.12708476833314908,0.12708476833314908,0.127084768333176,0.127084768333176,0.127084768333176,covered,0.9999999999997882
quadratic_dense,coupling,5,QuadraticCoupling,0.13978946137814266,0.717796223418785,0.19968142355075172,0.1996814235504724,0.19968142355061205,0.19968142355089594,0.19968142355089594,0.19968142355089594,covered,0.9999999999992778
quadratic_dense,coupling,6,QuadraticCoupling,0.717796223418785,0.75896104111928,0.22722457359430231,0.22722457359430231,0.22722457359430231,0.22722457359431703,0.22722457359431703,0.22722457359431703,covered,0.9999999999999353
quadratic_dense,coupling,7,QuadraticCoupling,0.717796223418785,0.7848860749915463,0.2072468420823386,0.2072468420823386,0.2072468420823386,0.20724684208230748,0.20724684208230748,0.20724684208230748,covered,1.00000000000015
quadratic_dense,coupling,8,QuadraticCoupling,0.75896104111928,0.7848860749915463,0.10107628250944438,0.10107628250944438,0.10107628250944438,0.10107628250945741,0.10107628250945741,0.10107628250945741,covered,0.9999999999998711
quadratic_dense,module,0,QuadraticWell,0.06920267828851226,,4.000000000005551,,,3.9999999999999982,,,covered,1.0000000000013882
quadratic_dense,module,1,QuadraticWell,0.8032455517535384,,0.5,,,0.49999999999999994,,,covered,1.0000000000000002
quadratic_dense,module,2,QuadraticWell,0.08722720315635073,,1.0,,,0.9999999999999998,,,covered,1.0000000000000002
quadratic_dense,module,3,QuadraticWell,0.38968087829308123,,0.25,,,0.25,,,covered,1.0
quadratic_dense,module,4,QuadraticWell,0.43616228778772514,,2.0,,,1.9999999999999993,,,covered,1.0000000000000004
quadratic_dense,module,5,QuadraticWell,0.5836749797435041,,8.0,,,8.0,,,covered,1.0
quadratic_dense,coupling,0,QuadraticCoupling,0.06920267828851226,0.8032455517535384,0.11555481063967349,0.1155548106394607,0.1155548106395671,0.11555481063921069,0.11555481063921069,0.11555481063921069,covered,1.000000000004005
quadratic_dense,coupling,1,QuadraticCoupling,0.06920267828851226,0.38968087829308123,0.16535119293232564,0.1653511929324431,0.16535119293238437,0.1653511929325368,0.1653511929325368,0.1653511929325368,covered,0.9999999999994333
quadratic_dense,coupling,2,QuadraticCoupling,0.8032455517535384,0.08722720315635073,0.17648116148957607,0.17648116148884133,0.1764811614892087,0.1764811614887221,0.1764811614887221,0.1764811614887221,covered,1.000000000004839
quadratic_dense,coupling,3,QuadraticCoupling,0.8032455517535384,0.38968087829308123,0.10584331549316359,0.10584331549326993,0.10584331549321677,0.10584331549312131,0.10584331549312131,0.10584331549312131,covered,1.0000000000014042
quadratic_dense,coupling,4,QuadraticCoupling,0.8032455517535384,0.5836749797435041,0.12708476833314908,0.12708476833314908,0.12708476833314908,0.127084768333176,0.127084768333176,0.127084768333176,covered,0.9999999999997882
quadratic_dense,coupling,5,QuadraticCoupling,0.08722720315635073,0.38968087829308123,0.19968142355068189,0.19968142355109866,0.19968142355089027,0.19968142355089594,0.19968142355089594,0.19968142355089594,covered,1.0000000000010152
quadratic_dense,coupling,6,QuadraticCoupling,0.38968087829308123,0.43616228778772514,0.227224573594342,0.227224573594342,0.227224573594342,0.22722457359431703,0.22722457359431703,0.22722457359431703,covered,1.00000000000011
quadratic_dense,coupling,7,QuadraticCoupling,0.38968087829308123,0.5836749797435041,0.2072468420823157,0.20724684208242533,0.2072468420823705,0.20724684208230748,0.20724684208230748,0.20724684208230748,covered,1.0000000000005687
quadratic_dense,coupling,8,QuadraticCoupling,0.43616228778772514,0.5836749797435041,0.10107628250946876,0.1010762825094227,0.10107628250944573,0.10107628250945741,0.10107628250945741,0.10107628250945741,covered,1.0000000000001124
quadratic_dense,module,0,QuadraticWell,0.7062602456118315,,4.0,,,3.9999999999999982,,,covered,1.0000000000000004
quadratic_dense,module,1,QuadraticWell,0.46257417851158994,,0.5,,,0.49999999999999994,,,covered,1.0000000000000002
quadratic_dense,module,2,QuadraticWell,0.720193385648688,,1.0,,,0.9999999999999998,,,covered,1.0000000000000002
quadratic_dense,module,3,QuadraticWell,0.7558122592605839,,0.25,,,0.25,,,covered,1.0
quadratic_dense,module,4,QuadraticWell,0.5000366659456347,,2.0,,,1.9999999999999993,,,covered,1.0000000000000004
quadratic_dense,module,5,QuadraticWell,0.19137302761371078,,8.0,,,8.0,,,covered,1.0
quadratic_dense,coupling,0,QuadraticCoupling,0.7062602456118315,0.46257417851158994,0.11555481063911376,0.11555481063916619,0.11555481063913997,0.11555481063921069,0.11555481063921069,0.11555481063921069,covered,0.9999999999996149
quadratic_dense,coupling,1,QuadraticCoupling,0.7062602456118315,0.7558122592605839,0.16535119293258035,0.16535119293258035,0.16535119293258035,0.1653511929325368,0.1653511929325368,0.1653511929325368,covered,1.0000000000002633
quadratic_dense,coupling,2,QuadraticCoupling,0.46257417851158994,0.720193385648688,0.1764811614885964,0.17648116148888218,0.1764811614887393,0.1764811614887221,0.1764811614887221,0.1764811614887221,covered,1.000000000000907
quadratic_dense,coupling,3,QuadraticCoupling,0.46257417851158994,0.7558122592605839,0.10584331549309646,0.10584331549299011,0.1058433154930433,0.10584331549312131,0.10584331549312131,0.10584331549312131,covered,0.9999999999997652
quadratic_dense,coupling,4,QuadraticCoupling,0.46257417851158994,0.19137302761371078,0.12708476833331098,0.12708476833331098,0.12708476833331098,0.127084768333176,0.127084768333176,0.127084768333176,covered,1.000000000001062
quadratic_dense,coupling,5,QuadraticCoupling,0.720193385648688,0.7558122592605839,0.19968142355090607,0.19968142355090607,0.19968142355090607,0.19968142355089594,0.19968142355089594,0.19968142355089594,covered,1.0000000000000506
quadratic_dense,coupling,6,QuadraticCoupling,0.7558122592605839,0.5000366659456347,0.22722457359430231,0.22722457359430231,0.22722457359430231,0.22722457359431703,0.22722457359431703,0.22722457359431703,covered,0.9999999999999353
quadratic_dense,coupling,7,QuadraticCoupling,0.7558122592605839,0.19137302761371078,0.20724684208173144,0.20724684208335653,0.20724684208254399,0.20724684208230748,0.20724684208230748,0.20724684208230748,covered,1.0000000000050617
quadratic_dense,coupling,8,QuadraticCoupling,0.5000366659456347,0.19137302761371078,0.10107628250933597,0.10107628250946876,0.10107628250940237,0.10107628250945741,0.10107628250945741,0.10107628250945741,covered,1.0000000000001124
quadratic_dense,module,0,QuadraticWell,0.701467448505049,,4.0,,,3.9999999999999982,,,covered,1.0000000000000004
quadratic_dense,module,1,QuadraticWell,0.7897761299812858,,0.5,,,0.49999999999999994,,,covered,1.0000000000000002
quadratic_dense,module,2,QuadraticWell,0.2566639807346107,,1.0,,,0.9999999999999998,,,covered,1.0000000000000002
quadratic_dense,module,3,QuadraticWell,0.5508529915678275,,0.25,,,0.25,,,covered,1.0
quadratic_dense,module,4,QuadraticWell,0.297712112128523,,2.0,,,1.9999999999999993,,,covered,1.0000000000000004
quadratic_dense,module,5,QuadraticWell,0.475892890661795,,8.0,,,8.0,,,covered,1.0
quadratic_dense,coupling,0,QuadraticCoupling,0.701467448505049,0.7897761299812858,0.11555481063920049,0.11555481063920049,0.11555481063920049,0.11555481063921069,0.11555481063921069,0.11555481063921069,covered,0.9999999999999117
quadratic_dense,coupling,1,QuadraticCoupling,0.701467448505049,0.5508529915678275,0.16535119293249362,0.16535119293249362,0.16535119293249362,0.1653511929325368,0.1653511929325368,0.1653511929325368,covered,0.9999999999997388
quadratic_dense,coupling,2,QuadraticCoupling,0.7897761299812858,0.2566639807346107,0.17648116148888218,0.1764811614892903,0.17648116148908624,0.1764811614887221,0.1764811614887221,0.1764811614887221,covered,1.0000000000032196
quadratic_dense,coupling,3,QuadraticCoupling,0.7897761299812858,0.5508529915678275,0.10584331549299011,0.10584331549299011,0.10584331549299011,0.10584331549312131,0.10584331549312131,0.10584331549312131,covered,0.9999999999987604
quadratic_dense,coupling,4,QuadraticCoupling,0.7897761299812858,0.475892890661795,0.1270847683329756,0.12708476833296403,0.12708476833296983,0.127084768333176,0.127084768333176,0.127084768333176,covered,0.9999999999984232
quadratic_dense,coupling,5,QuadraticCoupling,0.2566639807346107,0.5508529915678275,0.19968142355075172,0.19968142355081933,0.19968142355078553,0.19968142355089594,0.19968142355089594,0.19968142355089594,covered,0.9999999999996163
quadratic_dense,coupling,6,QuadraticCoupling,0.5508529915678275,0.297712112128523,0.22722457359430231,0.22722457359442874,0.22722457359436554,0.22722457359431703,0.22722457359431703,0.22722457359431703,covered,1.0000000000004916
quadratic_dense,coupling,7,QuadraticCoupling,0.5508529915678275,0.475892890661795,0.2072468420823386,0.2072468420823157,0.20724684208232713,0.20724684208230748,0.20724684208230748,0.20724684208230748,covered,1.00000000000015
quadratic_dense,coupling,8,QuadraticCoupling,0.297712112128523,0.475892890661795,0.10107628250946876,0.10107628250946876,0.10107628250946876,0.10107628250945741,0.10107628250945741,0.10107628250945741,covered,1.0000000000001124
quadratic_dense,module,0,QuadraticWell,0.03645244527145419,,3.999999999980571,,,3.9999999999999982,,,covered,0.9999999999951432
quadratic_dense,module,1,QuadraticWell,0.721510990695898,,0.5,,,0.49999999999999994,,,covered,1.0000000000000002
quadratic_dense,module,2,QuadraticWell,0.9565707579841525,,1.0,,,0.9999999999999998,,,covered,1.0000000000000002
quadratic_dense,module,3,QuadraticWell,0.8632636734301006,,0.25,,,0.25,,,covered,1.0
quadratic_dense,module,4,QuadraticWell,0.36734792196388893,,2.0,,,1.9999999999999993,,,covered,1.0000000000000004
quadratic_dense,module,5,QuadraticWell,0.09706177651245146,,8.000000000011102,,,8.0,,,covered,1.0000000000013878
quadratic_dense,coupling,0,QuadraticCoupling,0.03645244527145419,0.721510990695898,0.11555481063889941,0.1155548106394607,0.11555481063918005,0.11555481063921069,0.11555481063921069,0.11555481063921069,covered,1.0000000000021636
quadratic_dense,coupling,1,QuadraticCoupling,0.03645244527145419,0.8632636734301006,0.1653511929322109,0.16535119293301404,0.16535119293261247,0.1653511929325368,0.1653511929325368,0.1653511929325368,covered,1.0000000000028861
quadratic_dense,coupling,2,QuadraticCoupling,0.721510990695898,0.9565707579841525,0.17648116148888218,0.17648116148888218,0.17648116148888218,0.1764811614887221,0.1764811614887221,0.1764811614887221,covered,1.000000000000907
quadratic_dense,coupling,3,QuadraticCoupling,0.721510990695898,0.8632636734301006,0.10584331549307685,0.10584331549307685,0.10584331549307685,0.10584331549312131,0.10584331549312131,0.10584331549312131,covered,0.9999999999995799
quadratic_dense,coupling,4,QuadraticCoupling,0.721510990695898,0.09706177651245146,0.1270847683336695,0.12708476833383428,0.12708476833375187,0.127084768333176,0.127084768333176,0.127084768333176,covered,1.0000000000051799
quadratic_dense,coupling,5,QuadraticCoupling,0.9565707579841525,0.8632636734301006,0.1996814235509928,0.1996814235509928,0.1996814235509928,0.19968142355089594,0.19968142355089594,0.19968142355089594,covered,1.0000000000004852
quadratic_dense,coupling,6,QuadraticCoupling,0.8632636734301006,0.36734792196388893,0.22722457359464926,0.2272245735947757,0.2272245735947125,0.22722457359431703,0.22722457359431703,0.22722457359431703,covered,1.0000000000020186
quadratic_dense,coupling,7,QuadraticCoupling,0.8632636734301006,0.09706177651245146,0.20724684208311922,0.20724684208225638,0.2072468420826878,0.20724684208230748,0.20724684208230748,0.20724684208230748,covered,1.0000000000039169
quadratic_dense,coupling,8,QuadraticCoupling,0.36734792196388893,0.09706177651245146,0.10107628250946876,0.10107628250960904,0.1010762825095389,0.10107628250945741,0.10107628250945741,0.10107628250945741,covered,1.0000000000015001
quadratic_dense,module,0,QuadraticWell,0.5511494876980126,,4.0,,,3.9999999999999982,,,covered,1.0000000000000004
quadratic_dense,module,1,QuadraticWell,0.7975874356407466,,0.5,,,0.49999999999999994,,,covered,1.0000000000000002
quadratic_dense,module,2,QuadraticWell,0.9032379276183627,,1.0,,,0.9999999999999998,,,covered,1.0000000000000002
quadratic_dense,module,3,QuadraticWell,0.15680788116976677,,0.25,,,0.25,,,covered,1.0
quadratic_dense,module,4,QuadraticWell,0.6450154947985858,,2.0,,,1.9999999999999993,,,covered,1.0000000000000004
quadratic_dense,module,5,QuadraticWell,0.20303400868785468,,8.0,,,8.0,,,covered,1.0
quadratic_dense,coupling,0,QuadraticCoupling,0.5511494876980126,0.7975874356407466,0.11555481063928723,0.11555481063928723,0.11555481063928723,0.11555481063921069,0.11555481063921069,0.11555481063921069,covered,1.0000000000006624
quadratic_dense,coupling,1,QuadraticCoupling,0.5511494876980126,0.15680788116976677,0.16535119293232015,0.16535119293279005,0.1653511929325551,0.1653511929325368,0.1653511929325368,0.1653511929325368,covered,1.0000000000015314
quadratic_dense,coupling,2,QuadraticCoupling,0.7975874356407466,0.9032379276183627,0.1764811614887087,0.1764811614887087,0.1764811614887087,0.1764811614887221,0.1764811614887221,0.1764811614887221,covered,0.9999999999999242
quadratic_dense,coupling,3,QuadraticCoupling,0.7975874356407466,0.15680788116976677,0.10584331549316359,0.10584331549326993,0.10584331549321677,0.10584331549312131,0.10584331549312131,0.10584331549312131,covered,1.0000000000014042
quadratic_dense,coupling,4,QuadraticCoupling,0.7975874356407466,0.20303400868785468,0.1270847683336695,0.12708476833365792,0.12708476833366372,0.127084768333176,0.127084768333176,0.127084768333176,covered,1.0000000000038831
quadratic_dense,coupling,5,QuadraticCoupling,0.9032379276183627,0.15680788116976677,0.1996814235497785,0.19968142355005783,0.19968142354991816,0.19968142355089594,0.19968142355089594,0.19968142355089594,covered,0.9999999999958028
quadratic_dense,coupling,6,QuadraticCoupling,0.15680788116976677,0.6450154947985858,0.2272245735947757,0.22722457359464926,0.2272245735947125,0.22722457359431703,0.22722457359431703,0.22722457359431703,covered,1.0000000000020186
quadratic_dense,coupling,7,QuadraticCoupling,0.15680788116976677,0.20303400868785468,0.20724684208222896,0.20724684208222896,0.20724684208222896,0.20724684208230748,0.20724684208230748,0.20724684208230748,covered,0.9999999999996211
quadratic_dense,coupling,8,QuadraticCoupling,0.6450154947985858,0.20303400868785468,0.10107628250950944,0.10107628250964223,0.10107628250957584,0.10107628250945741,0.10107628250945741,0.10107628250945741,covered,1.0000000000018285
quadratic_dense,module,0,QuadraticWell,0.9244125497581441,,4.0,,,3.9999999999999982,,,covered,1.0000000000000004
quadratic_dense,module,1,QuadraticWell,0.3036702795930188,,0.5,,,0.49999999999999994,,,covered,1.0000000000000002
quadratic_dense,module,2,QuadraticWell,0.6981915685444001,,1.0,,,0.9999999999999998,,,covered,1.0000000000000002
quadratic_dense,module,3,QuadraticWell,0.46159979281108,,0.25,,,0.25,,,covered,1.0
quadratic_dense,module,4,QuadraticWell,0.2148475838377483,,2.0,,,1.9999999999999993,,,covered,1.0000000000000004
quadratic_dense,module,5,QuadraticWell,0.4360608284886479,,8.0,,,8.0,,,covered,1.0
quadratic_dense,coupling,0,QuadraticCoupling,0.9244125497581441,0.3036702795930188,0.1155548106394607,0.11555481063951313,0.11555481063948692,0.11555481063921069,0.11555481063921069,0.11555481063921069,covered,1.0000000000026172
quadratic_dense,coupling,1,QuadraticCoupling,0.9244125497581441,0.46159979281108,0.16535119293301404,0.16535119293209616,0.1653511929325551,0.1653511929325368,0.1653511929325368,0.1653511929325368,covered,1.0000000000028861
quadratic_dense,coupling,2,QuadraticCoupling,0.3036702795930188,0.6981915685444001,0.1764811614885964,0.1764811614881883,0.17648116148839235,0.1764811614887221,0.1764811614887221,0.1764811614887221,covered,0.9999999999992879
quadratic_dense,coupling,3,QuadraticCoupling,0.3036702795930188,0.46159979281108,0.10584331549309646,0.10584331549309646,0.10584331549309646,0.10584331549312131,0.10584331549312131,0.10584331549312131,covered,0.9999999999997652
quadratic_dense,coupling,4,QuadraticCoupling,0.3036702795930188,0.4360608284886479,0.1270847683331375,0.1270847683331375,0.1270847683331375,0.127084768333176,0.127084768333176,0.127084768333176,covered,0.9999999999996971
quadratic_dense,coupling,5,QuadraticCoupling,0.6981915685444001,0.46159979281108,0.19968142355081933,0.19968142355075172,0.19968142355078553,0.19968142355089594,0.19968142355089594,0.19968142355089594,covered,0.9999999999996163
quadratic_dense,coupling,6,QuadraticCoupling,0.46159979281108,0.2148475838377483,0.22722457359442874,0.22722457359442874,0.22722457359442874,0.22722457359431703,0.22722457359431703,0.22722457359431703,covered,1.0000000000004916
quadratic_dense,coupling,7,QuadraticCoupling,0.46159979281108,0.4360608284886479,0.20724684208227234,0.20724684208227234,0.20724684208227234,0.20724684208230748,0.20724684208230748,0.20724684208230748,covered,0.9999999999998305
quadratic_dense,coupling,8,QuadraticCoupling,0.2148475838377483,0.4360608284886479,0.10107628250946876,0.10107628250946876,0.10107628250946876,0.10107628250945741,0.10107628250945741,0.10107628250945741,covered,1.0000000000001124
quadratic_dense,module,0,QuadraticWell,0.5222958356520351,,4.0,,,3.9999999999999982,,,covered,1.0000000000000004
quadratic_dense,module,1,QuadraticWell,0.06897249801360444,,0.5000000000006939,,,0.49999999999999994,,,covered,1.000000000001388
quadratic_dense,module,2,QuadraticWell,0.06680740937092114,,0.9999999999986122,,,0.9999999999999998,,,covered,0.9999999999986124
quadratic_dense,module,3,QuadraticWell,0.6467753228300734,,0.25,,,0.25,,,covered,1.0
quadratic_dense,module,4,QuadraticWell,0.14505492976476353,,2.0,,,1.9999999999999993,,,covered,1.0000000000000004
quadratic_dense,module,5,QuadraticWell,0.4630481473778781,,8.0,,,8.0,,,covered,1.0
quadratic_dense,coupling,0,QuadraticCoupling,0.5222958356520351,0.06897249801360444,0.11555481063911376,0.11555481063932654,0.11555481063922016,0.11555481063921069,0.11555481063921069,0.11555481063921069,covered,1.0000000000010025
quadratic_dense,coupling,1,QuadraticCoupling,0.5222958356520351,0.6467753228300734,0.1653511929326671,0.1653511929326671,0.1653511929326671,0.1653511929325368,0.1653511929325368,0.1653511929325368,covered,1.000000000000788
quadratic_dense,coupling,2,QuadraticCoupling,0.06897249801360444,0.06680740937092114,0.17648116148872206,0.17648116148872206,0.17648116148872206,0.1764811614887221,0.1764811614887221,0.1764811614887221,covered,0.9999999999999999
quadratic_dense,coupling,3,QuadraticCoupling,0.06897249801360444,0.6467753228300734,0.10584331549341681,0.10584331549316359,0.10584331549329021,0.10584331549312131,0.10584331549312131,0.10584331549312131,covered,1.0000000000027918
quadratic_dense,coupling,4,QuadraticCoupling,0.06897249801360444,0.4630481473778781,0.12708476833348734,0.12708476833331098,0.12708476833339916,0.127084768333176,0.127084768333176,0.127084768333176,covered,1.0000000000024498
quadratic_dense,coupling,5,QuadraticCoupling,0.06680740937092114,0.6467753228300734,0.19968142355102883,0.1996814235504724,0.1996814235507506,0.19968142355089594,0.19968142355089594,0.19968142355089594,covered,1.0000000000006655
quadratic_dense,coupling,6,QuadraticCoupling,0.6467753228300734,0.14505492976476353,0.22722457359395537,0.22722457359269402,0.2272245735933247,0.22722457359431703,0.22722457359431703,0.22722457359431703,covered,0.9999999999984084
quadratic_dense,coupling,7,QuadraticCoupling,0.6467753228300734,0.4630481473778781,0.20724684208242533,0.2072468420823157,0.2072468420823705,0.20724684208230748,0.20724684208230748,0.20724684208230748,covered,1.0000000000005687
quadratic_dense,coupling,8,QuadraticCoupling,0.14505492976476353,0.4630481473778781,0.10107628250964223,0.10107628250964223,0.10107628250964223,0.10107628250945741,0.10107628250945741,0.10107628250945741,covered,1.0000000000018285
quadratic_dense,module,0,QuadraticWell,0.70757890327617,,4.0,,,3.9999999999999982,,,covered,1.0000000000000004
quadratic_dense,module,1,QuadraticWell,0.7694228635445015,,0.5,,,0.49999999999999994,,,covered,1.0000000000000002
quadratic_dense,module,2,QuadraticWell,0.7803539544816104,,1.0,,,0.9999999999999998,,,covered,1.0000000000000002
quadratic_dense,module,3,QuadraticWell,0.3527534337485102,,0.25,,,0.25,,,covered,1.0
quadratic_dense,module,4,QuadraticWell,0.16881462365981972,,2.0,,,1.9999999999999993,,,covered,1.0000000000000004
quadratic_dense,module,5,QuadraticWell,0.8827524850644737,,8.0,,,8.0,,,covered,1.0
quadratic_dense,coupling,0,QuadraticCoupling,0.70757890327617,0.7694228635445015,0.11555481063920049,0.11555481063920049,0.11555481063920049,0.11555481063921069,0.11555481063921069,0.11555481063921069,covered,0.9999999999999117
quadratic_dense,coupling,1,QuadraticCoupling,0.70757890327617,0.3527534337485102,0.16535119293232015,0.1653511929324431,0.16535119293238162,0.1653511929325368,0.1653511929325368,0.1653511929325368,covered,0.9999999999994333
quadratic_dense,coupling,2,QuadraticCoupling,0.7694228635445015,0.7803539544816104,0.17648116148871956,0.17648116148871956,0.17648116148871956,0.1764811614887221,0.1764811614887221,0.1764811614887221,covered,0.9999999999999857
quadratic_dense,coupling,3,QuadraticCoupling,0.7694228635445015,0.3527534337485102,0.10584331549316359,0.10584331549326993,0.10584331549321677,0.10584331549312131,0.10584331549312131,0.10584331549312131,covered,1.0000000000014042
quadratic_dense,coupling,4,QuadraticCoupling,0.7694228635445015,0.8827524850644737,0.12708476833314908,0.12708476833314908,0.12708476833314908,0.127084768333176,0.127084768333176,0.127084768333176,covered,0.9999999999997882
quadratic_dense,coupling,5,QuadraticCoupling,0.7803539544816104,0.3527534337485102,0.19968142355116628,0.19968142355075172,0.199681423550959,0.19968142355089594,0.19968142355089594,0.19968142355089594,covered,1.0000000000013538
quadratic_dense,coupling,6,QuadraticCoupling,0.3527534337485102,0.16881462365981972,0.22722457359442874,0.22722457359442874,0.22722457359442874,0.22722457359431703,0.22722457359431703,0.22722457359431703,covered,1.0000000000004916
quadratic_dense,coupling,7,QuadraticCoupling,0.3527534337485102,0.8827524850644737,0.20724684208127486,0.20724684208242533,0.2072468420818501,0.20724684208230748,0.20724684208230748,0.20724684208230748,covered,1.0000000000005687
quadratic_dense,coupling,8,QuadraticCoupling,0.16881462365981972,0.8827524850644737,0.10107628250964223,0.10107628250950944,0.10107628250957584,0.10107628250945741,0.10107628250945741,0.10107628250945741,covered,1.0000000000018285
quadratic_dense,module,0,QuadraticWell,0.4248255770056805,,4.0,,,3.9999999999999982,,,covered,1.0000000000000004
quadratic_dense,module,1,QuadraticWell,0.2508387061599399,,0.5,,,0.49999999999999994,,,covered,1.0000000000000002
quadratic_dense,module,2,QuadraticWell,0.9194943139575805,,1.0,,,0.9999999999999998,,,covered,1.0000000000000002
quadratic_dense,module,3,QuadraticWell,0.5877207014066149,,0.25,,,0.25,,,covered,1.0
quadratic_dense,module,4,QuadraticWell,0.10143555745573483,,1.9999999999972244,,,1.9999999999999993,,,covered,0.9999999999986126
quadratic_dense,module,5,QuadraticWell,0.2323950412303337,,8.0,,,8.0,,,covered,1.0
quadratic_dense,coupling,0,QuadraticCoupling,0.4248255770056805,0.2508387061599399,0.11555481063916619,0.11555481063916619,0.11555481063916619,0.11555481063921069,0.11555481063921069,0.11555481063921069,covered,0.9999999999996149
quadratic_dense,coupling,1,QuadraticCoupling,0.4248255770056805,0.5877207014066149,0.16535119293261658,0.16535119293249362,0.1653511929325551,0.1653511929325368,0.1653511929325368,0.1653511929325368,covered,1.0000000000004825
quadratic_dense,coupling,2,QuadraticCoupling,0.2508387061599399,0.9194943139575805,0.1764811614885964,0.17648116148888218,0.1764811614887393,0.1764811614887221,0.1764811614887221,0.1764811614887221,covered,1.000000000000907
quadratic_dense,coupling,3,QuadraticCoupling,0.2508387061599399,0.5877207014066149,0.10584331549326993,0.10584331549316359,0.10584331549321677,0.10584331549312131,0.10584331549312131,0.10584331549312131,covered,1.0000000000014042
quadratic_dense,coupling,4,QuadraticCoupling,0.2508387061599399,0.2323950412303337,0.12708476833315918,0.12708476833315918,0.12708476833315918,0.127084768333176,0.127084768333176,0.127084768333176,covered,0.9999999999998677
quadratic_dense,coupling,5,QuadraticCoupling,0.9194943139575805,0.5877207014066149,0.1996814235504724,0.1996814235504724,0.1996814235504724,0.19968142355089594,0.19968142355089594,0.19968142355089594,covered,0.9999999999978789
quadratic_dense,coupling,6,QuadraticCoupling,0.5877207014066149,0.10143555745573483,0.22722457359395537,0.22722457359370324,0.2272245735938293,0.22722457359431703,0.22722457359431703,0.22722457359431703,covered,0.9999999999984084
quadratic_dense,coupling,7,QuadraticCoupling,0.5877207014066149,0.2323950412303337,0.20724684208173144,0.20724684208196875,0.2072468420818501,0.20724684208230748,0.20724684208230748,0.20724684208230748,covered,0.9999999999983655
quadratic_dense,coupling,8,QuadraticCoupling,0.10143555745573483,0.2323950412303337,0.1010762825095223,0.10107628250946876,0.10107628250949553,0.10107628250945741,0.10107628250945741,0.10107628250945741,covered,1.000000000000642
quadratic_dense,module,0,QuadraticWell,0.45134530731104044,,4.0,,,3.9999999999999982,,,covered,1.0000000000000004
quadratic_dense,module,1,QuadraticWell,0.4648839739246971,,0.5,,,0.49999999999999994,,,covered,1.0000000000000002
quadratic_dense,module,2,QuadraticWell,0.645406819068056,,1.0,,,0.9999999999999998,,,covered,1.0000000000000002
quadratic_dense,module,3,QuadraticWell,0.4303377002471383,,0.25,,,0.25,,,covered,1.0
quadratic_dense,module,4,QuadraticWell,0.3486661925218524,,2.0,,,1.9999999999999993,,,covered,1.0000000000000004
quadratic_dense,module,5,QuadraticWell,0.5032596211595364,,8.0,,,8.0,,,covered,1.0
quadratic_dense,coupling,0,QuadraticCoupling,0.45134530731104044,0.4648839739246971,0.11555481063920955,0.11555481063920955,0.11555481063920955,0.11555481063921069,0.11555481063921069,0.11555481063921069,covered,0.9999999999999901
quadratic_dense,coupling,1,QuadraticCoupling,0.45134530731104044,0.4303377002471383,0.16535119293252984,0.16535119293252984,0.16535119293252984,0.1653511929325368,0.1653511929325368,0.1653511929325368,covered,0.9999999999999579
quadratic_dense,coupling,2,QuadraticCoupling,0.4648839739246971,0.645406819068056,0.1764811614885964,0.17648116148888218,0.1764811614887393,0.1764811614887221,0.1764811614887221,0.1764811614887221,covered,1.000000000000907
quadratic_dense,coupling,3,QuadraticCoupling,0.4648839739246971,0.4303377002471383,0.10584331549311814,0.10584331549311814,0.10584331549311814,0.10584331549312131,0.10584331549312131,0.10584331549312131,covered,0.99999999999997
quadratic_dense,coupling,4,QuadraticCoupling,0.4648839739246971,0.5032596211595364,0.12708476833318086,0.12708476833319243,0.12708476833318666,0.127084768333176,0.127084768333176,0.127084768333176,covered,1.0000000000001292
quadratic_dense,coupling,5,QuadraticCoupling,0.645406819068056,0.4303377002471383,0.19968142355081933,0.19968142355109866,0.199681423550959,0.19968142355089594,0.19968142355089594,0.19968142355089594,covered,1.0000000000010152
quadratic_dense,coupling,6,QuadraticCoupling,0.4303377002471383,0.3486661925218524,0.22722457359425527,0.22722457359425527,0.22722457359425527,0.22722457359431703,0.22722457359431703,0.22722457359431703,covered,0.9999999999997282
quadratic_dense,coupling,7,QuadraticCoupling,0.4303377002471383,0.5032596211595364,0.2072468420823157,0.2072468420823386,0.20724684208232713,0.20724684208230748,0.20724684208230748,0.20724684208230748,covered,1.00000000000015
quadratic_dense,coupling,8,QuadraticCoupling,0.3486661925218524,0.5032596211595364,0.1010762825095555,0.1010762825094227,0.10107628250948911,0.10107628250945741,0.10107628250945741,0.10107628250945741,covered,1.0000000000009703
quadratic_dense,module,0,QuadraticWell,0.357510553687728,,4.0,,,3.9999999999999982,,,covered,1.0000000000000004
quadratic_dense,module,1,QuadraticWell,0.30912666636679975,,0.49999999999722444,,,0.49999999999999994,,,covered,0.999999999994449
quadratic_dense,module,2,QuadraticWell,0.3397774843970017,,1.0,,,0.9999999999999998,,,covered,1.0000000000000002
quadratic_dense,module,3,QuadraticWell,0.7522574417668612,,0.25,,,0.25,,,covered,1.0
quadratic_dense,module,4,QuadraticWell,0.3249412012588205,,2.0,,,1.9999999999999993,,,covered,1.0000000000000004
quadratic_dense,module,5,QuadraticWell,0.9521430823078132,,8.0,,,8.0,,,covered,1.0
quadratic_dense,coupling,0,QuadraticCoupling,0.357510553687728,0.30912666636679975,0.11555481063920955,0.11555481063920955,0.11555481063920955,0.11555481063921069,0.11555481063921069,0.11555481063921069,covered,0.9999999999999901
quadratic_dense,coupling,1,QuadraticCoupling,0.357510553687728,0.7522574417668612,0.16535119293279005,0.16535119293232015,0.1653511929325551,0.1653511929325368,0.1653511929325368,0.1653511929325368,covered,1.0000000000015314
quadratic_dense,coupling,2,QuadraticCoupling,0.30912666636679975,0.3397774843970017,0.17648116148872653,0.17648116148872653,0.17648116148872653,0.1764811614887221,0.1764811614887221,0.1764811614887221,covered,1.000000000000025
quadratic_dense,coupling,3,QuadraticCoupling,0.30912666636679975,0.7522574417668612,0.10584331549326993,0.10584331549316359,0.10584331549321677,0.10584331549312131,0.10584331549312131,0.10584331549312131,covered,1.0000000000014042
quadratic_dense,coupling,4,QuadraticCoupling,0.30912666636679975,0.9521430823078132,0.1270847683343518,0.1270847683329756,0.12708476833366372,0.127084768333176,0.127084768333176,0.127084768333176,covered,1.0000000000092522
quadratic_dense,coupling,5,QuadraticCoupling,0.3397774843970017,0.7522574417668612,0.19968142355075172,0.1996814235504724,0.19968142355061205,0.19968142355089594,0.19968142355089594,0.19968142355089594,covered,0.9999999999992778
quadratic_dense,coupling,6,QuadraticCoupling,0.7522574417668612,0.3249412012588205,0.22722457359464926,0.2272245735947757,0.2272245735947125,0.22722457359431703,0.22722457359431703,0.22722457359431703,covered,1.0000000000020186
quadratic_dense,coupling,7,QuadraticCoupling,0.7522574417668612,0.9521430823078132,0.20724684208242533,0.20724684208242533,0.20724684208242533,0.20724684208230748,0.20724684208230748,0.20724684208230748,covered,1.0000000000005687
quadratic_dense,coupling,8,QuadraticCoupling,0.3249412012588205,0.9521430823078132,0.10107628250964223,0.10107628250950944,0.10107628250957584,0.10107628250945741,0.10107628250945741,0.10107628250945741,covered,1.0000000000018285
quadratic_dense,module,0,QuadraticWell,0.5935949711969689,,4.0,,,3.9999999999999982,,,covered,1.0000000000000004
quadratic_dense,module,1,QuadraticWell,0.8550210623828887,,0.5,,,0.49999999999999994,,,covered,1.0000000000000002
quadratic_dense,module,2,QuadraticWell,0.9327305376737196,,1.0,,,0.9999999999999998,,,covered,1.0000000000000002
quadratic_dense,module,3,QuadraticWell,0.5292894669142165,,0.25,,,0.25,,,covered,1.0
quadratic_dense,module,4,QuadraticWell,0.542969955950706,,2.0,,,1.9999999999999993,,,covered,1.0000000000000004
quadratic_dense,module,5,QuadraticWell,0.8894850718041056,,8.0,,,8.0,,,covered,1.0
quadratic_dense,coupling,0,QuadraticCoupling,0.5935949711969689,0.8550210623828887,0.11555481063911376,0.11555481063911376,0.11555481063911376,0.11555481063921069,0.11555481063921069,0.11555481063921069,covered,0.9999999999991611
quadratic_dense,coupling,1,QuadraticCoupling,0.5935949711969689,0.5292894669142165,0.16535119293249362,0.16535119293249362,0.16535119293249362,0.1653511929325368,0.1653511929325368,0.1653511929325368,covered,0.9999999999997388
quadratic_dense,coupling,2,QuadraticCoupling,0.8550210623828887,0.9327305376737196,0.1764811614887087,0.1764811614887087,0.1764811614887087,0.1764811614887221,0.1764811614887221,0.1764811614887221,covered,0.9999999999999242
quadratic_dense,coupling,3,QuadraticCoupling,0.8550210623828887,0.5292894669142165,0.10584331549281664,0.10584331549281664,0.10584331549281664,0.10584331549312131,0.10584331549312131,0.10584331549312131,covered,0.9999999999971215
quadratic_dense,coupling,4,QuadraticCoupling,0.8550210623828887,0.8894850718041056,0.12708476833314908,0.12708476833314908,0.12708476833314908,0.127084768333176,0.127084768333176,0.127084768333176,covered,0.9999999999997882
quadratic_dense,coupling,5,QuadraticCoupling,0.9327305376737196,0.5292894669142165,0.19968142355116628,0.19968142355116628,0.19968142355116628,0.19968142355089594,0.19968142355089594,0.19968142355089594,covered,1.0000000000013538
quadratic_dense,coupling,6,QuadraticCoupling,0.5292894669142165,0.542969955950706,0.227224573594324,0.227224573594324,0.227224573594324,0.22722457359431703,0.22722457359431703,0.22722457359431703,covered,1.0000000000000306
quadratic_dense,coupling,7,QuadraticCoupling,0.5292894669142165,0.8894850718041056,0.20724684208242533,0.20724684208242533,0.20724684208242533,0.20724684208230748,0.20724684208230748,0.20724684208230748,covered,1.0000000000005687
quadratic_dense,coupling,8,QuadraticCoupling,0.542969955950706,0.8894850718041056,0.10107628250950944,0.10107628250950944,0.10107628250950944,0.10107628250945741,0.10107628250945741,0.10107628250945741,covered,1.0000000000005147
quadratic_dense,module,0,QuadraticWell,0.28507781911620106,,4.0,,,3.9999999999999982,,,covered,1.0000000000000004
quadratic_dense,module,1,QuadraticWell,0.5650973554518542,,0.5,,,0.49999999999999994,,,covered,1.0000000000000002
quadratic_dense,module,2,QuadraticWell,0.3935022916139406,,1.0,,,0.9999999999999998,,,covered,1.0000000000000002
quadratic_dense,module,3,QuadraticWell,0.8781132397917343,,0.25,,,0.25,,,covered,1.0
quadratic_dense,module,4,QuadraticWell,0.5513230519532208,,2.0,,,1.9999999999999993,,,covered,1.0000000000000004
quadratic_dense,module,5,QuadraticWell,0.32249571626544343,,8.0,,,8.0,,,covered,1.0
quadratic_dense,coupling,0,QuadraticCoupling,0.28507781911620106,0.5650973554518542,0.11555481063916619,0.11555481063911376,0.11555481063913997,0.11555481063921069,0.11555481063921069,0.11555481063921069,covered,0.9999999999996149
quadratic_dense,coupling,1,QuadraticCoupling,0.28507781911620106,0.8781132397917343,0.16535119293209616,0.16535119293232015,0.16535119293220815,0.1653511929325368,0.1653511929325368,0.1653511929325368,covered,0.9999999999986897
quadratic_dense,coupling,2,QuadraticCoupling,0.5650973554518542,0.3935022916139406,0.1764811614887087,0.17648116148876988,0.1764811614887393,0.1764811614887221,0.1764811614887221,0.1764811614887221,covered,1.000000000000271
quadratic_dense,coupling,3,QuadraticCoupling,0.5650973554518542,0.8781132397917343,0.10584331549281664,0.10584331549281664,0.10584331549281664,0.10584331549312131,0.10584331549312131,0.10584331549312131,covered,0.9999999999971215
quadratic_dense,coupling,4,QuadraticCoupling,0.5650973554518542,0.32249571626544343,0.12708476833314908,0.1270847683331375,0.1270847683331433,0.127084768333176,0.127084768333176,0.127084768333176,covered,0.9999999999997882
quadratic_dense,coupling,5,QuadraticCoupling,0.3935022916139406,0.8781132397917343,0.19968142355075172,0.19968142355116628,0.199681423550959,0.19968142355089594,0.19968142355089594,0.19968142355089594,covered,1.0000000000013538
quadratic_dense,coupling,6,QuadraticCoupling,0.8781132397917343,0.5513230519532208,0.22722457359464926,0.22722457359464926,0.22722457359464926,0.22722457359431703,0.22722457359431703,0.22722457359431703,covered,1.0000000000014622
quadratic_dense,coupling,7,QuadraticCoupling,0.8781132397917343,0.32249571626544343,0.20724684208242533,0.20724684208266264,0.20724684208254399,0.20724684208230748,0.20724684208230748,0.20724684208230748,covered,1.0000000000017137
quadratic_dense,coupling,8,QuadraticCoupling,0.5513230519532208,0.32249571626544343,0.10107628250950944,0.10107628250946876,0.10107628250948911,0.10107628250945741,0.10107628250945741,0.10107628250945741,covered,1.0000000000005147
quadratic_dense,module,0,QuadraticWell,0.7580363520273983,,4.0,,,3.9999999999999982,,,covered,1.0000000000000004
quadratic_dense,module,1,QuadraticWell,0.09513441946247113,,0.5000000000006939,,,0.49999999999999994,,,covered,1.000000000001388
quadratic_dense,module,2,QuadraticWell,0.12561345047030584,,1.0,,,0.9999999999999998,,,covered,1.0000000000000002
quadratic_dense,module,3,QuadraticWell,0.06339049737510383,,0.25000000000034694,,,0.25,,,covered,1.0000000000013878
quadratic_dense,module,4,QuadraticWell,0.8094568302382711,,2.0,,,1.9999999999999993,,,covered,1.0000000000000004
quadratic_dense,module,5,QuadraticWell,0.808505106297656,,8.0,,,8.0,,,covered,1.0
quadratic_dense,coupling,0,QuadraticCoupling,0.7580363520273983,0.09513441946247113,0.11555481063876681,0.11555481063828571,0.11555481063852627,0.11555481063921069,0.11555481063921069,0.11555481063921069,covered,0.9999999999961587
quadratic_dense,coupling,1,QuadraticCoupling,0.7580363520273983,0.06339049737510383,0.16535119293232015,0.16535119293163175,0.16535119293197595,0.1653511929325368,0.1653511929325368,0.1653511929325368,covered,0.9999999999986897
quadratic_dense,coupling,2,QuadraticCoupling,0.09513441946247113,0.12561345047030584,0.1764811614887546,0.17648116148872653,0.17648116148874055,0.1764811614887221,0.1764811614887221,0.1764811614887221,covered,1.000000000000184
quadratic_dense,coupling,3,QuadraticCoupling,0.09513441946247113,0.06339049737510383,0.10584331549311324,0.10584331549311324,0.10584331549311324,0.10584331549312131,0.10584331549312131,0.10584331549312131,covered,0.9999999999999237
quadratic_dense,coupling,4,QuadraticCoupling,0.09513441946247113,0.808505106297656,0.1270847683324465,0.1270847683329756,0.12708476833271104,0.127084768333176,0.127084768333176,0.127084768333176,covered,0.9999999999984232
quadratic_dense,coupling,5,QuadraticCoupling,0.12561345047030584,0.06339049737510383,0.1996814235509252,0.1996814235509421,0.19968142355093366,0.19968142355089594,0.19968142355089594,0.19968142355089594,covered,1.0000000000002311
quadratic_dense,coupling,6,QuadraticCoupling,0.06339049737510383,0.8094568302382711,0.22722457359300935,0.22722457359395537,0.22722457359348236,0.22722457359431703,0.22722457359431703,0.22722457359431703,covered,0.9999999999984084
quadratic_dense,coupling,7,QuadraticCoupling,0.06339049737510383,0.808505106297656,0.2072468420808686,0.20724684208173144,0.2072468420813,0.20724684208230748,0.20724684208230748,0.20724684208230748,covered,0.9999999999972206
quadratic_dense,coupling,8,QuadraticCoupling,0.8094568302382711,0.808505106297656,0.10107628250945794,0.10107628250945794,0.10107628250945794,0.10107628250945741,0.10107628250945741,0.10107628250945741,covered,1.000000000000005
quadratic_dense,module,0,QuadraticWell,0.2368434140816688,,4.0,,,3.9999999999999982,,,covered,1.0000000000000004
quadratic_dense,module,1,QuadraticWell,0.1605344083661759,,0.5,,,0.49999999999999994,,,covered,1.0000000000000002
quadratic_dense,module,2,QuadraticWell,0.9736545452421511,,1.0,,,0.9999999999999998,,,covered,1.0000000000000002
quadratic_dense,module,3,QuadraticWell,0.7794519480175628,,0.25,,,0.25,,,covered,1.0
quadratic_dense,module,4,QuadraticWell,0.717670800885034,,2.0,,,1.9999999999999993,,,covered,1.0000000000000004
quadratic_dense,module,5,QuadraticWell,0.5448698101533002,,8.0,,,8.0,,,covered,1.0
quadratic_dense,coupling,0,QuadraticCoupling,0.2368434140816688,0.1605344083661759,0.11555481063916619,0.11555481063916619,0.11555481063916619,0.11555481063921069,0.11555481063921069,0.11555481063921069,covered,0.9999999999996149
quadratic_dense,coupling,1,QuadraticCoupling,0.2368434140816688,0.7794519480175628,0.16535119293279005,0.16535119293232015,0.1653511929325551,0.1653511929325368,0.1653511929325368,0.1653511929325368,covered,1.0000000000015314
quadratic_dense,coupling,2,QuadraticCoupling,0.1605344083661759,0.9736545452421511,0.1764811614885964,0.1764811614881883,0.17648116148839235,0.1764811614887221,0.1764811614887221,0.1764811614887221,covered,0.9999999999992879
quadratic_dense,coupling,3,QuadraticCoupling,0.1605344083661759,0.7794519480175628,0.10584331549326993,0.10584331549316359,0.10584331549321677,0.10584331549312131,0.10584331549312131,0.10584331549312131,covered,1.0000000000014042
quadratic_dense,coupling,4,QuadraticCoupling,0.1605344083661759,0.5448698101533002,0.12708476833331098,0.12708476833332255,0.12708476833331678,0.127084768333176,0.127084768333176,0.127084768333176,covered,1.000000000001153
quadratic_dense,coupling,5,QuadraticCoupling,0.9736545452421511,0.7794519480175628,0.19968142355081933,0.19968142355081933,0.19968142355081933,0.19968142355089594,0.19968142355089594,0.19968142355089594,covered,0.9999999999996163
quadratic_dense,coupling,6,QuadraticCoupling,0.7794519480175628,0.717670800885034,0.22722457359430231,0.22722457359430231,0.22722457359430231,0.22722457359431703,0.22722457359431703,0.22722457359431703,covered,0.9999999999999353
quadratic_dense,coupling,7,QuadraticCoupling,0.7794519480175628,0.5448698101533002,0.20724684208242533,0.20724684208242533,0.20724684208242533,0.20724684208230748,0.20724684208230748,0.20724684208230748,covered,1.0000000000005687
quadratic_dense,coupling,8,QuadraticCoupling,0.717670800885034,0.5448698101533002,0.10107628250933597,0.10107628250933597,0.10107628250933597,0.10107628250945741,0.10107628250945741,0.10107628250945741,covered,0.9999999999987985
quadratic_dense,module,0,QuadraticWell,0.5326236752237045,,4.0,,,3.9999999999999982,,,covered,1.0000000000000004
quadratic_dense,module,1,QuadraticWell,0.750352327793434,,0.5,,,0.49999999999999994,,,covered,1.0000000000000002
quadratic_dense,module,2,QuadraticWell,0.5028410048670793,,1.0,,,0.9999999999999998,,,covered,1.0000000000000002
quadratic_dense,module,3,QuadraticWell,0.4168433494192738,,0.25,,,0.25,,,covered,1.0
quadratic_dense,module,4,QuadraticWell,0.09740321307958379,,1.9999999999972244,,,1.9999999999999993,,,covered,0.9999999999986126
quadratic_dense,module,5,QuadraticWell,0.30431165982653285,,8.0,,,8.0,,,covered,1.0
quadratic_dense,coupling,0,QuadraticCoupling,0.5326236752237045,0.750352327793434,0.11555481063911376,0.11555481063911376,0.11555481063911376,0.11555481063921069,0.11555481063921069,0.11555481063921069,covered,0.9999999999991611
quadratic_dense,coupling,1,QuadraticCoupling,0.5326236752237045,0.4168433494192738,0.16535119293249362,0.16535119293261658,0.1653511929325551,0.1653511929325368,0.1653511929325368,0.1653511929325368,covered,1.0000000000004825
quadratic_dense,coupling,2,QuadraticCoupling,0.750352327793434,0.5028410048670793,0.17648116148853524,0.17648116148853524,0.17648116148853524,0.1764811614887221,0.1764811614887221,0.1764811614887221,covered,0.9999999999989413
quadratic_dense,coupling,3,QuadraticCoupling,0.750352327793434,0.4168433494192738,0.10584331549316359,0.10584331549326993,0.10584331549321677,0.10584331549312131,0.10584331549312131,0.10584331549312131,covered,1.0000000000014042
quadratic_dense,coupling,4,QuadraticCoupling,0.750352327793434,0.30431165982653285,0.12708476833332255,0.12708476833331098,0.12708476833331678,0.127084768333176,0.127084768333176,0.127084768333176,covered,1.000000000001153
quadratic_dense,coupling,5,QuadraticCoupling,0.5028410048670793,0.4168433494192738,0.19968142355081933,0.19968142355075172,0.19968142355078553,0.19968142355089594,0.19968142355089594,0.19968142355089594,covered,0.9999999999996163
quadratic_dense,coupling,6,QuadraticCoupling,0.4168433494192738,0.09740321307958379,0.2272245735940818,0.22722457359370324,0.22722457359389253,0.22722457359431703,0.22722457359431703,0.22722457359431703,covered,0.9999999999989648
quadratic_dense,coupling,7,QuadraticCoupling,0.4168433494192738,0.30431165982653285,0.2072468420823157,0.2072468420823157,0.2072468420823157,0.20724684208230748,0.20724684208230748,0.20724684208230748,covered,1.0000000000000397
quadratic_dense,coupling,8,QuadraticCoupling,0.09740321307958379,0.30431165982653285,0.10107628250943557,0.10107628250946876,0.10107628250945216,0.10107628250945741,0.10107628250945741,0.10107628250945741,covered,1.0000000000001124
ill_conditioned_ring,module,0,QuadraticWell,0.6010448753611416,,0.5213956364515241,,,0.5213956364518769,,,covered,0.9999999999993233
ill_conditioned_ring,module,1,QuadraticWell,0.37210970181453284,,1.478085527427307,,,1.478085527430565,,,covered,0.9999999999977958
ill_conditioned_ring,module,2,QuadraticWell,0.02415122212795684,,0.10923684132004453,,,0.10923684131998462,,,covered,1.0000000000005485
ill_conditioned_ring,module,3,QuadraticWell,0.7409591411709501,,15.41334688613192,,,15.413346886099353,,,covered,1.000000000002113
ill_conditioned_ring,module,4,QuadraticWell,0.8579234791341559,,0.3096715486844641,,,0.30967154868431807,,,covered,1.0000000000004716
ill_conditioned_ring,module,5,QuadraticWell,0.29397055462242627,,2.4886604777871284,,,2.4886604777844563,,,covered,1.0000000000010738
ill_conditioned_ring,module,6,QuadraticWell,0.5699365128731002,,0.6765508364997822,,,0.676550836498855,,,covered,1.0000000000013705
ill_conditioned_ring,module,7,QuadraticWell,0.8539103329768345,,0.05000000000001735,,,0.05,,,covered,1.0000000000003468
ill_conditioned_ring,module,8,QuadraticWell,0.8374069240441451,,1.1391122480826847,,,1.1391122480805214,,,covered,1.0000000000018991
ill_conditioned_ring,module,9,QuadraticWell,0.24484060979273492,,19.999999999977796,,,20.0,,,covered,0.9999999999988898
ill_conditioned_ring,module,10,QuadraticWell,0.364571458750391,,0.23865375003144926,,,0.23865375003134995,,,covered,1.0000000000004161
ill_conditioned_ring,module,11,QuadraticWell,0.14059122450119443,,9.15442068733147,,,9.15442068734601,,,covered,0.9999999999984117
ill_conditioned_ring,module,12,QuadraticWell,0.012609901855983985,,0.8778766110884375,,,0.8778766110934768,,,covered,0.9999999999942597
ill_conditioned_ring,module,13,QuadraticWell,0.3240594596358829,,0.0648788356864178,,,0.06487883568635296,,,covered,1.0000000000009994
ill_conditioned_ring,module,14,QuadraticWell,0.6796428897959691,,0.401822590476605,,,0.40182259047656643,,,covered,1.000000000000096
ill_conditioned_ring,module,15,QuadraticWell,0.11040841051568961,,0.1839226517434003,,,0.18392265174508207,,,covered,0.9999999999908561
ill_conditioned_ring,module,16,QuadraticWell,0.3289955544296731,,0.14174318157790658,,,0.14174318157790983,,,covered,0.9999999999999771
ill_conditioned_ring,module,17,QuadraticWell,0.4402915288765674,,11.878563111566208,,,11.87856311156143,,,covered,1.0000000000004023
ill_conditioned_ring,module,18,QuadraticWell,0.2406685059211987,,7.0550130797526975,,,7.055013079767405,,,covered,0.9999999999979153
ill_conditioned_ring,module,19,QuadraticWell,0.29360492024538465,,1.9179293612900632,,,1.9179293612908799,,,covered,0.9999999999995742
ill_conditioned_ring,module,20,QuadraticWell,0.595874001423874,,5.437068194221364,,,5.4370681942211565,,,covered,1.0000000000000382
ill_conditioned_ring,module,21,QuadraticWell,0.16729356741799506,,3.2292278843460878,,,3.2292278843459683,,,covered,1.000000000000037
ill_conditioned_ring,module,22,QuadraticWell,0.8700031384838958,,0.0841852664002823,,,0.08418526640033569,,,covered,0.9999999999993658
ill_conditioned_ring,module,23,QuadraticWell,0.8045070226326774,,4.190170906045649,,,4.190170906045426,,,covered,1.0000000000000533
ill_conditioned_ring,coupling,0,QuadraticCoupling,0.6010448753611416,0.37210970181453284,0.12000000000000693,0.12000000000003469,0.12000000000002081,0.12,0.12,0.12,covered,1.000000000000289
ill_conditioned_ring,coupling,1,QuadraticCoupling,0.37210970181453284,0.02415122212795684,0.18000000000013877,0.18000000000032612,0.18000000000023245,0.18,0.18,0.18,covered,1.0000000000018119
ill_conditioned_ring,coupling,2,QuadraticCoupling,0.02415122212795684,0.7409591411709501,0.23999999999858446,0.23999999999966692,0.2399999999991257,0.24,0.24,0.24,covered,0.9999999999986122
ill_conditioned_ring,coupling,3,QuadraticCoupling,0.7409591411709501,0.8579234791341559,0.12000000000000693,0.12000000000000693,0.12000000000000693,0.12,0.12,0.12,covered,1.0000000000000577
ill_conditioned_ring,coupling,4,QuadraticCoupling,0.8579234791341559,0.29397055462242627,0.1799999999997502,0.18000000000152655,0.18000000000063837,0.18,0.18,0.18,covered,1.0000000000084808
ill_conditioned_ring,coupling,5,QuadraticCoupling,0.29397055462242627,0.5699365128731002,0.24000000000041632,0.2400000000003608,0.24000000000038857,0.24,0.24,0.24,covered,1.0000000000017348
ill_conditioned_ring,coupling,6,QuadraticCoupling,0.5699365128731002,0.8539103329768345,0.11999999999983346,0.11999999999983346,0.11999999999983346,0.12,0.12,0.12,covered,0.9999999999986122
ill_conditioned_ring,coupling,7,QuadraticCoupling,0.8539103329768345,0.8374069240441451,0.1800000000000104,0.1800000000000104,0.1800000000000104,0.18,0.18,0.18,covered,1.0000000000000577
ill_conditioned_ring,coupling,8,QuadraticCoupling,0.8374069240441451,0.24484060979273492,0.23999999999966692,0.24000000000111021,0.24000000000038857,0.24,0.24,0.24,covered,1.0000000000046259
ill_conditioned_ring,coupling,9,QuadraticCoupling,0.24484060979273492,0.364571458750391,0.12000000000003469,0.12000000000003469,0.12000000000003469,0.12,0.12,0.12,covered,1.000000000000289
ill_conditioned_ring,coupling,10,QuadraticCoupling,0.364571458750391,0.14059122450119443,0.17999999999979183,0.17999999999979183,0.17999999999979183,0.18,0.18,0.18,covered,0.9999999999988435
ill_conditioned_ring,coupling,11,QuadraticCoupling,0.14059122450119443,0.012609901855983985,0.24000000000006938,0.24000000000031918,0.24000000000019428,0.24,0.24,0.24,covered,1.00000000000133
ill_conditioned_ring,coupling,12,QuadraticCoupling,0.012609901855983985,0.3240594596358829,0.12000000000033306,0.12000000000020816,0.12000000000027061,0.12,0.12,0.12,covered,1.0000000000027756
ill_conditioned_ring,coupling,13,QuadraticCoupling,0.3240594596358829,0.6796428897959691,0.18000000000013877,0.1799999999997502,0.17999999999994448,0.18,0.18,0.18,covered,1.000000000000771
ill_conditioned_ring,coupling,14,QuadraticCoupling,0.6796428897959691,0.11040841051568961,0.2400000000010547,0.2400000000000555,0.2400000000005551,0.24,0.24,0.24,covered,1.0000000000043947
ill_conditioned_ring,coupling,15,QuadraticCoupling,0.11040841051568961,0.3289955544296731,0.12000000000020122,0.12000000000003469,0.12000000000011796,0.12,0.12,0.12,covered,1.0000000000016769
ill_conditioned_ring,coupling,16,QuadraticCoupling,0.3289955544296731,0.4402915288765674,0.1799999999999653,0.1799999999999653,0.1799999999999653,0.18,0.18,0.18,covered,0.9999999999998073
ill_conditioned_ring,coupling,17,QuadraticCoupling,0.4402915288765674,0.2406685059211987,0.24000000000006938,0.24000000000006938,0.24000000000006938,0.24,0.24,0.24,covered,1.000000000000289
ill_conditioned_ring,coupling,18,QuadraticCoupling,0.2406685059211987,0.29360492024538465,0.11999999999999132,0.11999999999999132,0.11999999999999132,0.12,0.12,0.12,covered,0.9999999999999277
ill_conditioned_ring,coupling,19,QuadraticCoupling,0.29360492024538465,0.595874001423874,0.17999999999979183,0.18000000000009714,0.17999999999994448,0.18,0.18,0.18,covered,1.0000000000005398
ill_conditioned_ring,coupling,20,QuadraticCoupling,0.595874001423874,0.16729356741799506,0.23999999999966692,0.23999999999972244,0.23999999999969468,0.24,0.24,0.24,covered,0.9999999999988435
ill_conditioned_ring,coupling,21,QuadraticCoupling,0.16729356741799506,0.8700031384838958,0.11999999999916733,0.11999999999983346,0.1199999999995004,0.12,0.12,0.12,covered,0.9999999999986122
ill_conditioned_ring,coupling,22,QuadraticCoupling,0.8700031384838958,0.8045070226326774,0.1800000000000104,0.1800000000000104,0.1800000000000104,0.18,0.18,0.18,covered,1.0000000000000577
ill_conditioned_ring,coupling,23,QuadraticCoupling,0.8045070226326774,0.6010448753611416,0.1600000000001249,0.1600000000001249,0.1600000000001249,0.16,0.16,0.16,covered,1.0000000000007807
ill_conditioned_ring,module,0,QuadraticWell,0.9605517089335166,,0.5213956364515241,,,0.5213956364518769,,,covered,0.9999999999993233
ill_conditioned_ring,module,1,QuadraticWell,0.2645986970089952,,1.4780855274384093,,,1.478085527430565,,,covered,1.000000000005307
ill_conditioned_ring,module,2,QuadraticWell,0.713418352688336,,0.10923684131984333,,,0.10923684131998462,,,covered,0.9999999999987066
ill_conditioned_ring,module,3,QuadraticWell,0.7095974307375086,,15.413346886087512,,,15.413346886099353,,,covered,0.9999999999992317
ill_conditioned_ring,module,4,QuadraticWell,0.19469096647324885,,0.3096715486841329,,,0.30967154868431807,,,covered,0.999999999999402
ill_conditioned_ring,module,5,QuadraticWell,0.5856497677151133,,2.4886604777849834,,,2.4886604777844563,,,covered,1.0000000000002118
ill_conditioned_ring,module,6,QuadraticWell,0.8576783571333672,,0.6765508364987414,,,0.676550836498855,,,covered,0.9999999999998321
ill_conditioned_ring,module,7,QuadraticWell,0.9202964195172288,,0.05000000000001735,,,0.05,,,covered,1.0000000000003468
ill_conditioned_ring,module,8,QuadraticWell,0.8921919895172035,,1.1391122480826847,,,1.1391122480805214,,,covered,1.0000000000018991
ill_conditioned_ring,module,9,QuadraticWell,0.4807369777059226,,20.0,,,20.0,,,covered,1.0
ill_conditioned_ring,module,10,QuadraticWell,0.17538681976023074,,0.23865375003127579,,,0.23865375003134995,,,covered,0.9999999999996892
ill_conditioned_ring,module,11,QuadraticWell,0.35062888246279794,,9.154420687353674,,,9.15442068734601,,,covered,1.0000000000008373
ill_conditioned_ring,module,12,QuadraticWell,0.3531655439530417,,0.8778766110930749,,,0.8778766110934768,,,covered,0.9999999999995421
ill_conditioned_ring,module,13,QuadraticWell,0.4237310477963678,,0.0648788356864178,,,0.06487883568635296,,,covered,1.0000000000009994
ill_conditioned_ring,module,14,QuadraticWell,0.4964739325377133,,0.40182259047654284,,,0.40182259047656643,,,covered,0.9999999999999413
ill_conditioned_ring,module,15,QuadraticWell,0.6319575836623417,,0.1839226517450334,,,0.18392265174508207,,,covered,0.9999999999997353
ill_conditioned_ring,module,16,QuadraticWell,0.7381335858073012,,0.14174318157806456,,,0.14174318157790983,,,covered,1.0000000000010916
ill_conditioned_ring,module,17,QuadraticWell,0.2024130124599187,,11.878563111566208,,,11.87856311156143,,,covered,1.0000000000004023
ill_conditioned_ring,module,18,QuadraticWell,0.21945517396434505,,7.0550130797526975,,,7.055013079767405,,,covered,0.9999999999979153
ill_conditioned_ring,module,19,QuadraticWell,0.32918250546569755,,1.917929361291451,,,1.9179293612908799,,,covered,1.0000000000002978
ill_conditioned_ring,module,20,QuadraticWell,0.2003074581449473,,5.437068194219632,,,5.4370681942211565,,,covered,0.9999999999997197
ill_conditioned_ring,module,21,QuadraticWell,0.9710398951376583,,3.229227884352911,,,3.2292278843459683,,,covered,1.00000000000215
ill_conditioned_ring,module,22,QuadraticWell,0.5811272359727517,,0.08418526640036904,,,0.08418526640033569,,,covered,1.0000000000003961
ill_conditioned_ring,module,23,QuadraticWell,0.74064426074693,,4.190170906045303,,,4.190170906045426,,,covered,0.9999999999999706
ill_conditioned_ring,coupling,0,QuadraticCoupling,0.9605517089335166,0.2645986970089952,0.11999999999983346,0.12000000000055511,0.12000000000019428,0.12,0.12,0.12,covered,1.0000000000046259
ill_conditioned_ring,coupling,1,QuadraticCoupling,0.2645986970089952,0.713418352688336,0.18000000000013877,0.1799999999997502,0.17999999999994448,0.18,0.18,0.18,covered,1.000000000000771
ill_conditioned_ring,coupling,2,QuadraticCoupling,0.713418352688336,0.7095974307375086,0.24000000000000304,0.24000000000000304,0.24000000000000304,0.24,0.24,0.24,covered,1.0000000000000127
ill_conditioned_ring,coupling,3,QuadraticCoupling,0.7095974307375086,0.19469096647324885,0.11999999999983346,0.11999999999986122,0.11999999999984734,0.12,0.12,0.12,covered,0.9999999999988435
ill_conditioned_ring,coupling,4,QuadraticCoupling,0.19469096647324885,0.5856497677151133,0.18000000000013877,0.18000000000044408,0.18000000000029143,0.18,0.18,0.18,covered,1.0000000000024671
ill_conditioned_ring,coupling,5,QuadraticCoupling,0.5856497677151133,0.8576783571333672,0.2400000000003608,0.2400000000003608,0.2400000000003608,0.24,0.24,0.24,covered,1.0000000000015035
ill_conditioned_ring,coupling,6,QuadraticCoupling,0.8576783571333672,0.9202964195172288,0.11999999999996357,0.11999999999996357,0.11999999999996357,0.12,0.12,0.12,covered,0.9999999999996965
ill_conditioned_ring,coupling,7,QuadraticCoupling,0.9202964195172288,0.8921919895172035,0.1800000000000104,0.1800000000000104,0.1800000000000104,0.18,0.18,0.18,covered,1.0000000000000577
ill_conditioned_ring,coupling,8,QuadraticCoupling,0.8921919895172035,0.4807369777059226,0.2400000000003608,0.24000000000041632,0.24000000000038857,0.24,0.24,0.24,covered,1.0000000000017348
ill_conditioned_ring,coupling,9,QuadraticCoupling,0.4807369777059226,0.17538681976023074,0.12000000000020816,0.12000000000020816,0.12000000000020816,0.12,0.12,0.12,covered,1.0000000000017348
ill_conditioned_ring,coupling,10,QuadraticCoupling,0.17538681976023074,0.35062888246279794,0.18000000000013877,0.18000000000013877,0.18000000000013877,0.18,0.18,0.18,covered,1.000000000000771
ill_conditioned_ring,coupling,11,QuadraticCoupling,0.35062888246279794,0.3531655439530417,0.2399999999999989,0.2399999999999989,0.2399999999999989,0.24,0.24,0.24,covered,0.9999999999999954
ill_conditioned_ring,coupling,12,QuadraticCoupling,0.3531655439530417,0.4237310477963678,0.11999999999994795,0.11999999999994795,0.11999999999994795,0.12,0.12,0.12,covered,0.9999999999995663
ill_conditioned_ring,coupling,13,QuadraticCoupling,0.4237310477963678,0.4964739325377133,0.1799999999999653,0.1799999999999653,0.1799999999999653,0.18,0.18,0.18,covered,0.9999999999998073
ill_conditioned_ring,coupling,14,QuadraticCoupling,0.4964739325377133,0.6319575836623417,0.24000000000006938,0.24000000000001387,0.24000000000004162,0.24,0.24,0.24,covered,1.000000000000289
ill_conditioned_ring,coupling,15,QuadraticCoupling,0.6319575836623417,0.7381335858073012,0.1199999999999202,0.1199999999999202,0.1199999999999202,0.12,0.12,0.12,covered,0.999999999999335
ill_conditioned_ring,coupling,16,QuadraticCoupling,0.7381335858073012,0.2024130124599187,0.18000000000044408,0.18000000000013877,0.18000000000029143,0.18,0.18,0.18,covered,1.0000000000024671
ill_conditioned_ring,coupling,17,QuadraticCoupling,0.2024130124599187,0.21945517396434505,0.24000000000002603,0.24000000000002603,0.24000000000002603,0.24,0.24,0.24,covered,1.0000000000001086
ill_conditioned_ring,coupling,18,QuadraticCoupling,0.21945517396434505,0.32918250546569755,0.12000000000003469,0.12000000000003469,0.12000000000003469,0.12,0.12,0.12,covered,1.000000000000289
ill_conditioned_ring,coupling,19,QuadraticCoupling,0.32918250546569755,0.2003074581449473,0.18000000000013877,0.18000000000013877,0.18000000000013877,0.18,0.18,0.18,covered,1.000000000000771
ill_conditioned_ring,coupling,20,QuadraticCoupling,0.2003074581449473,0.9710398951376583,0.24000000000111021,0.2400000000010547,0.24000000000108246,0.24,0.24,0.24,covered,1.0000000000046259
ill_conditioned_ring,coupling,21,QuadraticCoupling,0.9710398951376583,0.5811272359727517,0.11999999999983346,0.11999999999983346,0.11999999999983346,0.12,0.12,0.12,covered,0.9999999999986122
ill_conditioned_ring,coupling,22,QuadraticCoupling,0.5811272359727517,0.74064426074693,0.17999999999992367,0.17999999999992367,0.17999999999992367,0.18,0.18,0.18,covered,0.999999999999576
ill_conditioned_ring,coupling,23,QuadraticCoupling,0.74064426074693,0.9605517089335166,0.15999999999977796,0.15999999999977796,0.15999999999977796,0.16,0.16,0.16,covered,0.9999999999986122
ill_conditioned_ring,module,0,QuadraticWell,0.8420566220170108,,0.521395636451871,,,0.5213956364518769,,,covered,0.9999999999999887
ill_conditioned_ring,module,1,QuadraticWell,0.8350544349947762,,1.478085527430568,,,1.478085527430565,,,covered,1.000000000000002
ill_conditioned_ring,module,2,QuadraticWell,0.7638810160761077,,0.10923684131984333,,,0.10923684131998462,,,covered,0.9999999999987066
ill_conditioned_ring,module,3,QuadraticWell,0.2196713005019355,,15.413346886099095,,,15.413346886099353,,,covered,0.9999999999999832
ill_conditioned_ring,module,4,QuadraticWell,0.21488316768933968,,0.3096715486841329,,,0.30967154868431807,,,covered,0.999999999999402
ill_conditioned_ring,module,5,QuadraticWell,0.9070478084426531,,2.48866047778429,,,2.4886604777844563,,,covered,0.999999999999933
ill_conditioned_ring,module,6,QuadraticWell,0.21802143766570015,,0.6765508364974144,,,0.676550836498855,,,covered,0.9999999999978708
ill_conditioned_ring,module,7,QuadraticWell,0.4048910077097049,,0.05,,,0.05,,,covered,1.0
ill_conditioned_ring,module,8,QuadraticWell,0.8180894841222771,,1.1391122480826847,,,1.1391122480805214,,,covered,1.0000000000018991
ill_conditioned_ring,module,9,QuadraticWell,0.2346207912464683,,19.999999999977796,,,20.0,,,covered,0.9999999999988898
ill_conditioned_ring,module,10,QuadraticWell,0.11523147435032556,,0.2386537500309131,,,0.23865375003134995,,,covered,0.9999999999981696
ill_conditioned_ring,module,11,QuadraticWell,0.25947965009887153,,9.154420687353674,,,9.15442068734601,,,covered,1.0000000000008373
ill_conditioned_ring,module,12,QuadraticWell,0.08861106674570411,,0.8778766110998444,,,0.8778766110934768,,,covered,1.0000000000072533
ill_conditioned_ring,module,13,QuadraticWell,0.4115625065134177,,0.06487883568624432,,,0.06487883568635296,,,covered,0.9999999999983256
ill_conditioned_ring,module,14,QuadraticWell,0.7570029201298517,,0.401822590476605,,,0.40182259047656643,,,covered,1.000000000000096
ill_conditioned_ring,module,15,QuadraticWell,0.6486635028969118,,0.18392265174520686,,,0.18392265174508207,,,covered,1.0000000000006786
ill_conditioned_ring,module,16,QuadraticWell,0.9093475422018595,,0.14174318157737067,,,0.14174318157790983,,,covered,0.9999999999961963
ill_conditioned_ring,module,17,QuadraticWell,0.5851432053632588,,11.878563111565535,,,11.87856311156143,,,covered,1.0000000000003455
ill_conditioned_ring,module,18,QuadraticWell,0.7271197362686065,,7.055013079764105,,,7.055013079767405,,,covered,0.9999999999995323
ill_conditioned_ring,module,19,QuadraticWell,0.7423344890334421,,1.9179293612923831,,,1.9179293612908799,,,covered,1.0000000000007838
ill_conditioned_ring,module,20,QuadraticWell,0.18062993714874467,,5.437068194219632,,,5.4370681942211565,,,covered,0.9999999999997197
ill_conditioned_ring,module,21,QuadraticWell,0.42037925743566296,,3.2292278843460878,,,3.2292278843459683,,,covered,1.000000000000037
ill_conditioned_ring,module,22,QuadraticWell,0.1017198582378234,,0.0841852664003655,,,0.08418526640033569,,,covered,1.0000000000003542
ill_conditioned_ring,module,23,QuadraticWell,0.7673462258758095,,4.190170906045649,,,4.190170906045426,,,covered,1.0000000000000533
ill_conditioned_ring,coupling,0,QuadraticCoupling,0.8420566220170108,0.8350544349947762,0.12000000000000152,0.12000000000000152,0.12000000000000152,0.12,0.12,0.12,covered,1.0000000000000127
ill_conditioned_ring,coupling,1,QuadraticCoupling,0.8350544349947762,0.7638810160761077,0.1800000000000104,0.1800000000000104,0.1800000000000104,0.18,0.18,0.18,covered,1.0000000000000577
ill_conditioned_ring,coupling,2,QuadraticCoupling,0.7638810160761077,0.2196713005019355,0.23999999999966692,0.23999999999833466,0.2399999999990008,0.24,0.24,0.24,covered,0.9999999999986122
ill_conditioned_ring,coupling,3,QuadraticCoupling,0.2196713005019355,0.21488316768933968,0.12000000000000217,0.12000000000000217,0.12000000000000217,0.12,0.12,0.12,covered,1.0000000000000182
ill_conditioned_ring,coupling,4,QuadraticCoupling,0.21488316768933968,0.9070478084426531,0.179999999998751,0.1799999999997502,0.1799999999992506,0.18,0.18,0.18,covered,0.9999999999986122
ill_conditioned_ring,coupling,5,QuadraticCoupling,0.9070478084426531,0.21802143766570015,0.23999999999966692,0.23999999999833466,0.2399999999990008,0.24,0.24,0.24,covered,0.9999999999986122
ill_conditioned_ring,coupling,6,QuadraticCoupling,0.21802143766570015,0.4048910077097049,0.12000000000003469,0.12000000000003469,0.12000000000003469,0.12,0.12,0.12,covered,1.000000000000289
ill_conditioned_ring,coupling,7,QuadraticCoupling,0.4048910077097049,0.8180894841222771,0.18000000000013877,0.1799999999997502,0.17999999999994448,0.18,0.18,0.18,covered,1.000000000000771
ill_conditioned_ring,coupling,8,QuadraticCoupling,0.8180894841222771,0.2346207912464683,0.23999999999966692,0.23999999999972244,0.23999999999969468,0.24,0.24,0.24,covered,0.9999999999988435
ill_conditioned_ring,coupling,9,QuadraticCoupling,0.2346207912464683,0.11523147435032556,0.12000000000003469,0.12000000000002775,0.12000000000003122,0.12,0.12,0.12,covered,1.000000000000289
ill_conditioned_ring,coupling,10,QuadraticCoupling,0.11523147435032556,0.25947965009887153,0.18000000000004163,0.1799999999999653,0.18000000000000346,0.18,0.18,0.18,covered,1.0000000000002314
ill_conditioned_ring,coupling,11,QuadraticCoupling,0.25947965009887153,0.08861106674570411,0.23999999999972244,0.23999999999970856,0.2399999999997155,0.24,0.24,0.24,covered,0.9999999999988435
ill_conditioned_ring,coupling,12,QuadraticCoupling,0.08861106674570411,0.4115625065134177,0.12000000000002775,0.12000000000020816,0.12000000000011796,0.12,0.12,0.12,covered,1.0000000000017348
ill_conditioned_ring,coupling,13,QuadraticCoupling,0.4115625065134177,0.7570029201298517,0.17999999999979183,0.18000000000009714,0.17999999999994448,0.18,0.18,0.18,covered,1.0000000000005398
ill_conditioned_ring,coupling,14,QuadraticCoupling,0.7570029201298517,0.6486635028969118,0.2399999999998404,0.2399999999998404,0.2399999999998404,0.24,0.24,0.24,covered,0.999999999999335
ill_conditioned_ring,coupling,15,QuadraticCoupling,0.6486635028969118,0.9093475422018595,0.11999999999983346,0.11999999999983346,0.11999999999983346,0.12,0.12,0.12,covered,0.9999999999986122
ill_conditioned_ring,coupling,16,QuadraticCoupling,0.9093475422018595,0.5851432053632588,0.18000000000009714,0.18000000000009714,0.18000000000009714,0.18,0.18,0.18,covered,1.0000000000005398
ill_conditioned_ring,coupling,17,QuadraticCoupling,0.5851432053632588,0.7271197362686065,0.24000000000001387,0.24000000000001387,0.24000000000001387,0.24,0.24,0.24,covered,1.0000000000000577
ill_conditioned_ring,coupling,18,QuadraticCoupling,0.7271197362686065,0.7423344890334421,0.12000000000000693,0.12000000000000693,0.12000000000000693,0.12,0.12,0.12,covered,1.0000000000000577
ill_conditioned_ring,coupling,19,QuadraticCoupling,0.7423344890334421,0.18062993714874467,0.1799999999997502,0.18000000000013877,0.17999999999994448,0.18,0.18,0.18,covered,1.000000000000771
ill_conditioned_ring,coupling,20,QuadraticCoupling,0.18062993714874467,0.42037925743566296,0.24000000000006938,0.24000000000006938,0.24000000000006938,0.24,0.24,0.24,covered,1.000000000000289
ill_conditioned_ring,coupling,21,QuadraticCoupling,0.42037925743566296,0.1017198582378234,0.12000000000020816,0.12000000000002775,0.12000000000011796,0.12,0.12,0.12,covered,1.0000000000017348
ill_conditioned_ring,coupling,22,QuadraticCoupling,0.1017198582378234,0.7673462258758095,0.18000000000038857,0.1799999999997502,0.18000000000006938,0.18,0.18,0.18,covered,1.0000000000021587
ill_conditioned_ring,coupling,23,QuadraticCoupling,0.7673462258758095,0.8420566220170108,0.15999999999995143,0.15999999999995143,0.15999999999995143,0.16,0.16,0.16,covered,0.9999999999996965
ill_conditioned_ring,module,0,QuadraticWell,0.08892710531577301,,0.5213956364521289,,,0.5213956364518769,,,covered,1.0000000000004834
ill_conditioned_ring,module,1,QuadraticWell,0.5404960983587943,,1.478085527429961,,,1.478085527430565,,,covered,0.9999999999995912
ill_conditioned_ring,module,2,QuadraticWell,0.3965018627336995,,0.10923684132001757,,,0.10923684131998462,,,covered,1.0000000000003015
ill_conditioned_ring,module,3,QuadraticWell,0.6372846687447805,,15.41334688613192,,,15.413346886099353,,,covered,1.000000000002113
ill_conditioned_ring,module,4,QuadraticWell,0.10049571726754834,,0.30967154868456265,,,0.30967154868431807,,,covered,1.0000000000007898
ill_conditioned_ring,module,5,QuadraticWell,0.2292034960313903,,2.4886604777871284,,,2.4886604777844563,,,covered,1.0000000000010738
ill_conditioned_ring,module,6,QuadraticWell,0.29346031302155096,,0.6765508364946389,,,0.676550836498855,,,covered,0.9999999999937683
ill_conditioned_ring,module,7,QuadraticWell,0.052678980857213495,,0.0500000000000347,,,0.05,,,covered,1.000000000000694
ill_conditioned_ring,module,8,QuadraticWell,0.8035167540046781,,1.1391122480826847,,,1.1391122480805214,,,covered,1.0000000000018991
ill_conditioned_ring,module,9,QuadraticWell,0.37055245008247883,,19.999999999977796,,,20.0,,,covered,0.9999999999988898
ill_conditioned_ring,module,10,QuadraticWell,0.7658789992006532,,0.2386537500312128,,,0.23865375003134995,,,covered,0.9999999999994253
ill_conditioned_ring,module,11,QuadraticWell,0.7191024024681898,,9.154420687360084,,,9.15442068734601,,,covered,1.0000000000015374
ill_conditioned_ring,module,12,QuadraticWell,0.9778315409836653,,0.8778766110937848,,,0.8778766110934768,,,covered,1.0000000000003508
ill_conditioned_ring,module,13,QuadraticWell,0.7798659438569752,,0.06487883568634426,,,0.06487883568635296,,,covered,0.9999999999998659
ill_conditioned_ring,module,14,QuadraticWell,0.46333095718934364,,0.4018225904766296,,,0.40182259047656643,,,covered,1.0000000000001572
ill_conditioned_ring,module,15,QuadraticWell,0.8453969848071823,,0.18392265174512012,,,0.18392265174508207,,,covered,1.000000000000207
ill_conditioned_ring,module,16,QuadraticWell,0.4003386820943184,,0.14174318157797164,,,0.14174318157790983,,,covered,1.000000000000436
ill_conditioned_ring,module,17,QuadraticWell,0.2370245053118026,,11.878563111566208,,,11.87856311156143,,,covered,1.0000000000004023
ill_conditioned_ring,module,18,QuadraticWell,0.02897585262992841,,7.0550130797378365,,,7.055013079767405,,,covered,0.9999999999958089
ill_conditioned_ring,module,19,QuadraticWell,0.48697392061642963,,1.917929361290757,,,1.9179293612908799,,,covered,0.9999999999999359
ill_conditioned_ring,module,20,QuadraticWell,0.6609810562397458,,5.437068194222059,,,5.4370681942211565,,,covered,1.0000000000001659
ill_conditioned_ring,module,21,QuadraticWell,0.10721820408970924,,3.2292278843477935,,,3.2292278843459683,,,covered,1.0000000000005653
ill_conditioned_ring,module,22,QuadraticWell,0.7896671877039935,,0.08418526640032567,,,0.08418526640033569,,,covered,0.999999999999881
ill_conditioned_ring,module,23,QuadraticWell,0.08882398014632945,,4.190170906050409,,,4.190170906045426,,,covered,1.000000000001189
ill_conditioned_ring,coupling,0,QuadraticCoupling,0.08892710531577301,0.5404960983587943,0.1200000000003747,0.1200000000001804,0.12000000000027755,0.12,0.12,0.12,covered,1.0000000000031226
ill_conditioned_ring,coupling,1,QuadraticCoupling,0.5404960983587943,0.3965018627336995,0.18000000000009714,0.18000000000013877,0.18000000000011795,0.18,0.18,0.18,covered,1.000000000000771
ill_conditioned_ring,coupling,2,QuadraticCoupling,0.3965018627336995,0.6372846687447805,0.23999999999972244,0.24000000000001387,0.23999999999986815,0.24,0.24,0.24,covered,1.0000000000000577
ill_conditioned_ring,coupling,3,QuadraticCoupling,0.6372846687447805,0.10049571726754834,0.11999999999983346,0.12000000000002775,0.1199999999999306,0.12,0.12,0.12,covered,1.0000000000002314
ill_conditioned_ring,coupling,4,QuadraticCoupling,0.10049571726754834,0.2292034960313903,0.18000000000004163,0.1799999999999653,0.18000000000000346,0.18,0.18,0.18,covered,1.0000000000002314
ill_conditioned_ring,coupling,5,QuadraticCoupling,0.2292034960313903,0.29346031302155096,0.23999999999998264,0.23999999999998264,0.23999999999998264,0.24,0.24,0.24,covered,0.9999999999999277
ill_conditioned_ring,coupling,6,QuadraticCoupling,0.29346031302155096,0.052678980857213495,0.12000000000003469,0.11999999999994448,0.11999999999998959,0.12,0.12,0.12,covered,1.000000000000289
ill_conditioned_ring,coupling,7,QuadraticCoupling,0.052678980857213495,0.8035167540046781,0.17999999999956978,0.1799999999990563,0.17999999999931304,0.18,0.18,0.18,covered,0.9999999999976099
ill_conditioned_ring,coupling,8,QuadraticCoupling,0.8035167540046781,0.37055245008247883,0.23999999999966692,0.23999999999972244,0.23999999999969468,0.24,0.24,0.24,covered,0.9999999999988435
ill_conditioned_ring,coupling,9,QuadraticCoupling,0.37055245008247883,0.7658789992006532,0.11999999999986122,0.11999999999983346,0.11999999999984734,0.12,0.12,0.12,covered,0.9999999999988435
ill_conditioned_ring,coupling,10,QuadraticCoupling,0.7658789992006532,0.7191024024681898,0.1800000000000104,0.1800000000000104,0.1800000000000104,0.18,0.18,0.18,covered,1.0000000000000577
ill_conditioned_ring,coupling,11,QuadraticCoupling,0.7191024024681898,0.9778315409836653,0.24000000000001387,0.24000000000001387,0.24000000000001387,0.24,0.24,0.24,covered,1.0000000000000577
ill_conditioned_ring,coupling,12,QuadraticCoupling,0.9778315409836653,0.7798659438569752,0.12000000000000693,0.12000000000000693,0.12000000000000693,0.12,0.12,0.12,covered,1.0000000000000577
ill_conditioned_ring,coupling,13,QuadraticCoupling,0.7798659438569752,0.46333095718934364,0.18000000000009714,0.17999999999979183,0.17999999999994448,0.18,0.18,0.18,covered,1.0000000000005398
ill_conditioned_ring,coupling,14,QuadraticCoupling,0.46333095718934364,0.8453969848071823,0.23999999999972244,0.23999999999966692,0.23999999999969468,0.24,0.24,0.24,covered,0.9999999999988435
ill_conditioned_ring,coupling,15,QuadraticCoupling,0.8453969848071823,0.4003386820943184,0.11999999999983346,0.11999999999986122,0.11999999999984734,0.12,0.12,0.12,covered,0.9999999999988435
ill_conditioned_ring,coupling,16,QuadraticCoupling,0.4003386820943184,0.2370245053118026,0.1799999999999653,0.1799999999999653,0.1799999999999653,0.18,0.18,0.18,covered,0.9999999999998073
ill_conditioned_ring,coupling,17,QuadraticCoupling,0.2370245053118026,0.02897585262992841,0.24000000000006938,0.24000000000031918,0.24000000000019428,0.24,0.24,0.24,covered,1.00000000000133
ill_conditioned_ring,coupling,18,QuadraticCoupling,0.02897585262992841,0.48697392061642963,0.12000000000033306,0.12000000000020816,0.12000000000027061,0.12,0.12,0.12,covered,1.0000000000027756
ill_conditioned_ring,coupling,19,QuadraticCoupling,0.48697392061642963,0.6609810562397458,0.18000000000013877,0.1799999999997502,0.17999999999994448,0.18,0.18,0.18,covered,1.000000000000771
ill_conditioned_ring,coupling,20,QuadraticCoupling,0.6609810562397458,0.10721820408970924,0.23999999999966692,0.2400000000000555,0.2399999999998612,0.24,0.24,0.24,covered,1.0000000000002314
ill_conditioned_ring,coupling,21,QuadraticCoupling,0.10721820408970924,0.7896671877039935,0.12000000000002775,0.11999999999983346,0.1199999999999306,0.12,0.12,0.12,covered,1.0000000000002314
ill_conditioned_ring,coupling,22,QuadraticCoupling,0.7896671877039935,0.08882398014632945,0.18000000000044408,0.18000000000108246,0.18000000000076327,0.18,0.18,0.18,covered,1.0000000000060136
ill_conditioned_ring,coupling,23,QuadraticCoupling,0.08882398014632945,0.08892710531577301,0.16000000000000003,0.16000000000000003,0.16000000000000003,0.16,0.16,0.16,covered,1.0000000000000002
ill_conditioned_ring,module,0,QuadraticWell,0.021256272909463903,,0.521395636451948,,,0.5213956364518769,,,covered,1.0000000000001363
ill_conditioned_ring,module,1,QuadraticWell,0.8472324521412684,,1.4780855274306548,,,1.478085527430565,,,covered,1.0000000000000606
ill_conditioned_ring,module,2,QuadraticWell,0.6762438905335146,,0.10923684132019028,,,0.10923684131998462,,,covered,1.0000000000018827
ill_conditioned_ring,module,3,QuadraticWell,0.7873530178761615,,15.413346886087512,,,15.413346886099353,,,covered,0.9999999999992317
ill_conditioned_ring,module,4,QuadraticWell,0.9039660280820385,,0.3096715486844641,,,0.30967154868431807,,,covered,1.0000000000004716
ill_conditioned_ring,module,5,QuadraticWell,0.3454737864419311,,2.4886604777871284,,,2.4886604777844563,,,covered,1.0000000000010738
ill_conditioned_ring,module,6,QuadraticWell,0.48697989525820007,,0.6765508364988022,,,0.676550836498855,,,covered,0.9999999999999221
ill_conditioned_ring,module,7,QuadraticWell,0.8954753196140348,,0.04999999999997398,,,0.05,,,covered,0.9999999999994796
ill_conditioned_ring,module,8,QuadraticWell,0.9388132660059909,,1.1391122480771336,,,1.1391122480805214,,,covered,0.9999999999970259
ill_conditioned_ring,module,9,QuadraticWell,0.04151793806381647,,19.999999999947264,,,20.0,,,covered,0.9999999999973632
ill_conditioned_ring,module,10,QuadraticWell,0.12328201195004627,,0.2386537500309131,,,0.23865375003134995,,,covered,0.9999999999981696
ill_conditioned_ring,module,11,QuadraticWell,0.6371302688286982,,9.154420687348981,,,9.15442068734601,,,covered,1.0000000000003246
ill_conditioned_ring,module,12,QuadraticWell,0.8411917844458292,,0.8778766110934378,,,0.8778766110934768,,,covered,0.9999999999999556
ill_conditioned_ring,module,13,QuadraticWell,0.4500668484810377,,0.0648788356864178,,,0.06487883568635296,,,covered,1.0000000000009994
ill_conditioned_ring,module,14,QuadraticWell,0.47698990494483595,,0.40182259047645613,,,0.40182259047656643,,,covered,0.9999999999997256
ill_conditioned_ring,module,15,QuadraticWell,0.0779430504140122,,0.18392265174478808,,,0.18392265174508207,,,covered,0.9999999999984016
ill_conditioned_ring,module,16,QuadraticWell,0.5590389956291969,,0.14174318157806456,,,0.14174318157790983,,,covered,1.0000000000010916
ill_conditioned_ring,module,17,QuadraticWell,0.7782270397451667,,11.878563111565535,,,11.87856311156143,,,covered,1.0000000000003455
ill_conditioned_ring,module,18,QuadraticWell,0.35090025048403845,,7.055013079774902,,,7.055013079767405,,,covered,1.0000000000010627
ill_conditioned_ring,module,19,QuadraticWell,0.5401762986196194,,1.9179293612909953,,,1.9179293612908799,,,covered,1.0000000000000602
ill_conditioned_ring,module,20,QuadraticWell,0.5907942087533148,,5.437068194221364,,,5.4370681942211565,,,covered,1.0000000000000382
ill_conditioned_ring,module,21,QuadraticWell,0.7016017566378964,,3.229227884341809,,,3.2292278843459683,,,covered,0.9999999999987119
ill_conditioned_ring,module,22,QuadraticWell,0.7756739242213473,,0.08418526640033652,,,0.08418526640033569,,,covered,1.00000000000001
ill_conditioned_ring,module,23,QuadraticWell,0.04135365284325036,,4.190170906047501,,,4.190170906045426,,,covered,1.0000000000004952
ill_conditioned_ring,coupling,0,QuadraticCoupling,0.021256272909463903,0.8472324521412684,0.11999999999998612,0.11999999999983346,0.11999999999990979,0.12,0.12,0.12,covered,0.9999999999998843
ill_conditioned_ring,coupling,1,QuadraticCoupling,0.8472324521412684,0.6762438905335146,0.18000000000009714,0.18000000000009714,0.18000000000009714,0.18,0.18,0.18,covered,1.0000000000005398
ill_conditioned_ring,coupling,2,QuadraticCoupling,0.6762438905335146,0.7873530178761615,0.24000000000001387,0.24000000000001387,0.24000000000001387,0.24,0.24,0.24,covered,1.0000000000000577
ill_conditioned_ring,coupling,3,QuadraticCoupling,0.7873530178761615,0.9039660280820385,0.12000000000000693,0.12000000000000693,0.12000000000000693,0.12,0.12,0.12,covered,1.0000000000000577
ill_conditioned_ring,coupling,4,QuadraticCoupling,0.9039660280820385,0.3454737864419311,0.18000000000044408,0.18000000000013877,0.18000000000029143,0.18,0.18,0.18,covered,1.0000000000024671
ill_conditioned_ring,coupling,5,QuadraticCoupling,0.3454737864419311,0.48697989525820007,0.24000000000006938,0.24000000000006938,0.24000000000006938,0.24,0.24,0.24,covered,1.000000000000289
ill_conditioned_ring,coupling,6,QuadraticCoupling,0.48697989525820007,0.8954753196140348,0.12000000000020816,0.1200000000001804,0.12000000000019428,0.12,0.12,0.12,covered,1.0000000000017348
ill_conditioned_ring,coupling,7,QuadraticCoupling,0.8954753196140348,0.9388132660059909,0.1800000000000104,0.1800000000000104,0.1800000000000104,0.18,0.18,0.18,covered,1.0000000000000577
ill_conditioned_ring,coupling,8,QuadraticCoupling,0.9388132660059909,0.04151793806381647,0.2400000000010547,0.23999999999988897,0.24000000000047184,0.24,0.24,0.24,covered,1.0000000000043947
ill_conditioned_ring,coupling,9,QuadraticCoupling,0.04151793806381647,0.12328201195004627,0.12000000000011796,0.12000000000002775,0.12000000000007285,0.12,0.12,0.12,covered,1.000000000000983
ill_conditioned_ring,coupling,10,QuadraticCoupling,0.12328201195004627,0.6371302688286982,0.1799999999990008,0.1799999999997502,0.1799999999993755,0.18,0.18,0.18,covered,0.9999999999986122
ill_conditioned_ring,coupling,11,QuadraticCoupling,0.6371302688286982,0.8411917844458292,0.24000000000001387,0.24000000000001387,0.24000000000001387,0.24,0.24,0.24,covered,1.0000000000000577
ill_conditioned_ring,coupling,12,QuadraticCoupling,0.8411917844458292,0.4500668484810377,0.1200000000001804,0.12000000000020816,0.12000000000019428,0.12,0.12,0.12,covered,1.0000000000017348
ill_conditioned_ring,coupling,13,QuadraticCoupling,0.4500668484810377,0.47698990494483595,0.18000000000000868,0.18000000000000868,0.18000000000000868,0.18,0.18,0.18,covered,1.0000000000000482
ill_conditioned_ring,coupling,14,QuadraticCoupling,0.47698990494483595,0.0779430504140122,0.23999999999972244,0.2399999999993616,0.23999999999954202,0.24,0.24,0.24,covered,0.9999999999988435
ill_conditioned_ring,coupling,15,QuadraticCoupling,0.0779430504140122,0.5590389956291969,0.12000000000002775,0.1200000000001804,0.12000000000010408,0.12,0.12,0.12,covered,1.0000000000015035
ill_conditioned_ring,coupling,16,QuadraticCoupling,0.5590389956291969,0.7782270397451667,0.1799999999997502,0.1799999999997502,0.1799999999997502,0.18,0.18,0.18,covered,0.9999999999986122
ill_conditioned_ring,coupling,17,QuadraticCoupling,0.7782270397451667,0.35090025048403845,0.23999999999966692,0.23999999999972244,0.23999999999969468,0.24,0.24,0.24,covered,0.9999999999988435
ill_conditioned_ring,coupling,18,QuadraticCoupling,0.35090025048403845,0.5401762986196194,0.12000000000003469,0.12000000000000693,0.12000000000002081,0.12,0.12,0.12,covered,1.000000000000289
ill_conditioned_ring,coupling,19,QuadraticCoupling,0.5401762986196194,0.5907942087533148,0.1800000000000104,0.1800000000000104,0.1800000000000104,0.18,0.18,0.18,covered,1.0000000000000577
ill_conditioned_ring,coupling,20,QuadraticCoupling,0.5907942087533148,0.7016017566378964,0.24000000000001387,0.24000000000001387,0.24000000000001387,0.24,0.24,0.24,covered,1.0000000000000577
ill_conditioned_ring,coupling,21,QuadraticCoupling,0.7016017566378964,0.7756739242213473,0.12000000000000693,0.12000000000000693,0.12000000000000693,0.12,0.12,0.12,covered,1.0000000000000577
ill_conditioned_ring,coupling,22,QuadraticCoupling,0.7756739242213473,0.04135365284325036,0.1799999999990563,0.17999999999956978,0.17999999999931304,0.18,0.18,0.18,covered,0.9999999999976099
ill_conditioned_ring,coupling,23,QuadraticCoupling,0.04135365284325036,0.021256272909463903,0.15999999999999825,0.1600000000000104,0.16000000000000433,0.16,0.16,0.16,covered,1.000000000000065
ill_conditioned_ring,module,0,QuadraticWell,0.7374848169854792,,0.521395636451871,,,0.5213956364518769,,,covered,0.9999999999999887
ill_conditioned_ring,module,1,QuadraticWell,0.17271564631684094,,1.4780855274328581,,,1.478085527430565,,,covered,1.0000000000015514
ill_conditioned_ring,module,2,QuadraticWell,0.1508049696123311,,0.10923684131993083,,,0.10923684131998462,,,covered,0.9999999999995076
ill_conditioned_ring,module,3,QuadraticWell,0.10008842684636207,,15.413346886089954,,,15.413346886099353,,,covered,0.9999999999993903
ill_conditioned_ring,module,4,QuadraticWell,0.7189393212001074,,0.30967154868411717,,,0.30967154868431807,,,covered,0.9999999999993513
ill_conditioned_ring,module,5,QuadraticWell,0.7254096784376256,,2.48866047778429,,,2.4886604777844563,,,covered,0.999999999999933
ill_conditioned_ring,module,6,QuadraticWell,0.708625922223793,,0.6765508364990883,,,0.676550836498855,,,covered,1.0000000000003448
ill_conditioned_ring,module,7,QuadraticWell,0.10210518527301143,,0.05000000000006939,,,0.05,,,covered,1.0000000000013878
ill_conditioned_ring,module,8,QuadraticWell,0.5546369636341146,,1.1391122480826847,,,1.1391122480805214,,,covered,1.0000000000018991
ill_conditioned_ring,module,9,QuadraticWell,0.759797458311523,,20.0,,,20.0,,,covered,1.0
ill_conditioned_ring,module,10,QuadraticWell,0.02768592857079877,,0.23865375003152417,,,0.23865375003134995,,,covered,1.00000000000073
ill_conditioned_ring,module,11,QuadraticWell,0.058799310082968,,9.154420687360027,,,9.15442068734601,,,covered,1.0000000000015312
ill_conditioned_ring,module,12,QuadraticWell,0.18407094763704085,,0.8778766110930749,,,0.8778766110934768,,,covered,0.9999999999995421
ill_conditioned_ring,module,13,QuadraticWell,0.23873659424641525,,0.06487883568607085,,,0.06487883568635296,,,covered,0.9999999999956518
ill_conditioned_ring,module,14,QuadraticWell,0.1100468122355759,,0.40182259047631985,,,0.40182259047656643,,,covered,0.9999999999993864
ill_conditioned_ring,module,15,QuadraticWell,0.11211869040545373,,0.18392265174478808,,,0.18392265174508207,,,covered,0.9999999999984016
ill_conditioned_ring,module,16,QuadraticWell,0.9481870028917503,,0.14174318157806456,,,0.14174318157790983,,,covered,1.0000000000010916
ill_conditioned_ring,module,17,QuadraticWell,0.09982687843601429,,11.878563111538284,,,11.87856311156143,,,covered,0.9999999999980514
ill_conditioned_ring,module,18,QuadraticWell,0.09262032195863966,,7.055013079784693,,,7.055013079767405,,,covered,1.0000000000024505
ill_conditioned_ring,module,19,QuadraticWell,0.321699626176568,,1.9179293612900632,,,1.9179293612908799,,,covered,0.9999999999995742
ill_conditioned_ring,module,20,QuadraticWell,0.9088884883914521,,5.437068194216508,,,5.4370681942211565,,,covered,0.999999999999145
ill_conditioned_ring,module,21,QuadraticWell,0.8384509403896852,,3.2292278843307067,,,3.2292278843459683,,,covered,0.9999999999952739
ill_conditioned_ring,module,22,QuadraticWell,0.07341680050602811,,0.0841852664003655,,,0.08418526640033569,,,covered,1.0000000000003542
ill_conditioned_ring,module,23,QuadraticWell,0.9516779860565486,,4.190170906045649,,,4.190170906045426,,,covered,1.0000000000000533
ill_conditioned_ring,coupling,0,QuadraticCoupling,0.7374848169854792,0.17271564631684094,0.11999999999983346,0.11999999999986122,0.11999999999984734,0.12,0.12,0.12,covered,0.9999999999988435
ill_conditioned_ring,coupling,1,QuadraticCoupling,0.17271564631684094,0.1508049696123311,0.18000000000000868,0.18000000000000868,0.18000000000000868,0.18,0.18,0.18,covered,1.0000000000000482
ill_conditioned_ring,coupling,2,QuadraticCoupling,0.1508049696123311,0.10008842684636207,0.23999999999998264,0.2400000000000555,0.2400000000000191,0.24,0.24,0.24,covered,1.0000000000002314
ill_conditioned_ring,coupling,3,QuadraticCoupling,0.10008842684636207,0.7189393212001074,0.12000000000002775,0.11999999999983346,0.1199999999999306,0.12,0.12,0.12,covered,1.0000000000002314
ill_conditioned_ring,coupling,4,QuadraticCoupling,0.7189393212001074,0.7254096784376256,0.17999999999999958,0.17999999999999958,0.17999999999999958,0.18,0.18,0.18,covered,0.9999999999999977
ill_conditioned_ring,coupling,5,QuadraticCoupling,0.7254096784376256,0.708625922223793,0.24000000000001387,0.24000000000001387,0.24000000000001387,0.24,0.24,0.24,covered,1.0000000000000577
ill_conditioned_ring,coupling,6,QuadraticCoupling,0.708625922223793,0.10210518527301143,0.11999999999983346,0.12000000000002775,0.1199999999999306,0.12,0.12,0.12,covered,1.0000000000002314
ill_conditioned_ring,coupling,7,QuadraticCoupling,0.10210518527301143,0.5546369636341146,0.18000000000038857,0.18000000000044408,0.18000000000041633,0.18,0.18,0.18,covered,1.0000000000024671
ill_conditioned_ring,coupling,8,QuadraticCoupling,0.5546369636341146,0.759797458311523,0.24000000000001387,0.24000000000001387,0.24000000000001387,0.24,0.24,0.24,covered,1.0000000000000577
ill_conditioned_ring,coupling,9,QuadraticCoupling,0.759797458311523,0.02768592857079877,0.11999999999983346,0.11999999999929223,0.11999999999956285,0.12,0.12,0.12,covered,0.9999999999986122
ill_conditioned_ring,coupling,10,QuadraticCoupling,0.02768592857079877,0.058799310082968,0.18000000000002256,0.1799999999999601,0.17999999999999133,0.18,0.18,0.18,covered,1.0000000000001255
ill_conditioned_ring,coupling,11,QuadraticCoupling,0.058799310082968,0.18407094763704085,0.2399999999997155,0.2399999999998959,0.2399999999998057,0.24,0.24,0.24,covered,0.9999999999995663
ill_conditioned_ring,coupling,12,QuadraticCoupling,0.18407094763704085,0.23873659424641525,0.11999999999999132,0.11999999999999132,0.11999999999999132,0.12,0.12,0.12,covered,0.9999999999999277
ill_conditioned_ring,coupling,13,QuadraticCoupling,0.23873659424641525,0.1100468122355759,0.1799999999999653,0.18000000000004163,0.18000000000000346,0.18,0.18,0.18,covered,1.0000000000002314
ill_conditioned_ring,coupling,14,QuadraticCoupling,0.1100468122355759,0.11211869040545373,0.2400000000000013,0.2400000000000013,0.2400000000000013,0.24,0.24,0.24,covered,1.0000000000000053
ill_conditioned_ring,coupling,15,QuadraticCoupling,0.11211869040545373,0.9481870028917503,0.12000000000002775,0.12000000000052735,0.12000000000027755,0.12,0.12,0.12,covered,1.0000000000043947
ill_conditioned_ring,coupling,16,QuadraticCoupling,0.9481870028917503,0.09982687843601429,0.18000000000044408,0.17999999999969468,0.18000000000006938,0.18,0.18,0.18,covered,1.0000000000024671
ill_conditioned_ring,coupling,17,QuadraticCoupling,0.09982687843601429,0.09262032195863966,0.2400000000000013,0.2400000000000013,0.2400000000000013,0.24,0.24,0.24,covered,1.0000000000000053
ill_conditioned_ring,coupling,18,QuadraticCoupling,0.09262032195863966,0.321699626176568,0.12000000000002775,0.12000000000003469,0.12000000000003122,0.12,0.12,0.12,covered,1.000000000000289
ill_conditioned_ring,coupling,19,QuadraticCoupling,0.321699626176568,0.9088884883914521,0.179999999998751,0.1799999999997502,0.1799999999992506,0.18,0.18,0.18,covered,0.9999999999986122
ill_conditioned_ring,coupling,20,QuadraticCoupling,0.9088884883914521,0.8384509403896852,0.24000000000001387,0.24000000000001387,0.24000000000001387,0.24,0.24,0.24,covered,1.0000000000000577
ill_conditioned_ring,coupling,21,QuadraticCoupling,0.8384509403896852,0.07341680050602811,0.11999999999983346,0.12000000000002775,0.1199999999999306,0.12,0.12,0.12,covered,1.0000000000002314
ill_conditioned_ring,coupling,22,QuadraticCoupling,0.07341680050602811,0.9516779860565486,0.18000000000108246,0.18000000000044408,0.18000000000076327,0.18,0.18,0.18,covered,1.0000000000060136
ill_conditioned_ring,coupling,23,QuadraticCoupling,0.9516779860565486,0.7374848169854792,0.15999999999977796,0.15999999999977796,0.15999999999977796,0.16,0.16,0.16,covered,0.9999999999986122
ill_conditioned_ring,module,0,QuadraticWell,0.5132909973175552,,0.5213956364515241,,,0.5213956364518769,,,covered,0.9999999999993233
ill_conditioned_ring,module,1,QuadraticWell,0.774286046547547,,1.4780855274306548,,,1.478085527430565,,,covered,1.0000000000000606
ill_conditioned_ring,module,2,QuadraticWell,0.46483145351328325,,0.1092368413201043,,,0.10923684131998462,,,covered,1.0000000000010956
ill_conditioned_ring,module,3,QuadraticWell,0.48763853354163017,,15.413346886090768,,,15.413346886099353,,,covered,0.999999999999443
ill_conditioned_ring,module,4,QuadraticWell,0.7407190964967534,,0.30967154868411717,,,0.30967154868431807,,,covered,0.9999999999993513
ill_conditioned_ring,module,5,QuadraticWell,0.8655299135741346,,2.48866047778429,,,2.4886604777844563,,,covered,0.999999999999933
ill_conditioned_ring,module,6,QuadraticWell,0.5971968558424254,,0.6765508364983944,,,0.676550836498855,,,covered,0.9999999999993193
ill_conditioned_ring,module,7,QuadraticWell,0.8530815307573623,,0.05000000000001735,,,0.05,,,covered,1.0000000000003468
ill_conditioned_ring,module,8,QuadraticWell,0.9611002311725859,,1.1391122480826847,,,1.1391122480805214,,,covered,1.0000000000018991
ill_conditioned_ring,module,9,QuadraticWell,0.6443903848547092,,20.0,,,20.0,,,covered,1.0
ill_conditioned_ring,module,10,QuadraticWell,0.6830571511021742,,0.23865375003155975,,,0.23865375003134995,,,covered,1.000000000000879
ill_conditioned_ring,module,11,QuadraticWell,0.8688059468653118,,9.154420687337879,,,9.15442068734601,,,covered,0.9999999999991118
ill_conditioned_ring,module,12,QuadraticWell,0.8465609938809167,,0.8778766110934378,,,0.8778766110934768,,,covered,0.9999999999999556
ill_conditioned_ring,module,13,QuadraticWell,0.9577008138629716,,0.06487883568634426,,,0.06487883568635296,,,covered,0.9999999999998659
ill_conditioned_ring,module,14,QuadraticWell,0.5871771219234395,,0.401822590476605,,,0.40182259047656643,,,covered,1.000000000000096
ill_conditioned_ring,module,15,QuadraticWell,0.23470736032445857,,0.18392265174522673,,,0.18392265174508207,,,covered,1.0000000000007865
ill_conditioned_ring,module,16,QuadraticWell,0.5677311236602891,,0.14174318157771762,,,0.14174318157790983,,,covered,0.999999999998644
ill_conditioned_ring,module,17,QuadraticWell,0.04028376377017825,,11.878563111530042,,,11.87856311156143,,,covered,0.9999999999973576
ill_conditioned_ring,module,18,QuadraticWell,0.8759149985595472,,7.055013079769656,,,7.055013079767405,,,covered,1.000000000000319
ill_conditioned_ring,module,19,QuadraticWell,0.3155304274198786,,1.9179293612900632,,,1.9179293612908799,,,covered,0.9999999999995742
ill_conditioned_ring,module,20,QuadraticWell,0.579228110850631,,5.437068194222059,,,5.4370681942211565,,,covered,1.0000000000001659
ill_conditioned_ring,module,21,QuadraticWell,0.9448985662195859,,3.229227884352911,,,3.2292278843459683,,,covered,1.00000000000215
ill_conditioned_ring,module,22,QuadraticWell,0.7644851196681661,,0.08418526640033652,,,0.08418526640033569,,,covered,1.00000000000001
ill_conditioned_ring,module,23,QuadraticWell,0.6406968876577299,,4.190170906045649,,,4.190170906045426,,,covered,1.0000000000000533
ill_conditioned_ring,coupling,0,QuadraticCoupling,0.5132909973175552,0.774286046547547,0.11999999999983346,0.11999999999983346,0.11999999999983346,0.12,0.12,0.12,covered,0.9999999999986122
ill_conditioned_ring,coupling,1,QuadraticCoupling,0.774286046547547,0.46483145351328325,0.1799999999997502,0.18000000000013877,0.17999999999994448,0.18,0.18,0.18,covered,1.000000000000771
ill_conditioned_ring,coupling,2,QuadraticCoupling,0.46483145351328325,0.48763853354163017,0.23999999999998264,0.23999999999998264,0.23999999999998264,0.24,0.24,0.24,covered,0.9999999999999277
ill_conditioned_ring,coupling,3,QuadraticCoupling,0.48763853354163017,0.7407190964967534,0.11999999999986122,0.12000000000000693,0.11999999999993408,0.12,0.12,0.12,covered,1.0000000000000577
ill_conditioned_ring,coupling,4,QuadraticCoupling,0.7407190964967534,0.8655299135741346,0.17999999999992367,0.17999999999992367,0.17999999999992367,0.18,0.18,0.18,covered,0.999999999999576
ill_conditioned_ring,coupling,5,QuadraticCoupling,0.8655299135741346,0.5971968558424254,0.23999999999966692,0.23999999999966692,0.23999999999966692,0.24,0.24,0.24,covered,0.9999999999986122
ill_conditioned_ring,coupling,6,QuadraticCoupling,0.5971968558424254,0.8530815307573623,0.12000000000000693,0.12000000000000693,0.12000000000000693,0.12,0.12,0.12,covered,1.0000000000000577
ill_conditioned_ring,coupling,7,QuadraticCoupling,0.8530815307573623,0.9611002311725859,0.17999999999992367,0.17999999999992367,0.17999999999992367,0.18,0.18,0.18,covered,0.999999999999576
ill_conditioned_ring,coupling,8,QuadraticCoupling,0.9611002311725859,0.6443903848547092,0.23999999999966692,0.23999999999966692,0.23999999999966692,0.24,0.24,0.24,covered,0.9999999999986122
ill_conditioned_ring,coupling,9,QuadraticCoupling,0.6443903848547092,0.6830571511021742,0.12000000000000693,0.12000000000000693,0.12000000000000693,0.12,0.12,0.12,covered,1.0000000000000577
ill_conditioned_ring,coupling,10,QuadraticCoupling,0.6830571511021742,0.8688059468653118,0.18000000000009714,0.18000000000009714,0.18000000000009714,0.18,0.18,0.18,covered,1.0000000000005398
ill_conditioned_ring,coupling,11,QuadraticCoupling,0.8688059468653118,0.8465609938809167,0.24000000000001387,0.24000000000001387,0.24000000000001387,0.24,0.24,0.24,covered,1.0000000000000577
ill_conditioned_ring,coupling,12,QuadraticCoupling,0.8465609938809167,0.9577008138629716,0.12000000000000693,0.12000000000000693,0.12000000000000693,0.12,0.12,0.12,covered,1.0000000000000577
ill_conditioned_ring,coupling,13,QuadraticCoupling,0.9577008138629716,0.5871771219234395,0.1799999999997502,0.1799999999997502,0.1799999999997502,0.18,0.18,0.18,covered,0.9999999999986122
ill_conditioned_ring,coupling,14,QuadraticCoupling,0.5871771219234395,0.23470736032445857,0.2400000000003608,0.24000000000041632,0.24000000000038857,0.24,0.24,0.24,covered,1.0000000000017348
ill_conditioned_ring,coupling,15,QuadraticCoupling,0.23470736032445857,0.5677311236602891,0.11999999999986122,0.11999999999983346,0.11999999999984734,0.12,0.12,0.12,covered,0.9999999999988435
ill_conditioned_ring,coupling,16,QuadraticCoupling,0.5677311236602891,0.04028376377017825,0.18000000000044408,0.18000000000026367,0.18000000000035388,0.18,0.18,0.18,covered,1.0000000000024671
ill_conditioned_ring,coupling,17,QuadraticCoupling,0.04028376377017825,0.8759149985595472,0.23999999999988897,0.23999999999966692,0.23999999999977795,0.24,0.24,0.24,covered,0.9999999999995374
ill_conditioned_ring,coupling,18,QuadraticCoupling,0.8759149985595472,0.3155304274198786,0.11999999999983346,0.12000000000055511,0.12000000000019428,0.12,0.12,0.12,covered,1.0000000000046259
ill_conditioned_ring,coupling,19,QuadraticCoupling,0.3155304274198786,0.579228110850631,0.18000000000013877,0.1799999999997502,0.17999999999994448,0.18,0.18,0.18,covered,1.000000000000771
ill_conditioned_ring,coupling,20,QuadraticCoupling,0.579228110850631,0.9448985662195859,0.23999999999966692,0.23999999999966692,0.23999999999966692,0.24,0.24,0.24,covered,0.9999999999986122
ill_conditioned_ring,coupling,21,QuadraticCoupling,0.9448985662195859,0.7644851196681661,0.12000000000000693,0.12000000000000693,0.12000000000000693,0.12,0.12,0.12,covered,1.0000000000000577
ill_conditioned_ring,coupling,22,QuadraticCoupling,0.7644851196681661,0.6406968876577299,0.17999999999992367,0.17999999999992367,0.17999999999992367,0.18,0.18,0.18,covered,0.999999999999576
ill_conditioned_ring,coupling,23,QuadraticCoupling,0.6406968876577299,0.5132909973175552,0.15999999999995143,0.15999999999995143,0.15999999999995143,0.16,0.16,0.16,covered,0.9999999999996965
ill_conditioned_ring,module,0,QuadraticWell,0.36853179426327826,,0.5213956364527931,,,0.5213956364518769,,,covered,1.000000000001757
ill_conditioned_ring,module,1,QuadraticWell,0.2717162777937495,,1.4780855274384093,,,1.478085527430565,,,covered,1.000000000005307
ill_conditioned_ring,module,2,QuadraticWell,0.3616054338405291,,0.10923684132001757,,,0.10923684131998462,,,covered,1.0000000000003015
ill_conditioned_ring,module,3,QuadraticWell,0.8296050241786052,,15.41334688617633,,,15.413346886099353,,,covered,1.0000000000049942
ill_conditioned_ring,module,4,QuadraticWell,0.12393147058228791,,0.30967154868317487,,,0.30967154868431807,,,covered,0.9999999999963084
ill_conditioned_ring,module,5,QuadraticWell,0.3134998030771716,,2.4886604777871284,,,2.4886604777844563,,,covered,1.0000000000010738
ill_conditioned_ring,module,6,QuadraticWell,0.6607489444011906,,0.6765508364990883,,,0.676550836498855,,,covered,1.0000000000003448
ill_conditioned_ring,module,7,QuadraticWell,0.6692656888482266,,0.04999999999997398,,,0.05,,,covered,0.9999999999994796
ill_conditioned_ring,module,8,QuadraticWell,0.5488157343685433,,1.1391122480826847,,,1.1391122480805214,,,covered,1.0000000000018991
ill_conditioned_ring,module,9,QuadraticWell,0.5566057884478335,,20.0,,,20.0,,,covered,1.0
ill_conditioned_ring,module,10,QuadraticWell,0.46756689837848636,,0.23865375003134626,,,0.23865375003134995,,,covered,0.9999999999999846
ill_conditioned_ring,module,11,QuadraticWell,0.7300936447982276,,9.154420687337879,,,9.15442068734601,,,covered,0.9999999999991118
ill_conditioned_ring,module,12,QuadraticWell,0.7932802382647894,,0.8778766110934378,,,0.8778766110934768,,,covered,0.9999999999999556
ill_conditioned_ring,module,13,QuadraticWell,0.742539475584471,,0.0648788356863551,,,0.06487883568635296,,,covered,1.0000000000000329
ill_conditioned_ring,module,14,QuadraticWell,0.03940545098242698,,0.4018225904760411,,,0.40182259047656643,,,covered,0.9999999999986926
ill_conditioned_ring,module,15,QuadraticWell,0.6748961127559893,,0.1839226517450334,,,0.18392265174508207,,,covered,0.9999999999997353
ill_conditioned_ring,module,16,QuadraticWell,0.2257952297586844,,0.1417431815778849,,,0.14174318157790983,,,covered,0.9999999999998241
ill_conditioned_ring,module,17,QuadraticWell,0.439800262790088,,11.878563111566208,,,11.87856311156143,,,covered,1.0000000000004023
ill_conditioned_ring,module,18,QuadraticWell,0.46684331322248346,,7.055013079774902,,,7.055013079767405,,,covered,1.0000000000010627
ill_conditioned_ring,module,19,QuadraticWell,0.7778741990359698,,1.9179293612923831,,,1.9179293612908799,,,covered,1.0000000000007838
ill_conditioned_ring,module,20,QuadraticWell,0.2506124748677318,,5.437068194219632,,,5.4370681942211565,,,covered,0.9999999999997197
ill_conditioned_ring,module,21,QuadraticWell,0.9676118552623695,,3.229227884352911,,,3.2292278843459683,,,covered,1.00000000000215
ill_conditioned_ring,module,22,QuadraticWell,0.4905352036554415,,0.08418526640024866,,,0.08418526640033569,,,covered,0.9999999999989663
ill_conditioned_ring,module,23,QuadraticWell,0.2951308092530557,,4.190170906044594,,,4.190170906045426,,,covered,0.9999999999998014
ill_conditioned_ring,coupling,0,QuadraticCoupling,0.36853179426327826,0.2717162777937495,0.11999999999994795,0.11999999999994795,0.11999999999994795,0.12,0.12,0.12,covered,0.9999999999995663
ill_conditioned_ring,coupling,1,QuadraticCoupling,0.2717162777937495,0.3616054338405291,0.1799999999999653,0.1799999999999653,0.1799999999999653,0.18,0.18,0.18,covered,0.9999999999998073
ill_conditioned_ring,coupling,2,QuadraticCoupling,0.3616054338405291,0.8296050241786052,0.23999999999972244,0.23999999999966692,0.23999999999969468,0.24,0.24,0.24,covered,0.9999999999988435
ill_conditioned_ring,coupling,3,QuadraticCoupling,0.8296050241786052,0.12393147058228791,0.11999999999983346,0.12000000000002775,0.1199999999999306,0.12,0.12,0.12,covered,1.0000000000002314
ill_conditioned_ring,coupling,4,QuadraticCoupling,0.12393147058228791,0.3134998030771716,0.18000000000004163,0.18000000000013877,0.1800000000000902,0.18,0.18,0.18,covered,1.000000000000771
ill_conditioned_ring,coupling,5,QuadraticCoupling,0.3134998030771716,0.6607489444011906,0.24000000000041632,0.2400000000003608,0.24000000000038857,0.24,0.24,0.24,covered,1.0000000000017348
ill_conditioned_ring,coupling,6,QuadraticCoupling,0.6607489444011906,0.6692656888482266,0.12000000000000693,0.12000000000000693,0.12000000000000693,0.12,0.12,0.12,covered,1.0000000000000577
ill_conditioned_ring,coupling,7,QuadraticCoupling,0.6692656888482266,0.5488157343685433,0.18000000000009714,0.18000000000009714,0.18000000000009714,0.18,0.18,0.18,covered,1.0000000000005398
ill_conditioned_ring,coupling,8,QuadraticCoupling,0.5488157343685433,0.5566057884478335,0.24000000000000304,0.24000000000000304,0.24000000000000304,0.24,0.24,0.24,covered,1.0000000000000127
ill_conditioned_ring,coupling,9,QuadraticCoupling,0.5566057884478335,0.46756689837848636,0.12000000000000693,0.11999999999994795,0.11999999999997744,0.12,0.12,0.12,covered,1.0000000000000577
ill_conditioned_ring,coupling,10,QuadraticCoupling,0.46756689837848636,0.7300936447982276,0.18000000000013877,0.18000000000009714,0.18000000000011795,0.18,0.18,0.18,covered,1.000000000000771
ill_conditioned_ring,coupling,11,QuadraticCoupling,0.7300936447982276,0.7932802382647894,0.24000000000001387,0.24000000000001387,0.24000000000001387,0.24,0.24,0.24,covered,1.0000000000000577
ill_conditioned_ring,coupling,12,QuadraticCoupling,0.7932802382647894,0.742539475584471,0.12000000000000693,0.12000000000000693,0.12000000000000693,0.12,0.12,0.12,covered,1.0000000000000577
ill_conditioned_ring,coupling,13,QuadraticCoupling,0.742539475584471,0.03940545098242698,0.1799999999990563,0.179999999998182,0.17999999999861915,0.18,0.18,0.18,covered,0.9999999999947573
ill_conditioned_ring,coupling,14,QuadraticCoupling,0.03940545098242698,0.6748961127559893,0.2399999999985012,0.23999999999966692,0.23999999999908406,0.24,0.24,0.24,covered,0.9999999999986122
ill_conditioned_ring,coupling,15,QuadraticCoupling,0.6748961127559893,0.2257952297586844,0.11999999999983346,0.11999999999986122,0.11999999999984734,0.12,0.12,0.12,covered,0.9999999999988435
ill_conditioned_ring,coupling,16,QuadraticCoupling,0.2257952297586844,0.439800262790088,0.17999999999979183,0.17999999999979183,0.17999999999979183,0.18,0.18,0.18,covered,0.9999999999988435
ill_conditioned_ring,coupling,17,QuadraticCoupling,0.439800262790088,0.46684331322248346,0.24000000000002603,0.24000000000002603,0.24000000000002603,0.24,0.24,0.24,covered,1.0000000000001086
ill_conditioned_ring,coupling,18,QuadraticCoupling,0.46684331322248346,0.7778741990359698,0.12000000000020816,0.1200000000001804,0.12000000000019428,0.12,0.12,0.12,covered,1.0000000000017348
ill_conditioned_ring,coupling,19,QuadraticCoupling,0.7778741990359698,0.2506124748677318,0.18000000000044408,0.18000000000013877,0.18000000000029143,0.18,0.18,0.18,covered,1.0000000000024671
ill_conditioned_ring,coupling,20,QuadraticCoupling,0.2506124748677318,0.9676118552623695,0.24000000000111021,0.2400000000010547,0.24000000000108246,0.24,0.24,0.24,covered,1.0000000000046259
ill_conditioned_ring,coupling,21,QuadraticCoupling,0.9676118552623695,0.4905352036554415,0.1200000000001804,0.11999999999986122,0.12000000000002081,0.12,0.12,0.12,covered,1.0000000000015035
ill_conditioned_ring,coupling,22,QuadraticCoupling,0.4905352036554415,0.2951308092530557,0.18000000000013877,0.18000000000013877,0.18000000000013877,0.18,0.18,0.18,covered,1.000000000000771
ill_conditioned_ring,coupling,23,QuadraticCoupling,0.2951308092530557,0.36853179426327826,0.16000000000001735,0.16000000000001735,0.16000000000001735,0.16,0.16,0.16,covered,1.0000000000001084
ill_conditioned_ring,module,0,QuadraticWell,0.468876067993103,,0.5213956364514053,,,0.5213956364518769,,,covered,0.9999999999990955
ill_conditioned_ring,module,1,QuadraticWell,0.15979233621993363,,1.4780855274328581,,,1.478085527430565,,,covered,1.0000000000015514
ill_conditioned_ring,module,2,QuadraticWell,0.1328625396211134,,0.10923684131993083,,,0.10923684131998462,,,covered,0.9999999999995076
ill_conditioned_ring,module,3,QuadraticWell,0.4961765600393061,,15.413346886090768,,,15.413346886099353,,,covered,0.999999999999443
ill_conditioned_ring,module,4,QuadraticWell,0.5988994491941029,,0.30967154868429064,,,0.30967154868431807,,,covered,0.9999999999999114
ill_conditioned_ring,module,5,QuadraticWell,0.06103042881894158,,2.488660477783304,,,2.4886604777844563,,,covered,0.9999999999995369
ill_conditioned_ring,module,6,QuadraticWell,0.1396464445526872,,0.6765508364974144,,,0.676550836498855,,,covered,0.9999999999978708
ill_conditioned_ring,module,7,QuadraticWell,0.3262989560313839,,0.05,,,0.05,,,covered,1.0
ill_conditioned_ring,module,8,QuadraticWell,0.27992517531525385,,1.1391122480805247,,,1.1391122480805214,,,covered,1.0000000000000029
ill_conditioned_ring,module,9,QuadraticWell,0.6440358703861225,,20.0,,,20.0,,,covered,1.0
ill_conditioned_ring,module,10,QuadraticWell,0.7788737215269714,,0.2386537500312128,,,0.23865375003134995,,,covered,0.9999999999994253
ill_conditioned_ring,module,11,QuadraticWell,0.8332813682369218,,9.154420687360084,,,9.15442068734601,,,covered,1.0000000000015374
ill_conditioned_ring,module,12,QuadraticWell,0.1460541359234024,,0.8778766110930749,,,0.8778766110934768,,,covered,0.9999999999995421
ill_conditioned_ring,module,13,QuadraticWell,0.43070055486935405,,0.0648788356864178,,,0.06487883568635296,,,covered,1.0000000000009994
ill_conditioned_ring,module,14,QuadraticWell,0.95161035466492,,0.401822590476605,,,0.40182259047656643,,,covered,1.000000000000096
ill_conditioned_ring,module,15,QuadraticWell,0.17964471322546638,,0.18392265174592062,,,0.18392265174508207,,,covered,1.0000000000045592
ill_conditioned_ring,module,16,QuadraticWell,0.9564485518563379,,0.14174318157806456,,,0.14174318157790983,,,covered,1.0000000000010916
ill_conditioned_ring,module,17,QuadraticWell,0.8441468493809627,,11.878563111561371,,,11.87856311156143,,,covered,0.9999999999999951
ill_conditioned_ring,module,18,QuadraticWell,0.29782895333028697,,7.055013079774902,,,7.055013079767405,,,covered,1.0000000000010627
ill_conditioned_ring,module,19,QuadraticWell,0.818260637176537,,1.9179293612923831,,,1.9179293612908799,,,covered,1.0000000000007838
ill_conditioned_ring,module,20,QuadraticWell,0.9756022019453663,,5.43706819422761,,,5.4370681942211565,,,covered,1.000000000001187
ill_conditioned_ring,module,21,QuadraticWell,0.07754225652113429,,3.229227884345018,,,3.2292278843459683,,,covered,0.9999999999997057
ill_conditioned_ring,module,22,QuadraticWell,0.43576400927732406,,0.08418526640042213,,,0.08418526640033569,,,covered,1.0000000000010267
ill_conditioned_ring,module,23,QuadraticWell,0.47012169784788493,,4.190170906055696,,,4.190170906045426,,,covered,1.000000000002451
ill_conditioned_ring,coupling,0,QuadraticCoupling,0.468876067993103,0.15979233621993363,0.12000000000020816,0.12000000000020816,0.12000000000020816,0.12,0.12,0.12,covered,1.0000000000017348
ill_conditioned_ring,coupling,1,QuadraticCoupling,0.15979233621993363,0.1328625396211134,0.18000000000000868,0.18000000000000868,0.18000000000000868,0.18,0.18,0.18,covered,1.0000000000000482
ill_conditioned_ring,coupling,2,QuadraticCoupling,0.1328625396211134,0.4961765600393061,0.23999999999972244,0.23999999999972244,0.23999999999972244,0.24,0.24,0.24,covered,0.9999999999988435
ill_conditioned_ring,coupling,3,QuadraticCoupling,0.4961765600393061,0.5988994491941029,0.12000000000003469,0.12000000000000693,0.12000000000002081,0.12,0.12,0.12,covered,1.000000000000289
ill_conditioned_ring,coupling,4,QuadraticCoupling,0.5988994491941029,0.06103042881894158,0.1799999999997502,0.18000000000026367,0.18000000000000693,0.18,0.18,0.18,covered,1.0000000000014648
ill_conditioned_ring,coupling,5,QuadraticCoupling,0.06103042881894158,0.1396464445526872,0.2400000000002359,0.24000000000006938,0.24000000000015265,0.24,0.24,0.24,covered,1.000000000000983
ill_conditioned_ring,coupling,6,QuadraticCoupling,0.1396464445526872,0.3262989560313839,0.12000000000003469,0.12000000000003469,0.12000000000003469,0.12,0.12,0.12,covered,1.000000000000289
ill_conditioned_ring,coupling,7,QuadraticCoupling,0.3262989560313839,0.27992517531525385,0.18000000000005204,0.18000000000005204,0.18000000000005204,0.18,0.18,0.18,covered,1.000000000000289
ill_conditioned_ring,coupling,8,QuadraticCoupling,0.27992517531525385,0.6440358703861225,0.24000000000041632,0.2400000000003608,0.24000000000038857,0.24,0.24,0.24,covered,1.0000000000017348
ill_conditioned_ring,coupling,9,QuadraticCoupling,0.6440358703861225,0.7788737215269714,0.12000000000000693,0.12000000000000693,0.12000000000000693,0.12,0.12,0.12,covered,1.0000000000000577
ill_conditioned_ring,coupling,10,QuadraticCoupling,0.7788737215269714,0.8332813682369218,0.1800000000000104,0.1800000000000104,0.1800000000000104,0.18,0.18,0.18,covered,1.0000000000000577
ill_conditioned_ring,coupling,11,QuadraticCoupling,0.8332813682369218,0.1460541359234024,0.23999999999966692,0.23999999999972244,0.23999999999969468,0.24,0.24,0.24,covered,0.9999999999988435
ill_conditioned_ring,coupling,12,QuadraticCoupling,0.1460541359234024,0.43070055486935405,0.12000000000020816,0.12000000000020816,0.12000000000020816,0.12,0.12,0.12,covered,1.0000000000017348
ill_conditioned_ring,coupling,13,QuadraticCoupling,0.43070055486935405,0.95161035466492,0.17999999999944488,0.1799999999997502,0.17999999999959754,0.18,0.18,0.18,covered,0.9999999999986122
ill_conditioned_ring,coupling,14,QuadraticCoupling,0.95161035466492,0.17964471322546638,0.23999999999966692,0.23999999999833466,0.2399999999990008,0.24,0.24,0.24,covered,0.9999999999986122
ill_conditioned_ring,coupling,15,QuadraticCoupling,0.17964471322546638,0.9564485518563379,0.12000000000055511,0.11999999999983346,0.12000000000019428,0.12,0.12,0.12,covered,1.0000000000046259
ill_conditioned_ring,coupling,16,QuadraticCoupling,0.9564485518563379,0.8441468493809627,0.17999999999992367,0.17999999999992367,0.17999999999992367,0.18,0.18,0.18,covered,0.999999999999576
ill_conditioned_ring,coupling,17,QuadraticCoupling,0.8441468493809627,0.29782895333028697,0.23999999999966692,0.23999999999972244,0.23999999999969468,0.24,0.24,0.24,covered,0.9999999999988435
ill_conditioned_ring,coupling,18,QuadraticCoupling,0.29782895333028697,0.818260637176537,0.11999999999986122,0.11999999999983346,0.11999999999984734,0.12,0.12,0.12,covered,0.9999999999988435
ill_conditioned_ring,coupling,19,QuadraticCoupling,0.818260637176537,0.9756022019453663,0.17999999999992367,0.17999999999992367,0.17999999999992367,0.18,0.18,0.18,covered,0.999999999999576
ill_conditioned_ring,coupling,20,QuadraticCoupling,0.9756022019453663,0.07754225652113429,0.2400000000010547,0.24000000000144328,0.240000000001249,0.24,0.24,0.24,covered,1.0000000000060136
ill_conditioned_ring,coupling,21,QuadraticCoupling,0.07754225652113429,0.43576400927732406,0.1200000000003747,0.12000000000020816,0.12000000000029143,0.12,0.12,0.12,covered,1.0000000000031226
ill_conditioned_ring,coupling,22,QuadraticCoupling,0.43576400927732406,0.47012169784788493,0.18000000000000868,0.18000000000000868,0.18000000000000868,0.18,0.18,0.18,covered,1.0000000000000482
ill_conditioned_ring,coupling,23,QuadraticCoupling,0.47012169784788493,0.468876067993103,0.15999999999999973,0.15999999999999973,0.15999999999999973,0.16,0.16,0.16,covered,0.9999999999999982
ill_conditioned_ring,module,0,QuadraticWell,0.500412724466133,,0.5213956364515241,,,0.5213956364518769,,,covered,0.9999999999993233
ill_conditioned_ring,module,1,QuadraticWell,0.13945885004789704,,1.478085527427307,,,1.478085527430565,,,covered,0.9999999999977958
ill_conditioned_ring,module,2,QuadraticWell,0.02501883775386009,,0.109236841320218,,,0.10923684131998462,,,covered,1.0000000000021365
ill_conditioned_ring,module,3,QuadraticWell,0.797588784171894,,15.413346886087512,,,15.413346886099353,,,covered,0.9999999999992317
ill_conditioned_ring,module,4,QuadraticWell,0.7938481256968136,,0.3096715486844641,,,0.30967154868431807,,,covered,1.0000000000004716
ill_conditioned_ring,module,5,QuadraticWell,0.8873064762151186,,2.48866047778429,,,2.4886604777844563,,,covered,0.999999999999933
ill_conditioned_ring,module,6,QuadraticWell,0.15367944501791772,,0.67655083650019,,,0.676550836498855,,,covered,1.0000000000019733
ill_conditioned_ring,module,7,QuadraticWell,0.29041163927918523,,0.05,,,0.05,,,covered,1.0
ill_conditioned_ring,module,8,QuadraticWell,0.07226880689339665,,1.1391122480807179,,,1.1391122480805214,,,covered,1.0000000000001725
ill_conditioned_ring,module,9,QuadraticWell,0.15302591722210784,,20.000000000022204,,,20.0,,,covered,1.0000000000011102
ill_conditioned_ring,module,10,QuadraticWell,0.520270257287887,,0.23865375003138628,,,0.23865375003134995,,,covered,1.0000000000001523
ill_conditioned_ring,module,11,QuadraticWell,0.267769470196807,,9.154420687353674,,,9.15442068734601,,,covered,1.0000000000008373
ill_conditioned_ring,module,12,QuadraticWell,0.23478962792681546,,0.8778766110875238,,,0.8778766110934768,,,covered,0.9999999999932189
ill_conditioned_ring,module,13,QuadraticWell,0.7647322195756767,,0.06487883568635239,,,0.06487883568635296,,,covered,0.9999999999999912
ill_conditioned_ring,module,14,QuadraticWell,0.2962681815039626,,0.40182259047645613,,,0.40182259047656643,,,covered,0.9999999999997256
ill_conditioned_ring,module,15,QuadraticWell,0.8012196113028213,,0.18392265174508762,,,0.18392265174508207,,,covered,1.0000000000000302
ill_conditioned_ring,module,16,QuadraticWell,0.9274357390558345,,0.14174318157806456,,,0.14174318157790983,,,covered,1.0000000000010916
ill_conditioned_ring,module,17,QuadraticWell,0.7842116464062603,,11.878563111559984,,,11.87856311156143,,,covered,0.9999999999998783
ill_conditioned_ring,module,18,QuadraticWell,0.5382106498366072,,7.055013079764105,,,7.055013079767405,,,covered,0.9999999999995323
ill_conditioned_ring,module,19,QuadraticWell,0.27042288042118984,,1.9179293612928388,,,1.9179293612908799,,,covered,1.0000000000010214
ill_conditioned_ring,module,20,QuadraticWell,0.517969427235752,,5.437068194222059,,,5.4370681942211565,,,covered,1.0000000000001659
ill_conditioned_ring,module,21,QuadraticWell,0.9465903329733505,,3.2292278843307067,,,3.2292278843459683,,,covered,0.9999999999952739
ill_conditioned_ring,module,22,QuadraticWell,0.5793811643623782,,0.08418526640036904,,,0.08418526640033569,,,covered,1.0000000000003961
ill_conditioned_ring,module,23,QuadraticWell,0.24164628956294387,,4.190170906044594,,,4.190170906045426,,,covered,0.9999999999998014
ill_conditioned_ring,coupling,0,QuadraticCoupling,0.500412724466133,0.13945885004789704,0.11999999999983346,0.11999999999986122,0.11999999999984734,0.12,0.12,0.12,covered,0.9999999999988435
ill_conditioned_ring,coupling,1,QuadraticCoupling,0.13945885004789704,0.02501883775386009,0.1799999999999653,0.17999999999997918,0.17999999999997224,0.18,0.18,0.18,covered,0.9999999999998843
ill_conditioned_ring,coupling,2,QuadraticCoupling,0.02501883775386009,0.797588784171894,0.23999999999997224,0.2400000000010547,0.24000000000051347,0.24,0.24,0.24,covered,1.0000000000043947
ill_conditioned_ring,coupling,3,QuadraticCoupling,0.797588784171894,0.7938481256968136,0.1199999999999988,0.1199999999999988,0.1199999999999988,0.12,0.12,0.12,covered,0.99999999999999
ill_conditioned_ring,coupling,4,QuadraticCoupling,0.7938481256968136,0.8873064762151186,0.18000000000009714,0.18000000000009714,0.18000000000009714,0.18,0.18,0.18,covered,1.0000000000005398
ill_conditioned_ring,coupling,5,QuadraticCoupling,0.8873064762151186,0.15367944501791772,0.23999999999966692,0.23999999999972244,0.23999999999969468,0.24,0.24,0.24,covered,0.9999999999988435
ill_conditioned_ring,coupling,6,QuadraticCoupling,0.15367944501791772,0.29041163927918523,0.12000000000003469,0.12000000000003469,0.12000000000003469,0.12,0.12,0.12,covered,1.000000000000289
ill_conditioned_ring,coupling,7,QuadraticCoupling,0.29041163927918523,0.07226880689339665,0.18000000000013877,0.18000000000038857,0.18000000000026367,0.18,0.18,0.18,covered,1.0000000000021587
ill_conditioned_ring,coupling,8,QuadraticCoupling,0.07226880689339665,0.15302591722210784,0.2400000000000555,0.2399999999998959,0.2399999999999757,0.24,0.24,0.24,covered,1.0000000000002314
ill_conditioned_ring,coupling,9,QuadraticCoupling,0.15302591722210784,0.520270257287887,0.11999999999986122,0.11999999999983346,0.11999999999984734,0.12,0.12,0.12,covered,0.9999999999988435
ill_conditioned_ring,coupling,10,QuadraticCoupling,0.520270257287887,0.267769470196807,0.18000000000009714,0.17999999999979183,0.17999999999994448,0.18,0.18,0.18,covered,1.0000000000005398
ill_conditioned_ring,coupling,11,QuadraticCoupling,0.267769470196807,0.23478962792681546,0.24000000000006938,0.24000000000006938,0.24000000000006938,0.24,0.24,0.24,covered,1.000000000000289
ill_conditioned_ring,coupling,12,QuadraticCoupling,0.23478962792681546,0.7647322195756767,0.11999999999986122,0.12000000000052735,0.12000000000019428,0.12,0.12,0.12,covered,1.0000000000043947
ill_conditioned_ring,coupling,13,QuadraticCoupling,0.7647322195756767,0.2962681815039626,0.1799999999997502,0.18000000000013877,0.17999999999994448,0.18,0.18,0.18,covered,1.000000000000771
ill_conditioned_ring,coupling,14,QuadraticCoupling,0.2962681815039626,0.8012196113028213,0.2400000000018041,0.2400000000003608,0.24000000000108246,0.24,0.24,0.24,covered,1.000000000007517
ill_conditioned_ring,coupling,15,QuadraticCoupling,0.8012196113028213,0.9274357390558345,0.1199999999999202,0.1199999999999202,0.1199999999999202,0.12,0.12,0.12,covered,0.999999999999335
ill_conditioned_ring,coupling,16,QuadraticCoupling,0.9274357390558345,0.7842116464062603,0.17999999999992367,0.17999999999992367,0.17999999999992367,0.18,0.18,0.18,covered,0.999999999999576
ill_conditioned_ring,coupling,17,QuadraticCoupling,0.7842116464062603,0.5382106498366072,0.24000000000001387,0.24000000000001387,0.24000000000001387,0.24,0.24,0.24,covered,1.0000000000000577
ill_conditioned_ring,coupling,18,QuadraticCoupling,0.5382106498366072,0.27042288042118984,0.11999999999983346,0.11999999999986122,0.11999999999984734,0.12,0.12,0.12,covered,0.9999999999988435
ill_conditioned_ring,coupling,19,QuadraticCoupling,0.27042288042118984,0.517969427235752,0.17999999999979183,0.18000000000009714,0.17999999999994448,0.18,0.18,0.18,covered,1.0000000000005398
ill_conditioned_ring,coupling,20,QuadraticCoupling,0.517969427235752,0.9465903329733505,0.23999999999966692,0.23999999999966692,0.23999999999966692,0.24,0.24,0.24,covered,0.9999999999986122
ill_conditioned_ring,coupling,21,QuadraticCoupling,0.9465903329733505,0.5793811643623782,0.11999999999983346,0.11999999999983346,0.11999999999983346,0.12,0.12,0.12,covered,0.9999999999986122
ill_conditioned_ring,coupling,22,QuadraticCoupling,0.5793811643623782,0.24164628956294387,0.18000000000009714,0.18000000000013877,0.18000000000011795,0.18,0.18,0.18,covered,1.000000000000771
ill_conditioned_ring,coupling,23,QuadraticCoupling,0.24164628956294387,0.500412724466133,0.16000000000027756,0.15999999999977796,0.16000000000002776,0.16,0.16,0.16,covered,1.0000000000017346
ill_conditioned_ring,module,0,QuadraticWell,0.4016347210982054,,0.5213956364514053,,,0.5213956364518769,,,covered,0.9999999999990955
ill_conditioned_ring,module,1,QuadraticWell,0.5237918415426824,,1.478085527429961,,,1.478085527430565,,,covered,0.9999999999995912
ill_conditioned_ring,module,2,QuadraticWell,0.3903526149187002,,0.10923684131993083,,,0.10923684131998462,,,covered,0.9999999999995076
ill_conditioned_ring,module,3,QuadraticWell,0.668379457265898,,15.413346886087512,,,15.413346886099353,,,covered,0.9999999999992317
ill_conditioned_ring,module,4,QuadraticWell,0.771215304403474,,0.3096715486844641,,,0.30967154868431807,,,covered,1.0000000000004716
ill_conditioned_ring,module,5,QuadraticWell,0.7282963370749398,,2.48866047778429,,,2.4886604777844563,,,covered,0.999999999999933
ill_conditioned_ring,module,6,QuadraticWell,0.27718391545686405,,0.6765508364946389,,,0.676550836498855,,,covered,0.9999999999937683
ill_conditioned_ring,module,7,QuadraticWell,0.8757760029294054,,0.05000000000001735,,,0.05,,,covered,1.0000000000003468
ill_conditioned_ring,module,8,QuadraticWell,0.7755681777792566,,1.1391122480826847,,,1.1391122480805214,,,covered,1.0000000000018991
ill_conditioned_ring,module,9,QuadraticWell,0.5644409306065431,,20.0,,,20.0,,,covered,1.0
ill_conditioned_ring,module,10,QuadraticWell,0.5948898031995861,,0.23865375003138628,,,0.23865375003134995,,,covered,1.0000000000001523
ill_conditioned_ring,module,11,QuadraticWell,0.4770287473787377,,9.154420687346736,,,9.15442068734601,,,covered,1.0000000000000793
ill_conditioned_ring,module,12,QuadraticWell,0.5699672874015441,,0.8778766110937848,,,0.8778766110934768,,,covered,1.0000000000003508
ill_conditioned_ring,module,13,QuadraticWell,0.4406876940143501,,0.0648788356864178,,,0.06487883568635296,,,covered,1.0000000000009994
ill_conditioned_ring,module,14,QuadraticWell,0.5285429746159824,,0.4018225904765725,,,0.40182259047656643,,,covered,1.000000000000015
ill_conditioned_ring,module,15,QuadraticWell,0.08665044212026672,,0.18392265174478808,,,0.18392265174508207,,,covered,0.9999999999984016
ill_conditioned_ring,module,16,QuadraticWell,0.5447962221963483,,0.14174318157771762,,,0.14174318157790983,,,covered,0.999999999998644
ill_conditioned_ring,module,17,QuadraticWell,0.534909099380364,,11.87856311154333,,,11.87856311156143,,,covered,0.9999999999984763
ill_conditioned_ring,module,18,QuadraticWell,0.36010489961721787,,7.0550130797638,,,7.055013079767405,,,covered,0.999999999999489
ill_conditioned_ring,module,19,QuadraticWell,0.82829010399467,,1.9179293612923831,,,1.9179293612908799,,,covered,1.0000000000007838
ill_conditioned_ring,module,20,QuadraticWell,0.7640110761939755,,5.437068194222059,,,5.4370681942211565,,,covered,1.0000000000001659
ill_conditioned_ring,module,21,QuadraticWell,0.04701091022405226,,3.2292278843455526,,,3.2292278843459683,,,covered,0.9999999999998713
ill_conditioned_ring,module,22,QuadraticWell,0.6760976582602071,,0.08418526640032567,,,0.08418526640033569,,,covered,0.999999999999881
ill_conditioned_ring,module,23,QuadraticWell,0.818358541031715,,4.190170906045649,,,4.190170906045426,,,covered,1.0000000000000533
ill_conditioned_ring,coupling,0,QuadraticCoupling,0.4016347210982054,0.5237918415426824,0.12000000000003469,0.12000000000000693,0.12000000000002081,0.12,0.12,0.12,covered,1.000000000000289
ill_conditioned_ring,coupling,1,QuadraticCoupling,0.5237918415426824,0.3903526149187002,0.17999999999992367,0.1799999999999653,0.17999999999994448,0.18,0.18,0.18,covered,0.9999999999998073
ill_conditioned_ring,coupling,2,QuadraticCoupling,0.3903526149187002,0.668379457265898,0.23999999999972244,0.23999999999966692,0.23999999999969468,0.24,0.24,0.24,covered,0.9999999999988435
ill_conditioned_ring,coupling,3,QuadraticCoupling,0.668379457265898,0.771215304403474,0.12000000000000693,0.12000000000000693,0.12000000000000693,0.12,0.12,0.12,covered,1.0000000000000577
ill_conditioned_ring,coupling,4,QuadraticCoupling,0.771215304403474,0.7282963370749398,0.1800000000000104,0.1800000000000104,0.1800000000000104,0.18,0.18,0.18,covered,1.0000000000000577
ill_conditioned_ring,coupling,5,QuadraticCoupling,0.7282963370749398,0.27718391545686405,0.23999999999966692,0.23999999999972244,0.23999999999969468,0.24,0.24,0.24,covered,0.9999999999988435
ill_conditioned_ring,coupling,6,QuadraticCoupling,0.27718391545686405,0.8757760029294054,0.11999999999916733,0.11999999999983346,0.1199999999995004,0.12,0.12,0.12,covered,0.9999999999986122
ill_conditioned_ring,coupling,7,QuadraticCoupling,0.8757760029294054,0.7755681777792566,0.18000000000009714,0.18000000000009714,0.18000000000009714,0.18,0.18,0.18,covered,1.0000000000005398
ill_conditioned_ring,coupling,8,QuadraticCoupling,0.7755681777792566,0.5644409306065431,0.24000000000001387,0.24000000000001387,0.24000000000001387,0.24,0.24,0.24,covered,1.0000000000000577
ill_conditioned_ring,coupling,9,QuadraticCoupling,0.5644409306065431,0.5948898031995861,0.12000000000000693,0.12000000000000693,0.12000000000000693,0.12,0.12,0.12,covered,1.0000000000000577
ill_conditioned_ring,coupling,10,QuadraticCoupling,0.5948898031995861,0.4770287473787377,0.18000000000009714,0.18000000000013877,0.18000000000011795,0.18,0.18,0.18,covered,1.000000000000771
ill_conditioned_ring,coupling,11,QuadraticCoupling,0.4770287473787377,0.5699672874015441,0.2399999999998959,0.24000000000001387,0.2399999999999549,0.24,0.24,0.24,covered,1.0000000000000577
ill_conditioned_ring,coupling,12,QuadraticCoupling,0.5699672874015441,0.4406876940143501,0.12000000000000693,0.12000000000003469,0.12000000000002081,0.12,0.12,0.12,covered,1.000000000000289
ill_conditioned_ring,coupling,13,QuadraticCoupling,0.4406876940143501,0.5285429746159824,0.1799999999999653,0.18000000000009714,0.18000000000003122,0.18,0.18,0.18,covered,1.0000000000005398
ill_conditioned_ring,coupling,14,QuadraticCoupling,0.5285429746159824,0.08665044212026672,0.23999999999966692,0.2399999999993616,0.23999999999951427,0.24,0.24,0.24,covered,0.9999999999986122
ill_conditioned_ring,coupling,15,QuadraticCoupling,0.08665044212026672,0.5447962221963483,0.1199999999996808,0.11999999999983346,0.11999999999975713,0.12,0.12,0.12,covered,0.9999999999986122
ill_conditioned_ring,coupling,16,QuadraticCoupling,0.5447962221963483,0.534909099380364,0.17999999999999958,0.17999999999999958,0.17999999999999958,0.18,0.18,0.18,covered,0.9999999999999977
ill_conditioned_ring,coupling,17,QuadraticCoupling,0.534909099380364,0.36010489961721787,0.24000000000001387,0.24000000000006938,0.24000000000004162,0.24,0.24,0.24,covered,1.000000000000289
ill_conditioned_ring,coupling,18,QuadraticCoupling,0.36010489961721787,0.82829010399467,0.11999999999986122,0.11999999999983346,0.11999999999984734,0.12,0.12,0.12,covered,0.9999999999988435
ill_conditioned_ring,coupling,19,QuadraticCoupling,0.82829010399467,0.7640110761939755,0.1800000000000104,0.1800000000000104,0.1800000000000104,0.18,0.18,0.18,covered,1.0000000000000577
ill_conditioned_ring,coupling,20,QuadraticCoupling,0.7640110761939755,0.04701091022405226,0.23999999999966692,0.23999999999988897,0.23999999999977795,0.24,0.24,0.24,covered,0.9999999999995374
ill_conditioned_ring,coupling,21,QuadraticCoupling,0.04701091022405226,0.6760976582602071,0.11999999999994448,0.11999999999983346,0.11999999999988897,0.12,0.12,0.12,covered,0.9999999999995374
ill_conditioned_ring,coupling,22,QuadraticCoupling,0.6760976582602071,0.818358541031715,0.17999999999992367,0.17999999999992367,0.17999999999992367,0.18,0.18,0.18,covered,0.999999999999576
ill_conditioned_ring,coupling,23,QuadraticCoupling,0.818358541031715,0.4016347210982054,0.15999999999977796,0.15999999999958367,0.15999999999968081,0.16,0.16,0.16,covered,0.9999999999986122
ill_conditioned_ring,module,0,QuadraticWell,0.43187430776556174,,0.5213956364514053,,,0.5213956364518769,,,covered,0.9999999999990955
ill_conditioned_ring,module,1,QuadraticWell,0.3091761193222779,,1.478085527427307,,,1.478085527430565,,,covered,0.9999999999977958
ill_conditioned_ring,module,2,QuadraticWell,0.12597219418825084,,0.10923684131993083,,,0.10923684131998462,,,covered,0.9999999999995076
ill_conditioned_ring,module,3,QuadraticWell,0.2142008431698847,,15.413346886096319,,,15.413346886099353,,,covered,0.9999999999998032
ill_conditioned_ring,module,4,QuadraticWell,0.07495926861577452,,0.30967154868456265,,,0.30967154868431807,,,covered,1.0000000000007898
ill_conditioned_ring,module,5,QuadraticWell,0.563260504783087,,2.488660477784463,,,2.4886604777844563,,,covered,1.0000000000000027
ill_conditioned_ring,module,6,QuadraticWell,0.748936203058093,,0.6765508364990883,,,0.676550836498855,,,covered,1.0000000000003448
ill_conditioned_ring,module,7,QuadraticWell,0.3219165840225907,,0.05,,,0.05,,,covered,1.0
ill_conditioned_ring,module,8,QuadraticWell,0.3147615662754544,,1.1391122480805247,,,1.1391122480805214,,,covered,1.0000000000000029
ill_conditioned_ring,module,9,QuadraticWell,0.6395123406275007,,20.0,,,20.0,,,covered,1.0
ill_conditioned_ring,module,10,QuadraticWell,0.239612577841629,,0.23865375003127579,,,0.23865375003134995,,,covered,0.9999999999996892
ill_conditioned_ring,module,11,QuadraticWell,0.8782010561053677,,9.154420687360084,,,9.15442068734601,,,covered,1.0000000000015374
ill_conditioned_ring,module,12,QuadraticWell,0.7576637920628648,,0.8778766110934378,,,0.8778766110934768,,,covered,0.9999999999999556
ill_conditioned_ring,module,13,QuadraticWell,0.25721805371670675,,0.0648788356864178,,,0.06487883568635296,,,covered,1.0000000000009994
ill_conditioned_ring,module,14,QuadraticWell,0.2155760660527731,,0.40182259047645613,,,0.40182259047656643,,,covered,0.9999999999997256
ill_conditioned_ring,module,15,QuadraticWell,0.3018816735209651,,0.18392265174522673,,,0.18392265174508207,,,covered,1.0000000000007865
ill_conditioned_ring,module,16,QuadraticWell,0.2958782394721822,,0.14174318157790658,,,0.14174318157790983,,,covered,0.9999999999999771
ill_conditioned_ring,module,17,QuadraticWell,0.7116303132989282,,11.878563111565535,,,11.87856311156143,,,covered,1.0000000000003455
ill_conditioned_ring,module,18,QuadraticWell,0.6229239856394656,,7.0550130797675745,,,7.055013079767405,,,covered,1.000000000000024
ill_conditioned_ring,module,19,QuadraticWell,0.07746953085674999,,1.9179293612899493,,,1.9179293612908799,,,covered,0.9999999999995148
ill_conditioned_ring,module,20,QuadraticWell,0.7347970023788077,,5.437068194222059,,,5.4370681942211565,,,covered,1.0000000000001659
ill_conditioned_ring,module,21,QuadraticWell,0.8589263163851533,,3.229227884352911,,,3.2292278843459683,,,covered,1.00000000000215
ill_conditioned_ring,module,22,QuadraticWell,0.860922055356174,,0.0841852664002823,,,0.08418526640033569,,,covered,0.9999999999993658
ill_conditioned_ring,module,23,QuadraticWell,0.8631412926525258,,4.190170906045649,,,4.190170906045426,,,covered,1.0000000000000533
ill_conditioned_ring,coupling,0,QuadraticCoupling,0.43187430776556174,0.3091761193222779,0.11999999999994795,0.11999999999994795,0.11999999999994795,0.12,0.12,0.12,covered,0.9999999999995663
ill_conditioned_ring,coupling,1,QuadraticCoupling,0.3091761193222779,0.12597219418825084,0.18000000000013877,0.18000000000013877,0.18000000000013877,0.18,0.18,0.18,covered,1.000000000000771
ill_conditioned_ring,coupling,2,QuadraticCoupling,0.12597219418825084,0.2142008431698847,0.24000000000006938,0.24000000000006938,0.24000000000006938,0.24,0.24,0.24,covered,1.000000000000289
ill_conditioned_ring,coupling,3,QuadraticCoupling,0.2142008431698847,0.07495926861577452,0.12000000000003469,0.12000000000002775,0.12000000000003122,0.12,0.12,0.12,covered,1.000000000000289
ill_conditioned_ring,coupling,4,QuadraticCoupling,0.07495926861577452,0.563260504783087,0.17999999999969468,0.1799999999997502,0.17999999999972244,0.18,0.18,0.18,covered,0.9999999999986122
ill_conditioned_ring,coupling,5,QuadraticCoupling,0.563260504783087,0.748936203058093,0.24000000000001387,0.24000000000001387,0.24000000000001387,0.24,0.24,0.24,covered,1.0000000000000577
ill_conditioned_ring,coupling,6,QuadraticCoupling,0.748936203058093,0.3219165840225907,0.11999999999983346,0.11999999999986122,0.11999999999984734,0.12,0.12,0.12,covered,0.9999999999988435
ill_conditioned_ring,coupling,7,QuadraticCoupling,0.3219165840225907,0.3147615662754544,0.17999999999999783,0.17999999999999783,0.17999999999999783,0.18,0.18,0.18,covered,0.999999999999988
ill_conditioned_ring,coupling,8,QuadraticCoupling,0.3147615662754544,0.6395123406275007,0.23999999999972244,0.23999999999966692,0.23999999999969468,0.24,0.24,0.24,covered,0.9999999999988435
ill_conditioned_ring,coupling,9,QuadraticCoupling,0.6395123406275007,0.239612577841629,0.1200000000001804,0.12000000000020816,0.12000000000019428,0.12,0.12,0.12,covered,1.0000000000017348
ill_conditioned_ring,coupling,10,QuadraticCoupling,0.239612577841629,0.8782010561053677,0.17999999999944488,0.1799999999997502,0.17999999999959754,0.18,0.18,0.18,covered,0.9999999999986122
ill_conditioned_ring,coupling,11,QuadraticCoupling,0.8782010561053677,0.7576637920628648,0.24000000000001387,0.24000000000001387,0.24000000000001387,0.24,0.24,0.24,covered,1.0000000000000577
ill_conditioned_ring,coupling,12,QuadraticCoupling,0.7576637920628648,0.25721805371670675,0.11999999999983346,0.11999999999986122,0.11999999999984734,0.12,0.12,0.12,covered,0.9999999999988435
ill_conditioned_ring,coupling,13,QuadraticCoupling,0.25721805371670675,0.2155760660527731,0.18000000000000868,0.18000000000000868,0.18000000000000868,0.18,0.18,0.18,covered,1.0000000000000482
ill_conditioned_ring,coupling,14,QuadraticCoupling,0.2155760660527731,0.3018816735209651,0.24000000000006938,0.24000000000006938,0.24000000000006938,0.24,0.24,0.24,covered,1.000000000000289
ill_conditioned_ring,coupling,15,QuadraticCoupling,0.3018816735209651,0.2958782394721822,0.11999999999999675,0.11999999999999675,0.11999999999999675,0.12,0.12,0.12,covered,0.9999999999999729
ill_conditioned_ring,coupling,16,QuadraticCoupling,0.2958782394721822,0.7116303132989282,0.18000000000013877,0.1799999999997502,0.17999999999994448,0.18,0.18,0.18,covered,1.000000000000771
ill_conditioned_ring,coupling,17,QuadraticCoupling,0.7116303132989282,0.6229239856394656,0.24000000000001387,0.24000000000001387,0.24000000000001387,0.24,0.24,0.24,covered,1.0000000000000577
ill_conditioned_ring,coupling,18,QuadraticCoupling,0.6229239856394656,0.07746953085674999,0.11999999999983346,0.12000000000002775,0.1199999999999306,0.12,0.12,0.12,covered,1.0000000000002314
ill_conditioned_ring,coupling,19,QuadraticCoupling,0.07746953085674999,0.7347970023788077,0.18000000000038857,0.1799999999997502,0.18000000000006938,0.18,0.18,0.18,covered,1.0000000000021587
ill_conditioned_ring,coupling,20,QuadraticCoupling,0.7347970023788077,0.8589263163851533,0.24000000000001387,0.24000000000001387,0.24000000000001387,0.24,0.24,0.24,covered,1.0000000000000577
ill_conditioned_ring,coupling,21,QuadraticCoupling,0.8589263163851533,0.860922055356174,0.12000000000000016,0.12000000000000016,0.12000000000000016,0.12,0.12,0.12,covered,1.0000000000000013
ill_conditioned_ring,coupling,22,QuadraticCoupling,0.860922055356174,0.8631412926525258,0.17999999999999958,0.17999999999999958,0.17999999999999958,0.18,0.18,0.18,covered,0.9999999999999977
ill_conditioned_ring,coupling,23,QuadraticCoupling,0.8631412926525258,0.43187430776556174,0.15999999999977796,0.16000000000027756,0.16000000000002776,0.16,0.16,0.16,covered,1.0000000000017346
ill_conditioned_ring,module,0,QuadraticWell,0.5862126486293345,,0.5213956364515241,,,0.5213956364518769,,,covered,0.9999999999993233
ill_conditioned_ring,module,1,QuadraticWell,0.20129609040613586,,1.4780855274328581,,,1.478085527430565,,,covered,1.0000000000015514
ill_conditioned_ring,module,2,QuadraticWell,0.7842475837387979,,0.10923684131984333,,,0.10923684131998462,,,covered,0.9999999999987066
ill_conditioned_ring,module,3,QuadraticWell,0.9692049635539437,,15.413346886087512,,,15.413346886099353,,,covered,0.9999999999992317
ill_conditioned_ring,module,4,QuadraticWell,0.944983989567182,,0.3096715486837702,,,0.30967154868431807,,,covered,0.9999999999982309
ill_conditioned_ring,module,5,QuadraticWell,0.22419207016619902,,2.4886604777815773,,,2.4886604777844563,,,covered,0.9999999999988431
ill_conditioned_ring,module,6,QuadraticWell,0.11020894254975812,,0.6765508364955778,,,0.676550836498855,,,covered,0.9999999999951561
ill_conditioned_ring,module,7,QuadraticWell,0.7206821614616402,,0.049999999999995666,,,0.05,,,covered,0.9999999999999133
ill_conditioned_ring,module,8,QuadraticWell,0.29922055480124077,,1.1391122480805247,,,1.1391122480805214,,,covered,1.0000000000000029
ill_conditioned_ring,module,9,QuadraticWell,0.27478733760014057,,19.999999999977796,,,20.0,,,covered,0.9999999999988898
ill_conditioned_ring,module,10,QuadraticWell,0.6213295810862107,,0.2386537500312128,,,0.23865375003134995,,,covered,0.9999999999994253
ill_conditioned_ring,module,11,QuadraticWell,0.6880360691720754,,9.154420687348981,,,9.15442068734601,,,covered,1.0000000000003246
ill_conditioned_ring,module,12,QuadraticWell,0.5986430356076617,,0.8778766110937848,,,0.8778766110934768,,,covered,1.0000000000003508
ill_conditioned_ring,module,13,QuadraticWell,0.8475700184277404,,0.06487883568634426,,,0.06487883568635296,,,covered,0.9999999999998659
ill_conditioned_ring,module,14,QuadraticWell,0.3479627460664611,,0.40182259047645613,,,0.40182259047656643,,,covered,0.9999999999997256
ill_conditioned_ring,module,15,QuadraticWell,0.3476200340459674,,0.18392265174453284,,,0.18392265174508207,,,covered,0.9999999999970138
ill_conditioned_ring,module,16,QuadraticWell,0.29633837228944365,,0.14174318157791743,,,0.14174318157790983,,,covered,1.0000000000000537
ill_conditioned_ring,module,17,QuadraticWell,0.10074441886991306,,11.878563111538284,,,11.87856311156143,,,covered,0.9999999999980514
ill_conditioned_ring,module,18,QuadraticWell,0.9104579930491004,,7.055013079769656,,,7.055013079767405,,,covered,1.000000000000319
ill_conditioned_ring,module,19,QuadraticWell,0.8636023212127583,,1.9179293612923831,,,1.9179293612908799,,,covered,1.0000000000007838
ill_conditioned_ring,module,20,QuadraticWell,0.3720483358476174,,5.437068194219632,,,5.4370681942211565,,,covered,0.9999999999997197
ill_conditioned_ring,module,21,QuadraticWell,0.26240706087664845,,3.2292278843447,,,3.2292278843459683,,,covered,0.9999999999996072
ill_conditioned_ring,module,22,QuadraticWell,0.4360901469802035,,0.08418526640024866,,,0.08418526640033569,,,covered,0.9999999999989663
ill_conditioned_ring,module,23,QuadraticWell,0.38121765928320545,,4.190170906044594,,,4.190170906045426,,,covered,0.9999999999998014
ill_conditioned_ring,coupling,0,QuadraticCoupling,0.5862126486293345,0.20129609040613586,0.1200000000001804,0.11999999999986122,0.12000000000002081,0.12,0.12,0.12,covered,1.0000000000015035
ill_conditioned_ring,coupling,1,QuadraticCoupling,0.20129609040613586,0.7842475837387979,0.18000000000013877,0.1799999999997502,0.17999999999994448,0.18,0.18,0.18,covered,1.000000000000771
ill_conditioned_ring,coupling,2,QuadraticCoupling,0.7842475837387979,0.9692049635539437,0.24000000000001387,0.24000000000001387,0.24000000000001387,0.24,0.24,0.24,covered,1.0000000000000577
ill_conditioned_ring,coupling,3,QuadraticCoupling,0.9692049635539437,0.944983989567182,0.12000000000000693,0.12000000000000693,0.12000000000000693,0.12,0.12,0.12,covered,1.0000000000000577
ill_conditioned_ring,coupling,4,QuadraticCoupling,0.944983989567182,0.22419207016619902,0.18000000000044408,0.17999999999944488,0.17999999999994448,0.18,0.18,0.18,covered,1.0000000000024671
ill_conditioned_ring,coupling,5,QuadraticCoupling,0.22419207016619902,0.11020894254975812,0.2399999999998959,0.23999999999988203,0.23999999999988897,0.24,0.24,0.24,covered,0.9999999999995663
ill_conditioned_ring,coupling,6,QuadraticCoupling,0.11020894254975812,0.7206821614616402,0.11999999999933386,0.11999999999983346,0.11999999999958366,0.12,0.12,0.12,covered,0.9999999999986122
ill_conditioned_ring,coupling,7,QuadraticCoupling,0.7206821614616402,0.29922055480124077,0.18000000000044408,0.18000000000013877,0.18000000000029143,0.18,0.18,0.18,covered,1.0000000000024671
ill_conditioned_ring,coupling,8,QuadraticCoupling,0.29922055480124077,0.27478733760014057,0.24000000000002603,0.24000000000002603,0.24000000000002603,0.24,0.24,0.24,covered,1.0000000000001086
ill_conditioned_ring,coupling,9,QuadraticCoupling,0.27478733760014057,0.6213295810862107,0.12000000000020816,0.1200000000001804,0.12000000000019428,0.12,0.12,0.12,covered,1.0000000000017348
ill_conditioned_ring,coupling,10,QuadraticCoupling,0.6213295810862107,0.6880360691720754,0.17999999999992367,0.17999999999992367,0.17999999999992367,0.18,0.18,0.18,covered,0.999999999999576
ill_conditioned_ring,coupling,11,QuadraticCoupling,0.6880360691720754,0.5986430356076617,0.24000000000001387,0.24000000000001387,0.24000000000001387,0.24,0.24,0.24,covered,1.0000000000000577
ill_conditioned_ring,coupling,12,QuadraticCoupling,0.5986430356076617,0.8475700184277404,0.12000000000000693,0.12000000000000693,0.12000000000000693,0.12,0.12,0.12,covered,1.0000000000000577
ill_conditioned_ring,coupling,13,QuadraticCoupling,0.8475700184277404,0.3479627460664611,0.18000000000044408,0.18000000000013877,0.18000000000029143,0.18,0.18,0.18,covered,1.0000000000024671
ill_conditioned_ring,coupling,14,QuadraticCoupling,0.3479627460664611,0.3476200340459674,0.2399999999999996,0.2399999999999996,0.2399999999999996,0.24,0.24,0.24,covered,0.9999999999999983
ill_conditioned_ring,coupling,15,QuadraticCoupling,0.3476200340459674,0.29633837228944365,0.11999999999999132,0.11999999999999132,0.11999999999999132,0.12,0.12,0.12,covered,0.9999999999999277
ill_conditioned_ring,coupling,16,QuadraticCoupling,0.29633837228944365,0.10074441886991306,0.18000000000013877,0.17999999999969468,0.17999999999991673,0.18,0.18,0.18,covered,1.000000000000771
ill_conditioned_ring,coupling,17,QuadraticCoupling,0.10074441886991306,0.9104579930491004,0.2400000000000555,0.23999999999966692,0.2399999999998612,0.24,0.24,0.24,covered,1.0000000000002314
ill_conditioned_ring,coupling,18,QuadraticCoupling,0.9104579930491004,0.8636023212127583,0.12000000000000693,0.12000000000000693,0.12000000000000693,0.12,0.12,0.12,covered,1.0000000000000577
ill_conditioned_ring,coupling,19,QuadraticCoupling,0.8636023212127583,0.3720483358476174,0.1799999999997502,0.18000000000013877,0.17999999999994448,0.18,0.18,0.18,covered,1.000000000000771
ill_conditioned_ring,coupling,20,QuadraticCoupling,0.3720483358476174,0.26240706087664845,0.2399999999998959,0.2399999999998959,0.2399999999998959,0.24,0.24,0.24,covered,0.9999999999995663
ill_conditioned_ring,coupling,21,QuadraticCoupling,0.26240706087664845,0.4360901469802035,0.12000000000003469,0.12000000000003469,0.12000000000003469,0.12,0.12,0.12,covered,1.000000000000289
ill_conditioned_ring,coupling,22,QuadraticCoupling,0.4360901469802035,0.38121765928320545,0.1799999999999653,0.1799999999999653,0.1799999999999653,0.18,0.18,0.18,covered,0.9999999999998073
ill_conditioned_ring,coupling,23,QuadraticCoupling,0.38121765928320545,0.5862126486293345,0.15999999999993061,0.1600000000001249,0.16000000000002776,0.16,0.16,0.16,covered,1.0000000000007807
ill_conditioned_ring,module,0,QuadraticWell,0.07187728756828524,,0.5213956364549045,,,0.5213956364518769,,,covered,1.0000000000058067
ill_conditioned_ring,module,1,QuadraticWell,0.9408639681642776,,1.478085527429961,,,1.478085527430565,,,covered,0.9999999999995912
ill_conditioned_ring,module,2,QuadraticWell,0.44596471339802635,,0.10923684131993083,,,0.10923684131998462,,,covered,0.9999999999995076
ill_conditioned_ring,module,3,QuadraticWell,0.6013349478978399,,15.413346886087512,,,15.413346886099353,,,covered,0.9999999999992317
ill_conditioned_ring,module,4,QuadraticWell,0.6686688556257576,,0.30967154868429064,,,0.30967154868431807,,,covered,0.9999999999999114
ill_conditioned_ring,module,5,QuadraticWell,0.9435513865026754,,2.48866047778429,,,2.4886604777844563,,,covered,0.999999999999933
ill_conditioned_ring,module,6,QuadraticWell,0.34150440545912714,,0.6765508364974144,,,0.676550836498855,,,covered,0.9999999999978708
ill_conditioned_ring,module,7,QuadraticWell,0.842695040924842,,0.04999999999997398,,,0.05,,,covered,0.9999999999994796
ill_conditioned_ring,module,8,QuadraticWell,0.09517398412355427,,1.1391122480807179,,,1.1391122480805214,,,covered,1.0000000000001725
ill_conditioned_ring,module,9,QuadraticWell,0.8739128011809983,,20.00000000004441,,,20.0,,,covered,1.0000000000022204
ill_conditioned_ring,module,10,QuadraticWell,0.7667289919698428,,0.2386537500312128,,,0.23865375003134995,,,covered,0.9999999999994253
ill_conditioned_ring,module,11,QuadraticWell,0.51400471359283,,9.154420687346205,,,9.15442068734601,,,covered,1.0000000000000213
ill_conditioned_ring,module,12,QuadraticWell,0.28138423919598904,,0.8778766110930749,,,0.8778766110934768,,,covered,0.9999999999995421
ill_conditioned_ring,module,13,QuadraticWell,0.13218357120778074,,0.0648788356864178,,,0.06487883568635296,,,covered,1.0000000000009994
ill_conditioned_ring,module,14,QuadraticWell,0.8589732210561531,,0.401822590476605,,,0.40182259047656643,,,covered,1.000000000000096
ill_conditioned_ring,module,15,QuadraticWell,0.051789449924122724,,0.18392265174604824,,,0.18392265174508207,,,covered,1.0000000000052531
ill_conditioned_ring,module,16,QuadraticWell,0.5359193214380344,,0.14174318157771762,,,0.14174318157790983,,,covered,0.999999999998644
ill_conditioned_ring,module,17,QuadraticWell,0.6719374249939595,,11.878563111554433,,,11.87856311156143,,,covered,0.9999999999994109
ill_conditioned_ring,module,18,QuadraticWell,0.9029767274333507,,7.055013079769656,,,7.055013079767405,,,covered,1.000000000000319
ill_conditioned_ring,module,19,QuadraticWell,0.49857198763380084,,1.917929361290757,,,1.9179293612908799,,,covered,0.9999999999999359
ill_conditioned_ring,module,20,QuadraticWell,0.9063768020243036,,5.43706819422761,,,5.4370681942211565,,,covered,1.000000000001187
ill_conditioned_ring,module,21,QuadraticWell,0.7786039189518412,,3.229227884341809,,,3.2292278843459683,,,covered,0.9999999999987119
ill_conditioned_ring,module,22,QuadraticWell,0.041810302162626344,,0.08418526640065403,,,0.08418526640033569,,,covered,1.0000000000037814
ill_conditioned_ring,module,23,QuadraticWell,0.45846790605240323,,4.190170906044594,,,4.190170906045426,,,covered,0.9999999999998014
ill_conditioned_ring,coupling,0,QuadraticCoupling,0.07187728756828524,0.9408639681642776,0.12000000000002775,0.11999999999983346,0.1199999999999306,0.12,0.12,0.12,covered,1.0000000000002314
ill_conditioned_ring,coupling,1,QuadraticCoupling,0.9408639681642776,0.44596471339802635,0.1799999999997502,0.18000000000013877,0.17999999999994448,0.18,0.18,0.18,covered,1.000000000000771
ill_conditioned_ring,coupling,2,QuadraticCoupling,0.44596471339802635,0.6013349478978399,0.24000000000006938,0.24000000000001387,0.24000000000004162,0.24,0.24,0.24,covered,1.000000000000289
ill_conditioned_ring,coupling,3,QuadraticCoupling,0.6013349478978399,0.6686688556257576,0.12000000000000693,0.12000000000000693,0.12000000000000693,0.12,0.12,0.12,covered,1.0000000000000577
ill_conditioned_ring,coupling,4,QuadraticCoupling,0.6686688556257576,0.9435513865026754,0.18000000000009714,0.18000000000009714,0.18000000000009714,0.18,0.18,0.18,covered,1.0000000000005398
ill_conditioned_ring,coupling,5,QuadraticCoupling,0.9435513865026754,0.34150440545912714,0.23999999999966692,0.23999999999972244,0.23999999999969468,0.24,0.24,0.24,covered,0.9999999999988435
ill_conditioned_ring,coupling,6,QuadraticCoupling,0.34150440545912714,0.842695040924842,0.12000000000020816,0.1200000000001804,0.12000000000019428,0.12,0.12,0.12,covered,1.0000000000017348
ill_conditioned_ring,coupling,7,QuadraticCoupling,0.842695040924842,0.09517398412355427,0.1799999999990563,0.1799999999983069,0.1799999999986816,0.18,0.18,0.18,covered,0.9999999999947573
ill_conditioned_ring,coupling,8,QuadraticCoupling,0.09517398412355427,0.8739128011809983,0.23999999999866772,0.23999999999966692,0.23999999999916732,0.24,0.24,0.24,covered,0.9999999999986122
ill_conditioned_ring,coupling,9,QuadraticCoupling,0.8739128011809983,0.7667289919698428,0.12000000000000693,0.12000000000000693,0.12000000000000693,0.12,0.12,0.12,covered,1.0000000000000577
ill_conditioned_ring,coupling,10,QuadraticCoupling,0.7667289919698428,0.51400471359283,0.18000000000009714,0.18000000000009714,0.18000000000009714,0.18,0.18,0.18,covered,1.0000000000005398
ill_conditioned_ring,coupling,11,QuadraticCoupling,0.51400471359283,0.28138423919598904,0.24000000000001387,0.24000000000006938,0.24000000000004162,0.24,0.24,0.24,covered,1.000000000000289
ill_conditioned_ring,coupling,12,QuadraticCoupling,0.28138423919598904,0.13218357120778074,0.12000000000003469,0.12000000000003469,0.12000000000003469,0.12,0.12,0.12,covered,1.000000000000289
ill_conditioned_ring,coupling,13,QuadraticCoupling,0.13218357120778074,0.8589732210561531,0.17999999999944488,0.18000000000044408,0.17999999999994448,0.18,0.18,0.18,covered,1.0000000000024671
ill_conditioned_ring,coupling,14,QuadraticCoupling,0.8589732210561531,0.051789449924122724,0.23999999999966692,0.23999999999988897,0.23999999999977795,0.24,0.24,0.24,covered,0.9999999999995374
ill_conditioned_ring,coupling,15,QuadraticCoupling,0.051789449924122724,0.5359193214380344,0.11999999999994448,0.11999999999983346,0.11999999999988897,0.12,0.12,0.12,covered,0.9999999999995374
ill_conditioned_ring,coupling,16,QuadraticCoupling,0.5359193214380344,0.6719374249939595,0.18000000000009714,0.18000000000009714,0.18000000000009714,0.18,0.18,0.18,covered,1.0000000000005398
ill_conditioned_ring,coupling,17,QuadraticCoupling,0.6719374249939595,0.9029767274333507,0.24000000000001387,0.24000000000001387,0.24000000000001387,0.24,0.24,0.24,covered,1.0000000000000577
ill_conditioned_ring,coupling,18,QuadraticCoupling,0.9029767274333507,0.49857198763380084,0.1200000000001804,0.12000000000020816,0.12000000000019428,0.12,0.12,0.12,covered,1.0000000000017348
ill_conditioned_ring,coupling,19,QuadraticCoupling,0.49857198763380084,0.9063768020243036,0.18000000000013877,0.1799999999997502,0.17999999999994448,0.18,0.18,0.18,covered,1.000000000000771
ill_conditioned_ring,coupling,20,QuadraticCoupling,0.9063768020243036,0.7786039189518412,0.24000000000001387,0.24000000000001387,0.24000000000001387,0.24,0.24,0.24,covered,1.0000000000000577
ill_conditioned_ring,coupling,21,QuadraticCoupling,0.7786039189518412,0.041810302162626344,0.11999999999983346,0.11999999999994448,0.11999999999988897,0.12,0.12,0.12,covered,0.9999999999995374
ill_conditioned_ring,coupling,22,QuadraticCoupling,0.041810302162626344,0.45846790605240323,0.18000000000026367,0.18000000000013877,0.18000000000020122,0.18,0.18,0.18,covered,1.0000000000014648
ill_conditioned_ring,coupling,23,QuadraticCoupling,0.45846790605240323,0.07187728756828524,0.15999999999993061,0.15999999999945877,0.1599999999996947,0.16,0.16,0.16,covered,0.9999999999995663
ill_conditioned_ring,module,0,QuadraticWell,0.0556649902864374,,0.5213956364517671,,,0.5213956364518769,,,covered,0.9999999999997894
ill_conditioned_ring,module,1,QuadraticWell,0.871872515413183,,1.4780855274306548,,,1.478085527430565,,,covered,1.0000000000000606
ill_conditioned_ring,module,2,QuadraticWell,0.45947877829939293,,0.1092368413201043,,,0.10923684131998462,,,covered,1.0000000000010956
ill_conditioned_ring,module,3,QuadraticWell,0.6735202905793697,,15.413346886087512,,,15.413346886099353,,,covered,0.9999999999992317
ill_conditioned_ring,module,4,QuadraticWell,0.6586074837777526,,0.30967154868429064,,,0.30967154868431807,,,covered,0.9999999999999114
ill_conditioned_ring,module,5,QuadraticWell,0.671012643860951,,2.48866047778429,,,2.4886604777844563,,,covered,0.999999999999933
ill_conditioned_ring,module,6,QuadraticWell,0.5661982209258355,,0.6765508364983944,,,0.676550836498855,,,covered,0.9999999999993193
ill_conditioned_ring,module,7,QuadraticWell,0.8996928712494924,,0.04999999999997398,,,0.05,,,covered,0.9999999999994796
ill_conditioned_ring,module,8,QuadraticWell,0.6248706912374338,,1.1391122480826847,,,1.1391122480805214,,,covered,1.0000000000018991
ill_conditioned_ring,module,9,QuadraticWell,0.03508563388135876,,19.999999999947264,,,20.0,,,covered,0.9999999999973632
ill_conditioned_ring,module,10,QuadraticWell,0.8219594454364075,,0.2386537500319067,,,0.23865375003134995,,,covered,1.0000000000023328
ill_conditioned_ring,module,11,QuadraticWell,0.8595613682485609,,9.154420687337879,,,9.15442068734601,,,covered,0.9999999999991118
ill_conditioned_ring,module,12,QuadraticWell,0.4078608681457454,,0.8778766110930749,,,0.8778766110934768,,,covered,0.9999999999995421
ill_conditioned_ring,module,13,QuadraticWell,0.8247099566678904,,0.06487883568634426,,,0.06487883568635296,,,covered,0.9999999999998659
ill_conditioned_ring,module,14,QuadraticWell,0.026412234366181515,,0.40182259047756824,,,0.40182259047656643,,,covered,1.0000000000024931
ill_conditioned_ring,module,15,QuadraticWell,0.6064113929214813,,0.18392265174520686,,,0.18392265174508207,,,covered,1.0000000000006786
ill_conditioned_ring,module,16,QuadraticWell,0.31876536364115265,,0.14174318157791743,,,0.14174318157790983,,,covered,1.0000000000000537
ill_conditioned_ring,module,17,QuadraticWell,0.2518567141907981,,11.878563111566208,,,11.87856311156143,,,covered,1.0000000000004023
ill_conditioned_ring,module,18,QuadraticWell,0.41469964559894545,,7.0550130797638,,,7.055013079767405,,,covered,0.999999999999489
ill_conditioned_ring,module,19,QuadraticWell,0.4315562553039299,,1.917929361290757,,,1.9179293612908799,,,covered,0.9999999999999359
ill_conditioned_ring,module,20,QuadraticWell,0.043721471319921046,,5.437068194223405,,,5.4370681942211565,,,covered,1.0000000000004137
ill_conditioned_ring,module,21,QuadraticWell,0.29886206699792767,,3.2292278843460878,,,3.2292278843459683,,,covered,1.000000000000037
ill_conditioned_ring,module,22,QuadraticWell,0.14660699584609801,,0.08418526640024866,,,0.08418526640033569,,,covered,0.9999999999989663
ill_conditioned_ring,module,23,QuadraticWell,0.7969687605354556,,4.190170906045649,,,4.190170906045426,,,covered,1.0000000000000533
ill_conditioned_ring,coupling,0,QuadraticCoupling,0.0556649902864374,0.871872515413183,0.11999999999994448,0.11999999999983346,0.11999999999988897,0.12,0.12,0.12,covered,0.9999999999995374
ill_conditioned_ring,coupling,1,QuadraticCoupling,0.871872515413183,0.45947877829939293,0.1799999999997502,0.18000000000013877,0.17999999999994448,0.18,0.18,0.18,covered,1.000000000000771
ill_conditioned_ring,coupling,2,QuadraticCoupling,0.45947877829939293,0.6735202905793697,0.23999999999972244,0.24000000000001387,0.23999999999986815,0.24,0.24,0.24,covered,1.0000000000000577
ill_conditioned_ring,coupling,3,QuadraticCoupling,0.6735202905793697,0.6586074837777526,0.1199999999999961,0.1199999999999961,0.1199999999999961,0.12,0.12,0.12,covered,0.9999999999999675
ill_conditioned_ring,coupling,4,QuadraticCoupling,0.6586074837777526,0.671012643860951,0.1800000000000104,0.1800000000000104,0.1800000000000104,0.18,0.18,0.18,covered,1.0000000000000577
ill_conditioned_ring,coupling,5,QuadraticCoupling,0.671012643860951,0.5661982209258355,0.24000000000001387,0.24000000000001387,0.24000000000001387,0.24,0.24,0.24,covered,1.0000000000000577
ill_conditioned_ring,coupling,6,QuadraticCoupling,0.5661982209258355,0.8996928712494924,0.11999999999983346,0.11999999999983346,0.11999999999983346,0.12,0.12,0.12,covered,0.9999999999986122
ill_conditioned_ring,coupling,7,QuadraticCoupling,0.8996928712494924,0.6248706912374338,0.18000000000009714,0.18000000000009714,0.18000000000009714,0.18,0.18,0.18,covered,1.0000000000005398
ill_conditioned_ring,coupling,8,QuadraticCoupling,0.6248706912374338,0.03508563388135876,0.23999999999966692,0.23999999999988897,0.23999999999977795,0.24,0.24,0.24,covered,0.9999999999995374
ill_conditioned_ring,coupling,9,QuadraticCoupling,0.03508563388135876,0.8219594454364075,0.1199999999992506,0.11999999999983346,0.11999999999954203,0.12,0.12,0.12,covered,0.9999999999986122
ill_conditioned_ring,coupling,10,QuadraticCoupling,0.8219594454364075,0.8595613682485609,0.1800000000000104,0.1800000000000104,0.1800000000000104,0.18,0.18,0.18,covered,1.0000000000000577
ill_conditioned_ring,coupling,11,QuadraticCoupling,0.8595613682485609,0.4078608681457454,0.2400000000003608,0.24000000000041632,0.24000000000038857,0.24,0.24,0.24,covered,1.0000000000017348
ill_conditioned_ring,coupling,12,QuadraticCoupling,0.4078608681457454,0.8247099566678904,0.12000000000020816,0.1200000000001804,0.12000000000019428,0.12,0.12,0.12,covered,1.0000000000017348
ill_conditioned_ring,coupling,13,QuadraticCoupling,0.8247099566678904,0.026412234366181515,0.1799999999990563,0.17999999999963223,0.17999999999934427,0.18,0.18,0.18,covered,0.9999999999979569
ill_conditioned_ring,coupling,14,QuadraticCoupling,0.026412234366181515,0.6064113929214813,0.23999999999997224,0.23999999999966692,0.23999999999981958,0.24,0.24,0.24,covered,0.9999999999998843
ill_conditioned_ring,coupling,15,QuadraticCoupling,0.6064113929214813,0.31876536364115265,0.1200000000001804,0.11999999999986122,0.12000000000002081,0.12,0.12,0.12,covered,1.0000000000015035
ill_conditioned_ring,coupling,16,QuadraticCoupling,0.31876536364115265,0.2518567141907981,0.1799999999999653,0.1799999999999653,0.1799999999999653,0.18,0.18,0.18,covered,0.9999999999998073
ill_conditioned_ring,coupling,17,QuadraticCoupling,0.2518567141907981,0.41469964559894545,0.24000000000006938,0.24000000000006938,0.24000000000006938,0.24,0.24,0.24,covered,1.000000000000289
ill_conditioned_ring,coupling,18,QuadraticCoupling,0.41469964559894545,0.4315562553039299,0.12000000000001301,0.12000000000001301,0.12000000000001301,0.12,0.12,0.12,covered,1.0000000000001086
ill_conditioned_ring,coupling,19,QuadraticCoupling,0.4315562553039299,0.043721471319921046,0.17999999999944488,0.17999999999956978,0.17999999999950733,0.18,0.18,0.18,covered,0.9999999999976099
ill_conditioned_ring,coupling,20,QuadraticCoupling,0.043721471319921046,0.29886206699792767,0.2400000000002359,0.24000000000006938,0.24000000000015265,0.24,0.24,0.24,covered,1.000000000000983
ill_conditioned_ring,coupling,21,QuadraticCoupling,0.29886206699792767,0.14660699584609801,0.12000000000003469,0.12000000000003469,0.12000000000003469,0.12,0.12,0.12,covered,1.000000000000289
ill_conditioned_ring,coupling,22,QuadraticCoupling,0.14660699584609801,0.7969687605354556,0.18000000000013877,0.1799999999997502,0.17999999999994448,0.18,0.18,0.18,covered,1.000000000000771
ill_conditioned_ring,coupling,23,QuadraticCoupling,0.7969687605354556,0.0556649902864374,0.15999999999977796,0.16000000000038858,0.16000000000008327,0.16,0.16,0.16,covered,1.0000000000024285
ill_conditioned_ring,module,0,QuadraticWell,0.9464924141593993,,0.5213956364515241,,,0.5213956364518769,,,covered,0.9999999999993233
ill_conditioned_ring,module,1,QuadraticWell,0.2542430906448463,,1.478085527421756,,,1.478085527430565,,,covered,0.9999999999940401
ill_conditioned_ring,module,2,QuadraticWell,0.3117559662736794,,0.10923684131998504,,,0.10923684131998462,,,covered,1.0000000000000038
ill_conditioned_ring,module,3,QuadraticWell,0.2621019408991808,,15.413346886099095,,,15.413346886099353,,,covered,0.9999999999999832
ill_conditioned_ring,module,4,QuadraticWell,0.716744264515655,,0.3096715486844641,,,0.30967154868431807,,,covered,1.0000000000004716
ill_conditioned_ring,module,5,QuadraticWell,0.7805626377158511,,2.48866047778429,,,2.4886604777844563,,,covered,0.999999999999933
ill_conditioned_ring,module,6,QuadraticWell,0.7693791750162804,,0.6765508364990883,,,0.676550836498855,,,covered,1.0000000000003448
ill_conditioned_ring,module,7,QuadraticWell,0.7206692892174204,,0.049999999999995666,,,0.05,,,covered,0.9999999999999133
ill_conditioned_ring,module,8,QuadraticWell,0.545718355286796,,1.1391122480799092,,,1.1391122480805214,,,covered,0.9999999999994625
ill_conditioned_ring,module,9,QuadraticWell,0.23724013163651894,,20.000000000022204,,,20.0,,,covered,1.0000000000011102
ill_conditioned_ring,module,10,QuadraticWell,0.8464273997139072,,0.2386537500312128,,,0.23865375003134995,,,covered,0.9999999999994253
ill_conditioned_ring,module,11,QuadraticWell,0.7872067738423033,,9.154420687337879,,,9.15442068734601,,,covered,0.9999999999991118
ill_conditioned_ring,module,12,QuadraticWell,0.6923158939938593,,0.8778766110930909,,,0.8778766110934768,,,covered,0.9999999999995604
ill_conditioned_ring,module,13,QuadraticWell,0.1450006823461054,,0.0648788356864178,,,0.06487883568635296,,,covered,1.0000000000009994
ill_conditioned_ring,module,14,QuadraticWell,0.8813015957034505,,0.401822590476605,,,0.40182259047656643,,,covered,1.000000000000096
ill_conditioned_ring,module,15,QuadraticWell,0.6725683281927924,,0.1839226517450334,,,0.18392265174508207,,,covered,0.9999999999997353
ill_conditioned_ring,module,16,QuadraticWell,0.8971424390403725,,0.14174318157806456,,,0.14174318157790983,,,covered,1.0000000000010916
ill_conditioned_ring,module,17,QuadraticWell,0.13866850589503435,,11.878563111610617,,,11.87856311156143,,,covered,1.000000000004141
ill_conditioned_ring,module,18,QuadraticWell,0.029777533728672693,,7.0550130797822455,,,7.055013079767405,,,covered,1.0000000000021037
ill_conditioned_ring,module,19,QuadraticWell,0.13411159106489035,,1.9179293612928388,,,1.9179293612908799,,,covered,1.0000000000010214
ill_conditioned_ring,module,20,QuadraticWell,0.6587155263468777,,5.437068194219283,,,5.4370681942211565,,,covered,0.9999999999996555
ill_conditioned_ring,module,21,QuadraticWell,0.1117608661815212,,3.229227884345018,,,3.2292278843459683,,,covered,0.9999999999997057
ill_conditioned_ring,module,22,QuadraticWell,0.0477452999822421,,0.08418526640030709,,,0.08418526640033569,,,covered,0.9999999999996603
ill_conditioned_ring,module,23,QuadraticWell,0.10603338919448564,,4.190170906050409,,,4.190170906045426,,,covered,1.000000000001189
ill_conditioned_ring,coupling,0,QuadraticCoupling,0.9464924141593993,0.2542430906448463,0.11999999999983346,0.12000000000055511,0.12000000000019428,0.12,0.12,0.12,covered,1.0000000000046259
ill_conditioned_ring,coupling,1,QuadraticCoupling,0.2542430906448463,0.3117559662736794,0.1799999999999653,0.1799999999999653,0.1799999999999653,0.18,0.18,0.18,covered,0.9999999999998073
ill_conditioned_ring,coupling,2,QuadraticCoupling,0.3117559662736794,0.2621019408991808,0.23999999999998264,0.23999999999998264,0.23999999999998264,0.24,0.24,0.24,covered,0.9999999999999277
ill_conditioned_ring,coupling,3,QuadraticCoupling,0.2621019408991808,0.716744264515655,0.11999999999986122,0.11999999999983346,0.11999999999984734,0.12,0.12,0.12,covered,0.9999999999988435
ill_conditioned_ring,coupling,4,QuadraticCoupling,0.716744264515655,0.7805626377158511,0.17999999999992367,0.17999999999992367,0.17999999999992367,0.18,0.18,0.18,covered,0.999999999999576
ill_conditioned_ring,coupling,5,QuadraticCoupling,0.7805626377158511,0.7693791750162804,0.2399999999999922,0.2399999999999922,0.2399999999999922,0.24,0.24,0.24,covered,0.9999999999999675
ill_conditioned_ring,coupling,6,QuadraticCoupling,0.7693791750162804,0.7206692892174204,0.12000000000000693,0.12000000000000693,0.12000000000000693,0.12,0.12,0.12,covered,1.0000000000000577
ill_conditioned_ring,coupling,7,QuadraticCoupling,0.7206692892174204,0.545718355286796,0.18000000000009714,0.18000000000009714,0.18000000000009714,0.18,0.18,0.18,covered,1.0000000000005398
ill_conditioned_ring,coupling,8,QuadraticCoupling,0.545718355286796,0.23724013163651894,0.2400000000003608,0.23999999999972244,0.24000000000004162,0.24,0.24,0.24,covered,1.0000000000015035
ill_conditioned_ring,coupling,9,QuadraticCoupling,0.23724013163651894,0.8464273997139072,0.11999999999986122,0.11999999999983346,0.11999999999984734,0.12,0.12,0.12,covered,0.9999999999988435
ill_conditioned_ring,coupling,10,QuadraticCoupling,0.8464273997139072,0.7872067738423033,0.1800000000000104,0.1800000000000104,0.1800000000000104,0.18,0.18,0.18,covered,1.0000000000000577
ill_conditioned_ring,coupling,11,QuadraticCoupling,0.7872067738423033,0.6923158939938593,0.24000000000001387,0.24000000000001387,0.24000000000001387,0.24,0.24,0.24,covered,1.0000000000000577
ill_conditioned_ring,coupling,12,QuadraticCoupling,0.6923158939938593,0.1450006823461054,0.12000000000052735,0.12000000000055511,0.12000000000054123,0.12,0.12,0.12,covered,1.0000000000046259
ill_conditioned_ring,coupling,13,QuadraticCoupling,0.1450006823461054,0.8813015957034505,0.17999999999944488,0.1799999999990563,0.1799999999992506,0.18,0.18,0.18,covered,0.999999999996916
ill_conditioned_ring,coupling,14,QuadraticCoupling,0.8813015957034505,0.6725683281927924,0.24000000000001387,0.24000000000001387,0.24000000000001387,0.24,0.24,0.24,covered,1.0000000000000577
ill_conditioned_ring,coupling,15,QuadraticCoupling,0.6725683281927924,0.8971424390403725,0.12000000000000693,0.12000000000000693,0.12000000000000693,0.12,0.12,0.12,covered,1.0000000000000577
ill_conditioned_ring,coupling,16,QuadraticCoupling,0.8971424390403725,0.13866850589503435,0.18000000000044408,0.17999999999944488,0.17999999999994448,0.18,0.18,0.18,covered,1.0000000000024671
ill_conditioned_ring,coupling,17,QuadraticCoupling,0.13866850589503435,0.029777533728672693,0.24000000000006938,0.2400000000001457,0.24000000000010754,0.24,0.24,0.24,covered,1.000000000000607
ill_conditioned_ring,coupling,18,QuadraticCoupling,0.029777533728672693,0.13411159106489035,0.12000000000007285,0.12000000000003469,0.12000000000005377,0.12,0.12,0.12,covered,1.000000000000607
ill_conditioned_ring,coupling,19,QuadraticCoupling,0.13411159106489035,0.6587155263468777,0.18000000000083266,0.1799999999997502,0.18000000000029143,0.18,0.18,0.18,covered,1.0000000000046259
ill_conditioned_ring,coupling,20,QuadraticCoupling,0.6587155263468777,0.1117608661815212,0.2400000000010547,0.2400000000000555,0.2400000000005551,0.24,0.24,0.24,covered,1.0000000000043947
ill_conditioned_ring,coupling,21,QuadraticCoupling,0.1117608661815212,0.0477452999822421,0.11999999999998438,0.11999999999990112,0.11999999999994275,0.12,0.12,0.12,covered,0.9999999999998699
ill_conditioned_ring,coupling,22,QuadraticCoupling,0.0477452999822421,0.10603338919448564,0.18000000000000346,0.1799999999999549,0.17999999999997918,0.18,0.18,0.18,covered,1.0000000000000193
ill_conditioned_ring,coupling,23,QuadraticCoupling,0.10603338919448564,0.9464924141593993,0.1600000000004996,0.15999999999977796,0.16000000000013878,0.16,0.16,0.16,covered,1.0000000000031224
ill_conditioned_ring,module,0,QuadraticWell,0.43954348081006733,,0.5213956364527931,,,0.5213956364518769,,,covered,1.000000000001757
ill_conditioned_ring,module,1,QuadraticWell,0.7608924944675759,,1.4780855274306548,,,1.478085527430565,,,covered,1.0000000000000606
ill_conditioned_ring,module,2,QuadraticWell,0.6645930767379991,,0.10923684131984333,,,0.10923684131998462,,,covered,0.9999999999987066
ill_conditioned_ring,module,3,QuadraticWell,0.2902609011084204,,15.41334688610187,,,15.413346886099353,,,covered,1.0000000000001632
ill_conditioned_ring,module,4,QuadraticWell,0.6737103729760916,,0.30967154868429064,,,0.30967154868431807,,,covered,0.9999999999999114
ill_conditioned_ring,module,5,QuadraticWell,0.2372476213714052,,2.4886604777815773,,,2.4886604777844563,,,covered,0.9999999999988431
ill_conditioned_ring,module,6,QuadraticWell,0.6421141485614638,,0.6765508364983944,,,0.676550836498855,,,covered,0.9999999999993193
ill_conditioned_ring,module,7,QuadraticWell,0.05256847628556009,,0.0500000000000347,,,0.05,,,covered,1.000000000000694
ill_conditioned_ring,module,8,QuadraticWell,0.5830813729180052,,1.1391122480799092,,,1.1391122480805214,,,covered,0.9999999999994625
ill_conditioned_ring,module,9,QuadraticWell,0.8008742289727091,,20.0,,,20.0,,,covered,1.0
ill_conditioned_ring,module,10,QuadraticWell,0.5947353281860513,,0.23865375003138628,,,0.23865375003134995,,,covered,1.0000000000001523
ill_conditioned_ring,module,11,QuadraticWell,0.1437172348685244,,9.154420687353674,,,9.15442068734601,,,covered,1.0000000000008373
ill_conditioned_ring,module,12,QuadraticWell,0.6159352879129772,,0.8778766110937848,,,0.8778766110934768,,,covered,1.0000000000003508
ill_conditioned_ring,module,13,QuadraticWell,0.4079801478411876,,0.0648788356864178,,,0.06487883568635296,,,covered,1.0000000000009994
ill_conditioned_ring,module,14,QuadraticWell,0.8723954352192855,,0.401822590476605,,,0.40182259047656643,,,covered,1.000000000000096
ill_conditioned_ring,module,15,QuadraticWell,0.8970060785818286,,0.1839226517450334,,,0.18392265174508207,,,covered,0.9999999999997353
ill_conditioned_ring,module,16,QuadraticWell,0.7035857761608109,,0.14174318157806456,,,0.14174318157790983,,,covered,1.0000000000010916
ill_conditioned_ring,module,17,QuadraticWell,0.6655089984318701,,11.878563111565535,,,11.87856311156143,,,covered,1.0000000000003455
ill_conditioned_ring,module,18,QuadraticWell,0.09828635188143978,,7.055013079784693,,,7.055013079767405,,,covered,1.0000000000024505
ill_conditioned_ring,module,19,QuadraticWell,0.23077014996495776,,1.9179293612900632,,,1.9179293612908799,,,covered,0.9999999999995742
ill_conditioned_ring,module,20,QuadraticWell,0.41585663470768247,,5.437068194219632,,,5.4370681942211565,,,covered,0.9999999999997197
ill_conditioned_ring,module,21,QuadraticWell,0.37842978955143136,,3.2292278843460878,,,3.2292278843459683,,,covered,1.000000000000037
ill_conditioned_ring,module,22,QuadraticWell,0.7462619313239715,,0.0841852664003311,,,0.08418526640033569,,,covered,0.9999999999999455
ill_conditioned_ring,module,23,QuadraticWell,0.43490448071216115,,4.190170906044594,,,4.190170906045426,,,covered,0.9999999999998014
ill_conditioned_ring,coupling,0,QuadraticCoupling,0.43954348081006733,0.7608924944675759,0.12000000000020816,0.1200000000001804,0.12000000000019428,0.12,0.12,0.12,covered,1.0000000000017348
ill_conditioned_ring,coupling,1,QuadraticCoupling,0.7608924944675759,0.6645930767379991,0.18000000000009714,0.18000000000009714,0.18000000000009714,0.18,0.18,0.18,covered,1.0000000000005398
ill_conditioned_ring,coupling,2,QuadraticCoupling,0.6645930767379991,0.2902609011084204,0.2400000000003608,0.24000000000041632,0.24000000000038857,0.24,0.24,0.24,covered,1.0000000000017348
ill_conditioned_ring,coupling,3,QuadraticCoupling,0.2902609011084204,0.6737103729760916,0.12000000000020816,0.1200000000001804,0.12000000000019428,0.12,0.12,0.12,covered,1.0000000000017348
ill_conditioned_ring,coupling,4,QuadraticCoupling,0.6737103729760916,0.2372476213714052,0.1799999999997502,0.18000000000013877,0.17999999999994448,0.18,0.18,0.18,covered,1.000000000000771
ill_conditioned_ring,coupling,5,QuadraticCoupling,0.2372476213714052,0.6421141485614638,0.23999999999972244,0.23999999999966692,0.23999999999969468,0.24,0.24,0.24,covered,0.9999999999988435
ill_conditioned_ring,coupling,6,QuadraticCoupling,0.6421141485614638,0.05256847628556009,0.11999999999983346,0.11999999999994448,0.11999999999988897,0.12,0.12,0.12,covered,0.9999999999995374
ill_conditioned_ring,coupling,7,QuadraticCoupling,0.05256847628556009,0.5830813729180052,0.18000000000026367,0.1799999999997502,0.18000000000000693,0.18,0.18,0.18,covered,1.0000000000014648
ill_conditioned_ring,coupling,8,QuadraticCoupling,0.5830813729180052,0.8008742289727091,0.24000000000001387,0.24000000000001387,0.24000000000001387,0.24,0.24,0.24,covered,1.0000000000000577
ill_conditioned_ring,coupling,9,QuadraticCoupling,0.8008742289727091,0.5947353281860513,0.12000000000000693,0.12000000000000693,0.12000000000000693,0.12,0.12,0.12,covered,1.0000000000000577
ill_conditioned_ring,coupling,10,QuadraticCoupling,0.5947353281860513,0.1437172348685244,0.18000000000044408,0.18000000000013877,0.18000000000029143,0.18,0.18,0.18,covered,1.0000000000024671
ill_conditioned_ring,coupling,11,QuadraticCoupling,0.1437172348685244,0.6159352879129772,0.24000000000041632,0.2400000000003608,0.24000000000038857,0.24,0.24,0.24,covered,1.0000000000017348
ill_conditioned_ring,coupling,12,QuadraticCoupling,0.6159352879129772,0.4079801478411876,0.12000000000000693,0.12000000000003469,0.12000000000002081,0.12,0.12,0.12,covered,1.000000000000289
ill_conditioned_ring,coupling,13,QuadraticCoupling,0.4079801478411876,0.8723954352192855,0.18000000000013877,0.1799999999997502,0.17999999999994448,0.18,0.18,0.18,covered,1.000000000000771
ill_conditioned_ring,coupling,14,QuadraticCoupling,0.8723954352192855,0.8970060785818286,0.23999999999997051,0.23999999999997051,0.23999999999997051,0.24,0.24,0.24,covered,0.9999999999998772
ill_conditioned_ring,coupling,15,QuadraticCoupling,0.8970060785818286,0.7035857761608109,0.12000000000000693,0.12000000000000693,0.12000000000000693,0.12,0.12,0.12,covered,1.0000000000000577
ill_conditioned_ring,coupling,16,QuadraticCoupling,0.7035857761608109,0.6655089984318701,0.1800000000000104,0.1800000000000104,0.1800000000000104,0.18,0.18,0.18,covered,1.0000000000000577
ill_conditioned_ring,coupling,17,QuadraticCoupling,0.6655089984318701,0.09828635188143978,0.23999999999966692,0.2400000000000555,0.2399999999998612,0.24,0.24,0.24,covered,1.0000000000002314
ill_conditioned_ring,coupling,18,QuadraticCoupling,0.09828635188143978,0.23077014996495776,0.11999999999985428,0.12000000000003469,0.11999999999994448,0.12,0.12,0.12,covered,1.000000000000289
ill_conditioned_ring,coupling,19,QuadraticCoupling,0.23077014996495776,0.41585663470768247,0.18000000000013877,0.18000000000013877,0.18000000000013877,0.18,0.18,0.18,covered,1.000000000000771
ill_conditioned_ring,coupling,20,QuadraticCoupling,0.41585663470768247,0.37842978955143136,0.23999999999998264,0.23999999999998264,0.23999999999998264,0.24,0.24,0.24,covered,0.9999999999999277
ill_conditioned_ring,coupling,21,QuadraticCoupling,0.37842978955143136,0.7462619313239715,0.11999999999986122,0.1200000000001804,0.12000000000002081,0.12,0.12,0.12,covered,1.0000000000015035
ill_conditioned_ring,coupling,22,QuadraticCoupling,0.7462619313239715,0.43490448071216115,0.18000000000009714,0.17999999999979183,0.17999999999994448,0.18,0.18,0.18,covered,1.0000000000005398
ill_conditioned_ring,coupling,23,QuadraticCoupling,0.43490448071216115,0.43954348081006733,0.16000000000000109,0.16000000000000109,0.16000000000000109,0.16,0.16,0.16,covered,1.0000000000000067
ill_conditioned_ring,module,0,QuadraticWell,0.3371769140794972,,0.5213956364514053,,,0.5213956364518769,,,covered,0.9999999999990955
ill_conditioned_ring,module,1,QuadraticWell,0.138285904179604,,1.478085527427307,,,1.478085527430565,,,covered,0.9999999999977958
ill_conditioned_ring,module,2,QuadraticWell,0.6722261843538067,,0.10923684131984333,,,0.10923684131998462,,,covered,0.9999999999987066
ill_conditioned_ring,module,3,QuadraticWell,0.9143093920292797,,15.413346886087512,,,15.413346886099353,,,covered,0.9999999999992317
ill_conditioned_ring,module,4,QuadraticWell,0.49074381170121895,,0.3096715486844798,,,0.30967154868431807,,,covered,1.0000000000005222
ill_conditioned_ring,module,5,QuadraticWell,0.7045905611926817,,2.48866047778429,,,2.4886604777844563,,,covered,0.999999999999933
ill_conditioned_ring,module,6,QuadraticWell,0.3554611932661766,,0.67655083650019,,,0.676550836498855,,,covered,1.0000000000019733
ill_conditioned_ring,module,7,QuadraticWell,0.7130563171111641,,0.05000000000001735,,,0.05,,,covered,1.0000000000003468
ill_conditioned_ring,module,8,QuadraticWell,0.8633750647203127,,1.1391122480771336,,,1.1391122480805214,,,covered,0.9999999999970259
ill_conditioned_ring,module,9,QuadraticWell,0.468113138734656,,19.999999999977796,,,20.0,,,covered,0.9999999999988898
ill_conditioned_ring,module,10,QuadraticWell,0.5508370565208206,,0.23865375003138628,,,0.23865375003134995,,,covered,1.0000000000001523
ill_conditioned_ring,module,11,QuadraticWell,0.4167242162629566,,9.154420687348123,,,9.15442068734601,,,covered,1.000000000000231
ill_conditioned_ring,module,12,QuadraticWell,0.9536952579771699,,0.8778766110937848,,,0.8778766110934768,,,covered,1.0000000000003508
ill_conditioned_ring,module,13,QuadraticWell,0.9347637930966648,,0.06487883568634426,,,0.06487883568635296,,,covered,0.9999999999998659
ill_conditioned_ring,module,14,QuadraticWell,0.9260845193296313,,0.401822590476605,,,0.40182259047656643,,,covered,1.000000000000096
ill_conditioned_ring,module,15,QuadraticWell,0.05669344079613353,,0.18392265174604824,,,0.18392265174508207,,,covered,1.0000000000052531
ill_conditioned_ring,module,16,QuadraticWell,0.27835115743017436,,0.14174318157790658,,,0.14174318157790983,,,covered,0.9999999999999771
ill_conditioned_ring,module,17,QuadraticWell,0.6286233957276677,,11.878563111565535,,,11.87856311156143,,,covered,1.0000000000003455
ill_conditioned_ring,module,18,QuadraticWell,0.12997892845789397,,7.055013079774902,,,7.055013079767405,,,covered,1.0000000000010627
ill_conditioned_ring,module,19,QuadraticWell,0.11233724764349472,,1.9179293612899493,,,1.9179293612908799,,,covered,0.9999999999995148
ill_conditioned_ring,module,20,QuadraticWell,0.4085476273737356,,5.437068194219632,,,5.4370681942211565,,,covered,0.9999999999997197
ill_conditioned_ring,module,21,QuadraticWell,0.230605651213581,,3.2292278843460878,,,3.2292278843459683,,,covered,1.000000000000037
ill_conditioned_ring,module,22,QuadraticWell,0.658885526372327,,0.0841852664002823,,,0.08418526640033569,,,covered,0.9999999999993658
ill_conditioned_ring,module,23,QuadraticWell,0.6865066015062735,,4.190170906045649,,,4.190170906045426,,,covered,1.0000000000000533
ill_conditioned_ring,coupling,0,QuadraticCoupling,0.3371769140794972,0.138285904179604,0.12000000000003469,0.12000000000003469,0.12000000000003469,0.12,0.12,0.12,covered,1.000000000000289
ill_conditioned_ring,coupling,1,QuadraticCoupling,0.138285904179604,0.6722261843538067,0.17999999999944488,0.1799999999997502,0.17999999999959754,0.18,0.18,0.18,covered,0.9999999999986122
ill_conditioned_ring,coupling,2,QuadraticCoupling,0.6722261843538067,0.9143093920292797,0.24000000000001387,0.24000000000001387,0.24000000000001387,0.24,0.24,0.24,covered,1.0000000000000577
ill_conditioned_ring,coupling,3,QuadraticCoupling,0.9143093920292797,0.49074381170121895,0.11999999999983346,0.11999999999986122,0.11999999999984734,0.12,0.12,0.12,covered,0.9999999999988435
ill_conditioned_ring,coupling,4,QuadraticCoupling,0.49074381170121895,0.7045905611926817,0.17999999999979183,0.18000000000009714,0.17999999999994448,0.18,0.18,0.18,covered,1.0000000000005398
ill_conditioned_ring,coupling,5,QuadraticCoupling,0.7045905611926817,0.3554611932661766,0.23999999999966692,0.23999999999972244,0.23999999999969468,0.24,0.24,0.24,covered,0.9999999999988435
ill_conditioned_ring,coupling,6,QuadraticCoupling,0.3554611932661766,0.7130563171111641,0.11999999999986122,0.11999999999983346,0.11999999999984734,0.12,0.12,0.12,covered,0.9999999999988435
ill_conditioned_ring,coupling,7,QuadraticCoupling,0.7130563171111641,0.8633750647203127,0.17999999999992367,0.17999999999992367,0.17999999999992367,0.18,0.18,0.18,covered,0.999999999999576
ill_conditioned_ring,coupling,8,QuadraticCoupling,0.8633750647203127,0.468113138734656,0.23999999999966692,0.23999999999972244,0.23999999999969468,0.24,0.24,0.24,covered,0.9999999999988435
ill_conditioned_ring,coupling,9,QuadraticCoupling,0.468113138734656,0.5508370565208206,0.12000000000003469,0.12000000000000693,0.12000000000002081,0.12,0.12,0.12,covered,1.000000000000289
ill_conditioned_ring,coupling,10,QuadraticCoupling,0.5508370565208206,0.4167242162629566,0.17999999999992367,0.1799999999999653,0.17999999999994448,0.18,0.18,0.18,covered,0.9999999999998073
ill_conditioned_ring,coupling,11,QuadraticCoupling,0.4167242162629566,0.9536952579771699,0.24000000000111021,0.2400000000010547,0.24000000000108246,0.24,0.24,0.24,covered,1.0000000000046259
ill_conditioned_ring,coupling,12,QuadraticCoupling,0.9536952579771699,0.9347637930966648,0.12000000000000693,0.12000000000000693,0.12000000000000693,0.12,0.12,0.12,covered,1.0000000000000577
ill_conditioned_ring,coupling,13,QuadraticCoupling,0.9347637930966648,0.9260845193296313,0.17999999999999958,0.17999999999999958,0.17999999999999958,0.18,0.18,0.18,covered,0.9999999999999977
ill_conditioned_ring,coupling,14,QuadraticCoupling,0.9260845193296313,0.05669344079613353,0.23999999999966692,0.23999999999988897,0.23999999999977795,0.24,0.24,0.24,covered,0.9999999999995374
ill_conditioned_ring,coupling,15,QuadraticCoupling,0.05669344079613353,0.27835115743017436,0.12000000000011796,0.12000000000003469,0.12000000000007632,0.12,0.12,0.12,covered,1.000000000000983
ill_conditioned_ring,coupling,16,QuadraticCoupling,0.27835115743017436,0.6286233957276677,0.18000000000013877,0.18000000000044408,0.18000000000029143,0.18,0.18,0.18,covered,1.0000000000024671
ill_conditioned_ring,coupling,17,QuadraticCoupling,0.6286233957276677,0.12997892845789397,0.2400000000003608,0.23999999999972244,0.24000000000004162,0.24,0.24,0.24,covered,1.0000000000015035
ill_conditioned_ring,coupling,18,QuadraticCoupling,0.12997892845789397,0.11233724764349472,0.12000000000001301,0.12000000000000607,0.12000000000000954,0.12,0.12,0.12,covered,1.0000000000001086
ill_conditioned_ring,coupling,19,QuadraticCoupling,0.11233724764349472,0.4085476273737356,0.17999999999969468,0.18000000000013877,0.17999999999991673,0.18,0.18,0.18,covered,1.000000000000771
ill_conditioned_ring,coupling,20,QuadraticCoupling,0.4085476273737356,0.230605651213581,0.24000000000006938,0.24000000000006938,0.24000000000006938,0.24,0.24,0.24,covered,1.000000000000289
ill_conditioned_ring,coupling,21,QuadraticCoupling,0.230605651213581,0.658885526372327,0.11999999999986122,0.11999999999983346,0.11999999999984734,0.12,0.12,0.12,covered,0.9999999999988435
ill_conditioned_ring,coupling,22,QuadraticCoupling,0.658885526372327,0.6865066015062735,0.1800000000000104,0.1800000000000104,0.1800000000000104,0.18,0.18,0.18,covered,1.0000000000000577
ill_conditioned_ring,coupling,23,QuadraticCoupling,0.6865066015062735,0.3371769140794972,0.1600000000001249,0.15999999999993061,0.16000000000002776,0.16,0.16,0.16,covered,1.0000000000007807
ill_conditioned_ring,module,0,QuadraticWell,0.4282925002483161,,0.5213956364514053,,,0.5213956364518769,,,covered,0.9999999999990955
ill_conditioned_ring,module,1,QuadraticWell,0.10812464156596192,,1.4780855274404605,,,1.478085527430565,,,covered,1.0000000000066946
ill_conditioned_ring,module,2,QuadraticWell,0.025850453452068545,,0.10923684132004453,,,0.10923684131998462,,,covered,1.0000000000005485
ill_conditioned_ring,module,3,QuadraticWell,0.09885696251079469,,15.413346886112159,,,15.413346886099353,,,covered,1.000000000000831
ill_conditioned_ring,module,4,QuadraticWell,0.2971849949721945,,0.3096715486841329,,,0.30967154868431807,,,covered,0.999999999999402
ill_conditioned_ring,module,5,QuadraticWell,0.5003364567905487,,2.48866047778429,,,2.4886604777844563,,,covered,0.999999999999933
ill_conditioned_ring,module,6,QuadraticWell,0.2451241400188984,,0.67655083650019,,,0.676550836498855,,,covered,1.0000000000019733
ill_conditioned_ring,module,7,QuadraticWell,0.8446773727002093,,0.04999999999997398,,,0.05,,,covered,0.9999999999994796
ill_conditioned_ring,module,8,QuadraticWell,0.6197066738412887,,1.1391122480771336,,,1.1391122480805214,,,covered,0.9999999999970259
ill_conditioned_ring,module,9,QuadraticWell,0.2558147005373673,,20.000000000022204,,,20.0,,,covered,1.0000000000011102
ill_conditioned_ring,module,10,QuadraticWell,0.6933015253380561,,0.2386537500312128,,,0.23865375003134995,,,covered,0.9999999999994253
ill_conditioned_ring,module,11,QuadraticWell,0.12903983112701373,,9.154420687353674,,,9.15442068734601,,,covered,1.0000000000008373
ill_conditioned_ring,module,12,QuadraticWell,0.6785005881871585,,0.8778766110937848,,,0.8778766110934768,,,covered,1.0000000000003508
ill_conditioned_ring,module,13,QuadraticWell,0.5409459687614175,,0.06487883568634426,,,0.06487883568635296,,,covered,0.9999999999998659
ill_conditioned_ring,module,14,QuadraticWell,0.31266588572101944,,0.40182259047645613,,,0.40182259047656643,,,covered,0.9999999999997256
ill_conditioned_ring,module,15,QuadraticWell,0.8613093328982144,,0.18392265174512012,,,0.18392265174508207,,,covered,1.000000000000207
ill_conditioned_ring,module,16,QuadraticWell,0.8829328962945475,,0.14174318157806456,,,0.14174318157790983,,,covered,1.0000000000010916
ill_conditioned_ring,module,17,QuadraticWell,0.6450013292858074,,11.878563111565535,,,11.87856311156143,,,covered,1.0000000000003455
ill_conditioned_ring,module,18,QuadraticWell,0.5525088082635303,,7.055013079769656,,,7.055013079767405,,,covered,1.000000000000319
ill_conditioned_ring,module,19,QuadraticWell,0.5142813755403665,,1.9179293612909953,,,1.9179293612908799,,,covered,1.0000000000000602
ill_conditioned_ring,module,20,QuadraticWell,0.63797138062097,,5.437068194222059,,,5.4370681942211565,,,covered,1.0000000000001659
ill_conditioned_ring,module,21,QuadraticWell,0.048931568730982845,,3.229227884342777,,,3.2292278843459683,,,covered,0.9999999999990118
ill_conditioned_ring,module,22,QuadraticWell,0.8567709442991643,,0.0841852664002823,,,0.08418526640033569,,,covered,0.9999999999993658
ill_conditioned_ring,module,23,QuadraticWell,0.5891879044956664,,4.190170906045649,,,4.190170906045426,,,covered,1.0000000000000533
ill_conditioned_ring,coupling,0,QuadraticCoupling,0.4282925002483161,0.10812464156596192,0.11999999999986122,0.1199999999996808,0.11999999999977101,0.12,0.12,0.12,covered,0.9999999999988435
ill_conditioned_ring,coupling,1,QuadraticCoupling,0.10812464156596192,0.025850453452068545,0.1799999999999549,0.17999999999989244,0.17999999999992367,0.18,0.18,0.18,covered,0.9999999999997494
ill_conditioned_ring,coupling,2,QuadraticCoupling,0.025850453452068545,0.09885696251079469,0.23999999999997224,0.2400000000000555,0.24000000000001387,0.24,0.24,0.24,covered,1.0000000000002314
ill_conditioned_ring,coupling,3,QuadraticCoupling,0.09885696251079469,0.2971849949721945,0.12000000000002775,0.12000000000003469,0.12000000000003122,0.12,0.12,0.12,covered,1.000000000000289
ill_conditioned_ring,coupling,4,QuadraticCoupling,0.2971849949721945,0.5003364567905487,0.18000000000013877,0.1799999999997502,0.17999999999994448,0.18,0.18,0.18,covered,1.000000000000771
ill_conditioned_ring,coupling,5,QuadraticCoupling,0.5003364567905487,0.2451241400188984,0.24000000000001387,0.24000000000006938,0.24000000000004162,0.24,0.24,0.24,covered,1.000000000000289
ill_conditioned_ring,coupling,6,QuadraticCoupling,0.2451241400188984,0.8446773727002093,0.12000000000055511,0.12000000000052735,0.12000000000054123,0.12,0.12,0.12,covered,1.0000000000046259
ill_conditioned_ring,coupling,7,QuadraticCoupling,0.8446773727002093,0.6197066738412887,0.18000000000009714,0.18000000000009714,0.18000000000009714,0.18,0.18,0.18,covered,1.0000000000005398
ill_conditioned_ring,coupling,8,QuadraticCoupling,0.6197066738412887,0.2558147005373673,0.23999999999966692,0.23999999999972244,0.23999999999969468,0.24,0.24,0.24,covered,0.9999999999988435
ill_conditioned_ring,coupling,9,QuadraticCoupling,0.2558147005373673,0.6933015253380561,0.12000000000020816,0.1200000000001804,0.12000000000019428,0.12,0.12,0.12,covered,1.0000000000017348
ill_conditioned_ring,coupling,10,QuadraticCoupling,0.6933015253380561,0.12903983112701373,0.1799999999997502,0.17999999999944488,0.17999999999959754,0.18,0.18,0.18,covered,0.9999999999986122
ill_conditioned_ring,coupling,11,QuadraticCoupling,0.12903983112701373,0.6785005881871585,0.24000000000111021,0.2400000000010547,0.24000000000108246,0.24,0.24,0.24,covered,1.0000000000046259
ill_conditioned_ring,coupling,12,QuadraticCoupling,0.6785005881871585,0.5409459687614175,0.12000000000000693,0.12000000000000693,0.12000000000000693,0.12,0.12,0.12,covered,1.0000000000000577
ill_conditioned_ring,coupling,13,QuadraticCoupling,0.5409459687614175,0.31266588572101944,0.1799999999997502,0.18000000000013877,0.17999999999994448,0.18,0.18,0.18,covered,1.000000000000771
ill_conditioned_ring,coupling,14,QuadraticCoupling,0.31266588572101944,0.8613093328982144,0.24000000000111021,0.2400000000010547,0.24000000000108246,0.24,0.24,0.24,covered,1.0000000000046259
ill_conditioned_ring,coupling,15,QuadraticCoupling,0.8613093328982144,0.8829328962945475,0.12000000000000693,0.12000000000000693,0.12000000000000693,0.12,0.12,0.12,covered,1.0000000000000577
ill_conditioned_ring,coupling,16,QuadraticCoupling,0.8829328962945475,0.6450013292858074,0.18000000000009714,0.18000000000009714,0.18000000000009714,0.18,0.18,0.18,covered,1.0000000000005398
ill_conditioned_ring,coupling,17,QuadraticCoupling,0.6450013292858074,0.5525088082635303,0.24000000000001387,0.24000000000001387,0.24000000000001387,0.24,0.24,0.24,covered,1.0000000000000577
ill_conditioned_ring,coupling,18,QuadraticCoupling,0.5525088082635303,0.5142813755403665,0.12000000000000693,0.12000000000000693,0.12000000000000693,0.12,0.12,0.12,covered,1.0000000000000577
ill_conditioned_ring,coupling,19,QuadraticCoupling,0.5142813755403665,0.63797138062097,0.17999999999992367,0.17999999999992367,0.17999999999992367,0.18,0.18,0.18,covered,0.999999999999576
ill_conditioned_ring,coupling,20,QuadraticCoupling,0.63797138062097,0.048931568730982845,0.23999999999966692,0.23999999999988897,0.23999999999977795,0.24,0.24,0.24,covered,0.9999999999995374
ill_conditioned_ring,coupling,21,QuadraticCoupling,0.048931568730982845,0.8567709442991643,0.11999999999994448,0.11999999999983346,0.11999999999988897,0.12,0.12,0.12,covered,0.9999999999995374
ill_conditioned_ring,coupling,22,QuadraticCoupling,0.8567709442991643,0.5891879044956664,0.18000000000009714,0.18000000000009714,0.18000000000009714,0.18,0.18,0.18,covered,1.0000000000005398
ill_conditioned_ring,coupling,23,QuadraticCoupling,0.5891879044956664,0.4282925002483161,0.15999999999995143,0.15999999999993061,0.15999999999994102,0.16,0.16,0.16,covered,0.9999999999996965
ill_conditioned_ring,module,0,QuadraticWell,0.667511364031106,,0.521395636452218,,,0.5213956364518769,,,covered,1.0000000000006541
ill_conditioned_ring,module,1,QuadraticWell,0.9276991409027596,,1.4780855274313487,,,1.478085527430565,,,covered,1.0000000000005302
ill_conditioned_ring,module,2,QuadraticWell,0.08201682093331544,,0.10923684131973549,,,0.10923684131998462,,,covered,0.9999999999977193
ill_conditioned_ring,module,3,QuadraticWell,0.9404379305531853,,15.41334688617633,,,15.413346886099353,,,covered,1.0000000000049942
ill_conditioned_ring,module,4,QuadraticWell,0.048640028913845446,,0.30967154868296,,,0.30967154868431807,,,covered,0.9999999999956144
ill_conditioned_ring,module,5,QuadraticWell,0.4156716173408042,,2.488660477784353,,,2.4886604777844563,,,covered,0.9999999999999585
ill_conditioned_ring,module,6,QuadraticWell,0.05080968798949513,,0.6765508364978838,,,0.676550836498855,,,covered,0.9999999999985646
ill_conditioned_ring,module,7,QuadraticWell,0.778698155529501,,0.050000000000001085,,,0.05,,,covered,1.0000000000000215
ill_conditioned_ring,module,8,QuadraticWell,0.826369157624073,,1.1391122480826847,,,1.1391122480805214,,,covered,1.0000000000018991
ill_conditioned_ring,module,9,QuadraticWell,0.5317680721304825,,20.0,,,20.0,,,covered,1.0
ill_conditioned_ring,module,10,QuadraticWell,0.4112870156016001,,0.23865375003136252,,,0.23865375003134995,,,covered,1.0000000000000526
ill_conditioned_ring,module,11,QuadraticWell,0.13908552821038966,,9.154420687353674,,,9.15442068734601,,,covered,1.0000000000008373
ill_conditioned_ring,module,12,QuadraticWell,0.7717429768695381,,0.8778766110934378,,,0.8778766110934768,,,covered,0.9999999999999556
ill_conditioned_ring,module,13,QuadraticWell,0.20141119105013788,,0.0648788356864178,,,0.06487883568635296,,,covered,1.0000000000009994
ill_conditioned_ring,module,14,QuadraticWell,0.1858017249387462,,0.40182259047715,,,0.40182259047656643,,,covered,1.0000000000014524
ill_conditioned_ring,module,15,QuadraticWell,0.20891715044211107,,0.18392265174522673,,,0.18392265174508207,,,covered,1.0000000000007865
ill_conditioned_ring,module,16,QuadraticWell,0.10952614036870177,,0.14174318157799487,,,0.14174318157790983,,,covered,1.0000000000006
ill_conditioned_ring,module,17,QuadraticWell,0.0867999409313019,,11.878563111627102,,,11.87856311156143,,,covered,1.0000000000055287
ill_conditioned_ring,module,18,QuadraticWell,0.5767909057363195,,7.055013079766881,,,7.055013079767405,,,covered,0.9999999999999257
ill_conditioned_ring,module,19,QuadraticWell,0.3657496505578385,,1.9179293612900632,,,1.9179293612908799,,,covered,0.9999999999995742
ill_conditioned_ring,module,20,QuadraticWell,0.7363410058486765,,5.437068194222059,,,5.4370681942211565,,,covered,1.0000000000001659
ill_conditioned_ring,module,21,QuadraticWell,0.9597873652625857,,3.229227884352911,,,3.2292278843459683,,,covered,1.00000000000215
ill_conditioned_ring,module,22,QuadraticWell,0.35169695286203645,,0.08418526640059561,,,0.08418526640033569,,,covered,1.0000000000030875
ill_conditioned_ring,module,23,QuadraticWell,0.35223629335090223,,4.190170906044594,,,4.190170906045426,,,covered,0.9999999999998014
ill_conditioned_ring,coupling,0,QuadraticCoupling,0.667511364031106,0.9276991409027596,0.12000000000000693,0.12000000000000693,0.12000000000000693,0.12,0.12,0.12,covered,1.0000000000000577
ill_conditioned_ring,coupling,1,QuadraticCoupling,0.9276991409027596,0.08201682093331544,0.18000000000044408,0.18000000000108246,0.18000000000076327,0.18,0.18,0.18,covered,1.0000000000060136
ill_conditioned_ring,coupling,2,QuadraticCoupling,0.08201682093331544,0.9404379305531853,0.2400000000000555,0.23999999999966692,0.2399999999998612,0.24,0.24,0.24,covered,1.0000000000002314
ill_conditioned_ring,coupling,3,QuadraticCoupling,0.9404379305531853,0.048640028913845446,0.11999999999983346,0.1199999999992506,0.11999999999954203,0.12,0.12,0.12,covered,0.9999999999986122
ill_conditioned_ring,coupling,4,QuadraticCoupling,0.048640028913845446,0.4156716173408042,0.18000000000026367,0.18000000000013877,0.18000000000020122,0.18,0.18,0.18,covered,1.0000000000014648
ill_conditioned_ring,coupling,5,QuadraticCoupling,0.4156716173408042,0.05080968798949513,0.23999999999972244,0.23999999999988897,0.2399999999998057,0.24,0.24,0.24,covered,0.9999999999995374
ill_conditioned_ring,coupling,6,QuadraticCoupling,0.05080968798949513,0.778698155529501,0.11999999999994448,0.11999999999983346,0.11999999999988897,0.12,0.12,0.12,covered,0.9999999999995374
ill_conditioned_ring,coupling,7,QuadraticCoupling,0.778698155529501,0.826369157624073,0.1800000000000104,0.1800000000000104,0.1800000000000104,0.18,0.18,0.18,covered,1.0000000000000577
ill_conditioned_ring,coupling,8,QuadraticCoupling,0.826369157624073,0.5317680721304825,0.2400000000003608,0.2400000000003608,0.2400000000003608,0.24,0.24,0.24,covered,1.0000000000015035
ill_conditioned_ring,coupling,9,QuadraticCoupling,0.5317680721304825,0.4112870156016001,0.12000000000000693,0.11999999999994795,0.11999999999997744,0.12,0.12,0.12,covered,1.0000000000000577
ill_conditioned_ring,coupling,10,QuadraticCoupling,0.4112870156016001,0.13908552821038966,0.18000000000013877,0.18000000000013877,0.18000000000013877,0.18,0.18,0.18,covered,1.000000000000771
ill_conditioned_ring,coupling,11,QuadraticCoupling,0.13908552821038966,0.7717429768695381,0.23999999999833466,0.23999999999966692,0.2399999999990008,0.24,0.24,0.24,covered,0.9999999999986122
ill_conditioned_ring,coupling,12,QuadraticCoupling,0.7717429768695381,0.20141119105013788,0.11999999999983346,0.11999999999986122,0.11999999999984734,0.12,0.12,0.12,covered,0.9999999999988435
ill_conditioned_ring,coupling,13,QuadraticCoupling,0.20141119105013788,0.1858017249387462,0.17999999999998698,0.17999999999998698,0.17999999999998698,0.18,0.18,0.18,covered,0.9999999999999277
ill_conditioned_ring,coupling,14,QuadraticCoupling,0.1858017249387462,0.20891715044211107,0.24000000000002603,0.24000000000002603,0.24000000000002603,0.24,0.24,0.24,covered,1.0000000000001086
ill_conditioned_ring,coupling,15,QuadraticCoupling,0.20891715044211107,0.10952614036870177,0.11999999999994795,0.11999999999994101,0.11999999999994448,0.12,0.12,0.12,covered,0.9999999999995663
ill_conditioned_ring,coupling,16,QuadraticCoupling,0.10952614036870177,0.0867999409313019,0.17999999999999827,0.17999999999999827,0.17999999999999827,0.18,0.18,0.18,covered,0.9999999999999905
ill_conditioned_ring,coupling,17,QuadraticCoupling,0.0867999409313019,0.5767909057363195,0.2400000000000555,0.2400000000003608,0.24000000000020816,0.24,0.24,0.24,covered,1.0000000000015035
ill_conditioned_ring,coupling,18,QuadraticCoupling,0.5767909057363195,0.3657496505578385,0.12000000000000693,0.12000000000003469,0.12000000000002081,0.12,0.12,0.12,covered,1.000000000000289
ill_conditioned_ring,coupling,19,QuadraticCoupling,0.3657496505578385,0.7363410058486765,0.18000000000013877,0.1799999999997502,0.17999999999994448,0.18,0.18,0.18,covered,1.000000000000771
ill_conditioned_ring,coupling,20,QuadraticCoupling,0.7363410058486765,0.9597873652625857,0.24000000000001387,0.24000000000001387,0.24000000000001387,0.24,0.24,0.24,covered,1.0000000000000577
ill_conditioned_ring,coupling,21,QuadraticCoupling,0.9597873652625857,0.35169695286203645,0.11999999999983346,0.11999999999986122,0.11999999999984734,0.12,0.12,0.12,covered,0.9999999999988435
ill_conditioned_ring,coupling,22,QuadraticCoupling,0.35169695286203645,0.35223629335090223,0.17999999999999985,0.17999999999999985,0.17999999999999985,0.18,0.18,0.18,covered,0.9999999999999992
ill_conditioned_ring,coupling,23,QuadraticCoupling,0.35223629335090223,0.667511364031106,0.15999999999993061,0.1600000000001249,0.16000000000002776,0.16,0.16,0.16,covered,1.0000000000007807
ill_conditioned_ring,module,0,QuadraticWell,0.3168543869503783,,0.5213956364514053,,,0.5213956364518769,,,covered,0.9999999999990955
ill_conditioned_ring,module,1,QuadraticWell,0.9480469667008367,,1.4780855274313487,,,1.478085527430565,,,covered,1.0000000000005302
ill_conditioned_ring,module,2,QuadraticWell,0.5786617300191854,,0.10923684131984333,,,0.10923684131998462,,,covered,0.9999999999987066
ill_conditioned_ring,module,3,QuadraticWell,0.316313499931137,,15.413346886090768,,,15.413346886099353,,,covered,0.999999999999443
ill_conditioned_ring,module,4,QuadraticWell,0.72188544602692,,0.3096715486844641,,,0.30967154868431807,,,covered,1.0000000000004716
ill_conditioned_ring,module,5,QuadraticWell,0.4411107369204697,,2.488660477784353,,,2.4886604777844563,,,covered,0.9999999999999585
ill_conditioned_ring,module,6,QuadraticWell,0.16458986113835908,,0.67655083650019,,,0.676550836498855,,,covered,1.0000000000019733
ill_conditioned_ring,module,7,QuadraticWell,0.7394857800594585,,0.049999999999995666,,,0.05,,,covered,0.9999999999999133
ill_conditioned_ring,module,8,QuadraticWell,0.6854223485554818,,1.1391122480771336,,,1.1391122480805214,,,covered,0.9999999999970259
ill_conditioned_ring,module,9,QuadraticWell,0.29482604934181567,,20.000000000022204,,,20.0,,,covered,1.0000000000011102
ill_conditioned_ring,module,10,QuadraticWell,0.45759095085984514,,0.23865375003134084,,,0.23865375003134995,,,covered,0.9999999999999618
ill_conditioned_ring,module,11,QuadraticWell,0.16993009152665622,,9.15442068733147,,,9.15442068734601,,,covered,0.9999999999984117
ill_conditioned_ring,module,12,QuadraticWell,0.5855750204955343,,0.8778766110937848,,,0.8778766110934768,,,covered,1.0000000000003508
ill_conditioned_ring,module,13,QuadraticWell,0.6997523283370528,,0.06487883568638762,,,0.06487883568635296,,,covered,1.0000000000005342
ill_conditioned_ring,module,14,QuadraticWell,0.7507383414585064,,0.401822590476605,,,0.40182259047656643,,,covered,1.000000000000096
ill_conditioned_ring,module,15,QuadraticWell,0.8005842943370123,,0.18392265174507677,,,0.18392265174508207,,,covered,0.9999999999999711
ill_conditioned_ring,module,16,QuadraticWell,0.309788057791222,,0.141743181577912,,,0.14174318157790983,,,covered,1.0000000000000153
ill_conditioned_ring,module,17,QuadraticWell,0.4634712205525741,,11.8785631115218,,,11.87856311156143,,,covered,0.9999999999966637
ill_conditioned_ring,module,18,QuadraticWell,0.416809227416244,,7.055013079774902,,,7.055013079767405,,,covered,1.0000000000010627
ill_conditioned_ring,module,19,QuadraticWell,0.2171462390193347,,1.9179293612900632,,,1.9179293612908799,,,covered,0.9999999999995742
ill_conditioned_ring,module,20,QuadraticWell,0.4010242321296921,,5.437068194230735,,,5.4370681942211565,,,covered,1.0000000000017617
ill_conditioned_ring,module,21,QuadraticWell,0.6535102719015639,,3.229227884341809,,,3.2292278843459683,,,covered,0.9999999999987119
ill_conditioned_ring,module,22,QuadraticWell,0.13061145062171803,,0.08418526640024866,,,0.08418526640033569,,,covered,0.9999999999989663
ill_conditioned_ring,module,23,QuadraticWell,0.705081180684977,,4.190170906045649,,,4.190170906045426,,,covered,1.0000000000000533
ill_conditioned_ring,coupling,0,QuadraticCoupling,0.3168543869503783,0.9480469667008367,0.11999999999986122,0.11999999999983346,0.11999999999984734,0.12,0.12,0.12,covered,0.9999999999988435
ill_conditioned_ring,coupling,1,QuadraticCoupling,0.9480469667008367,0.5786617300191854,0.1799999999997502,0.1799999999997502,0.1799999999997502,0.18,0.18,0.18,covered,0.9999999999986122
ill_conditioned_ring,coupling,2,QuadraticCoupling,0.5786617300191854,0.316313499931137,0.23999999999966692,0.23999999999972244,0.23999999999969468,0.24,0.24,0.24,covered,0.9999999999988435
ill_conditioned_ring,coupling,3,QuadraticCoupling,0.316313499931137,0.72188544602692,0.12000000000020816,0.1200000000001804,0.12000000000019428,0.12,0.12,0.12,covered,1.0000000000017348
ill_conditioned_ring,coupling,4,QuadraticCoupling,0.72188544602692,0.4411107369204697,0.18000000000009714,0.18000000000013877,0.18000000000011795,0.18,0.18,0.18,covered,1.000000000000771
ill_conditioned_ring,coupling,5,QuadraticCoupling,0.4411107369204697,0.16458986113835908,0.24000000000041632,0.24000000000041632,0.24000000000041632,0.24,0.24,0.24,covered,1.0000000000017348
ill_conditioned_ring,coupling,6,QuadraticCoupling,0.16458986113835908,0.7394857800594585,0.11999999999986122,0.11999999999983346,0.11999999999984734,0.12,0.12,0.12,covered,0.9999999999988435
ill_conditioned_ring,coupling,7,QuadraticCoupling,0.7394857800594585,0.6854223485554818,0.17999999999992367,0.17999999999992367,0.17999999999992367,0.18,0.18,0.18,covered,0.999999999999576
ill_conditioned_ring,coupling,8,QuadraticCoupling,0.6854223485554818,0.29482604934181567,0.23999999999966692,0.23999999999972244,0.23999999999969468,0.24,0.24,0.24,covered,0.9999999999988435
ill_conditioned_ring,coupling,9,QuadraticCoupling,0.29482604934181567,0.45759095085984514,0.11999999999986122,0.11999999999986122,0.11999999999986122,0.12,0.12,0.12,covered,0.9999999999988435
ill_conditioned_ring,coupling,10,QuadraticCoupling,0.45759095085984514,0.16993009152665622,0.18000000000013877,0.18000000000013877,0.18000000000013877,0.18,0.18,0.18,covered,1.000000000000771
ill_conditioned_ring,coupling,11,QuadraticCoupling,0.16993009152665622,0.5855750204955343,0.24000000000041632,0.2400000000003608,0.24000000000038857,0.24,0.24,0.24,covered,1.0000000000017348
ill_conditioned_ring,coupling,12,QuadraticCoupling,0.5855750204955343,0.6997523283370528,0.12000000000000693,0.12000000000000693,0.12000000000000693,0.12,0.12,0.12,covered,1.0000000000000577
ill_conditioned_ring,coupling,13,QuadraticCoupling,0.6997523283370528,0.7507383414585064,0.1800000000000104,0.1800000000000104,0.1800000000000104,0.18,0.18,0.18,covered,1.0000000000000577
ill_conditioned_ring,coupling,14,QuadraticCoupling,0.7507383414585064,0.8005842943370123,0.24000000000001387,0.24000000000001387,0.24000000000001387,0.24,0.24,0.24,covered,1.0000000000000577
ill_conditioned_ring,coupling,15,QuadraticCoupling,0.8005842943370123,0.309788057791222,0.1200000000001804,0.12000000000020816,0.12000000000019428,0.12,0.12,0.12,covered,1.0000000000017348
ill_conditioned_ring,coupling,16,QuadraticCoupling,0.309788057791222,0.4634712205525741,0.1799999999999653,0.1799999999999653,0.1799999999999653,0.18,0.18,0.18,covered,0.9999999999998073
ill_conditioned_ring,coupling,17,QuadraticCoupling,0.4634712205525741,0.416809227416244,0.23999999999998264,0.23999999999998264,0.23999999999998264,0.24,0.24,0.24,covered,0.9999999999999277
ill_conditioned_ring,coupling,18,QuadraticCoupling,0.416809227416244,0.2171462390193347,0.12000000000003469,0.12000000000003469,0.12000000000003469,0.12,0.12,0.12,covered,1.000000000000289
ill_conditioned_ring,coupling,19,QuadraticCoupling,0.2171462390193347,0.4010242321296921,0.17999999999979183,0.17999999999979183,0.17999999999979183,0.18,0.18,0.18,covered,0.9999999999988435
ill_conditioned_ring,coupling,20,QuadraticCoupling,0.4010242321296921,0.6535102719015639,0.24000000000006938,0.24000000000001387,0.24000000000004162,0.24,0.24,0.24,covered,1.000000000000289
ill_conditioned_ring,coupling,21,QuadraticCoupling,0.6535102719015639,0.13061145062171803,0.11999999999983346,0.11999999999986122,0.11999999999984734,0.12,0.12,0.12,covered,0.9999999999988435
ill_conditioned_ring,coupling,22,QuadraticCoupling,0.13061145062171803,0.705081180684977,0.18000000000013877,0.1799999999997502,0.17999999999994448,0.18,0.18,0.18,covered,1.000000000000771
ill_conditioned_ring,coupling,23,QuadraticCoupling,0.705081180684977,0.3168543869503783,0.1600000000001249,0.15999999999993061,0.16000000000002776,0.16,0.16,0.16,covered,1.0000000000007807
ill_conditioned_ring,module,0,QuadraticWell,0.23370990740205813,,0.5213956364514053,,,0.5213956364518769,,,covered,0.9999999999990955
ill_conditioned_ring,module,1,QuadraticWell,0.8279389857977452,,1.478085527430568,,,1.478085527430565,,,covered,1.000000000000002
ill_conditioned_ring,module,2,QuadraticWell,0.2705555590713187,,0.10923684131999588,,,0.10923684131998462,,,covered,1.000000000000103
ill_conditioned_ring,module,3,QuadraticWell,0.03943785349155082,,15.413346886101463,,,15.413346886099353,,,covered,1.000000000000137
ill_conditioned_ring,module,4,QuadraticWell,0.2765132184608918,,0.30967154868482677,,,0.30967154868431807,,,covered,1.0000000000016427
ill_conditioned_ring,module,5,QuadraticWell,0.7337606265317665,,2.48866047778429,,,2.4886604777844563,,,covered,0.999999999999933
ill_conditioned_ring,module,6,QuadraticWell,0.3145379835764794,,0.67655083650019,,,0.676550836498855,,,covered,1.0000000000019733
ill_conditioned_ring,module,7,QuadraticWell,0.42041278762837253,,0.05,,,0.05,,,covered,1.0
ill_conditioned_ring,module,8,QuadraticWell,0.5415909363422199,,1.1391122480799092,,,1.1391122480805214,,,covered,0.9999999999994625
ill_conditioned_ring,module,9,QuadraticWell,0.8286125885182225,,20.0,,,20.0,,,covered,1.0
ill_conditioned_ring,module,10,QuadraticWell,0.6519729756227804,,0.2386537500312128,,,0.23865375003134995,,,covered,0.9999999999994253
ill_conditioned_ring,module,11,QuadraticWell,0.157662990468018,,9.15442068733147,,,9.15442068734601,,,covered,0.9999999999984117
ill_conditioned_ring,module,12,QuadraticWell,0.5900916157789288,,0.8778766110937848,,,0.8778766110934768,,,covered,1.0000000000003508
ill_conditioned_ring,module,13,QuadraticWell,0.5950984875610072,,0.06487883568634426,,,0.06487883568635296,,,covered,0.9999999999998659
ill_conditioned_ring,module,14,QuadraticWell,0.6768366627171913,,0.401822590476605,,,0.40182259047656643,,,covered,1.000000000000096
ill_conditioned_ring,module,15,QuadraticWell,0.02983485798865782,,0.18392265174472427,,,0.18392265174508207,,,covered,0.9999999999980547
ill_conditioned_ring,module,16,QuadraticWell,0.5099204988480215,,0.1417431815778911,,,0.14174318157790983,,,covered,0.9999999999998678
ill_conditioned_ring,module,17,QuadraticWell,0.4379152398346192,,11.878563111566208,,,11.87856311156143,,,covered,1.0000000000004023
ill_conditioned_ring,module,18,QuadraticWell,0.5417612769174657,,7.055013079764105,,,7.055013079767405,,,covered,0.9999999999995323
ill_conditioned_ring,module,19,QuadraticWell,0.6325205277683831,,1.9179293612923831,,,1.9179293612908799,,,covered,1.0000000000007838
ill_conditioned_ring,module,20,QuadraticWell,0.8019820670316646,,5.437068194216508,,,5.4370681942211565,,,covered,0.999999999999145
ill_conditioned_ring,module,21,QuadraticWell,0.5105511799546284,,3.229227884352911,,,3.2292278843459683,,,covered,1.00000000000215
ill_conditioned_ring,module,22,QuadraticWell,0.7096779755390982,,0.08418526640032567,,,0.08418526640033569,,,covered,0.999999999999881
ill_conditioned_ring,module,23,QuadraticWell,0.17693431520990324,,4.190170906044594,,,4.190170906045426,,,covered,0.9999999999998014
ill_conditioned_ring,coupling,0,QuadraticCoupling,0.23370990740205813,0.8279389857977452,0.12000000000055511,0.12000000000052735,0.12000000000054123,0.12,0.12,0.12,covered,1.0000000000046259
ill_conditioned_ring,coupling,1,QuadraticCoupling,0.8279389857977452,0.2705555590713187,0.1799999999997502,0.179999999998751,0.1799999999992506,0.18,0.18,0.18,covered,0.9999999999986122
ill_conditioned_ring,coupling,2,QuadraticCoupling,0.2705555590713187,0.03943785349155082,0.24000000000006938,0.2400000000002359,0.24000000000015265,0.24,0.24,0.24,covered,1.000000000000983
ill_conditioned_ring,coupling,3,QuadraticCoupling,0.03943785349155082,0.2765132184608918,0.12000000000011796,0.12000000000003469,0.12000000000007632,0.12,0.12,0.12,covered,1.000000000000983
ill_conditioned_ring,coupling,4,QuadraticCoupling,0.2765132184608918,0.7337606265317665,0.17999999999944488,0.18000000000044408,0.17999999999994448,0.18,0.18,0.18,covered,1.0000000000024671
ill_conditioned_ring,coupling,5,QuadraticCoupling,0.7337606265317665,0.3145379835764794,0.23999999999966692,0.23999999999972244,0.23999999999969468,0.24,0.24,0.24,covered,0.9999999999988435
ill_conditioned_ring,coupling,6,QuadraticCoupling,0.3145379835764794,0.42041278762837253,0.11999999999994795,0.11999999999994795,0.11999999999994795,0.12,0.12,0.12,covered,0.9999999999995663
ill_conditioned_ring,coupling,7,QuadraticCoupling,0.42041278762837253,0.5415909363422199,0.1799999999999653,0.17999999999992367,0.17999999999994448,0.18,0.18,0.18,covered,0.9999999999998073
ill_conditioned_ring,coupling,8,QuadraticCoupling,0.5415909363422199,0.8286125885182225,0.2400000000003608,0.2400000000003608,0.2400000000003608,0.24,0.24,0.24,covered,1.0000000000015035
ill_conditioned_ring,coupling,9,QuadraticCoupling,0.8286125885182225,0.6519729756227804,0.12000000000000693,0.12000000000000693,0.12000000000000693,0.12,0.12,0.12,covered,1.0000000000000577
ill_conditioned_ring,coupling,10,QuadraticCoupling,0.6519729756227804,0.157662990468018,0.18000000000044408,0.18000000000013877,0.18000000000029143,0.18,0.18,0.18,covered,1.0000000000024671
ill_conditioned_ring,coupling,11,QuadraticCoupling,0.157662990468018,0.5900916157789288,0.23999999999972244,0.23999999999966692,0.23999999999969468,0.24,0.24,0.24,covered,0.9999999999988435
ill_conditioned_ring,coupling,12,QuadraticCoupling,0.5900916157789288,0.5950984875610072,0.12000000000000152,0.12000000000000152,0.12000000000000152,0.12,0.12,0.12,covered,1.0000000000000127
ill_conditioned_ring,coupling,13,QuadraticCoupling,0.5950984875610072,0.6768366627171913,0.1800000000000104,0.1800000000000104,0.1800000000000104,0.18,0.18,0.18,covered,1.0000000000000577
ill_conditioned_ring,coupling,14,QuadraticCoupling,0.6768366627171913,0.02983485798865782,0.23999999999966692,0.23999999999858446,0.2399999999991257,0.24,0.24,0.24,covered,0.9999999999986122
ill_conditioned_ring,coupling,15,QuadraticCoupling,0.02983485798865782,0.5099204988480215,0.11999999999998612,0.1200000000001804,0.12000000000008326,0.12,0.12,0.12,covered,1.0000000000015035
ill_conditioned_ring,coupling,16,QuadraticCoupling,0.5099204988480215,0.4379152398346192,0.1800000000000104,0.1799999999999653,0.17999999999998784,0.18,0.18,0.18,covered,1.0000000000000577
ill_conditioned_ring,coupling,17,QuadraticCoupling,0.4379152398346192,0.5417612769174657,0.2399999999998959,0.24000000000001387,0.2399999999999549,0.24,0.24,0.24,covered,1.0000000000000577
ill_conditioned_ring,coupling,18,QuadraticCoupling,0.5417612769174657,0.6325205277683831,0.12000000000000693,0.12000000000000693,0.12000000000000693,0.12,0.12,0.12,covered,1.0000000000000577
ill_conditioned_ring,coupling,19,QuadraticCoupling,0.6325205277683831,0.8019820670316646,0.18000000000009714,0.18000000000009714,0.18000000000009714,0.18,0.18,0.18,covered,1.0000000000005398
ill_conditioned_ring,coupling,20,QuadraticCoupling,0.8019820670316646,0.5105511799546284,0.23999999999966692,0.23999999999966692,0.23999999999966692,0.24,0.24,0.24,covered,0.9999999999986122
ill_conditioned_ring,coupling,21,QuadraticCoupling,0.5105511799546284,0.7096779755390982,0.12000000000000693,0.12000000000000693,0.12000000000000693,0.12,0.12,0.12,covered,1.0000000000000577
ill_conditioned_ring,coupling,22,QuadraticCoupling,0.7096779755390982,0.17693431520990324,0.1799999999997502,0.18000000000013877,0.17999999999994448,0.18,0.18,0.18,covered,1.000000000000771
ill_conditioned_ring,coupling,23,QuadraticCoupling,0.17693431520990324,0.23370990740205813,0.16000000000001735,0.16000000000001735,0.16000000000001735,0.16,0.16,0.16,covered,1.0000000000001084
ill_conditioned_ring,module,0,QuadraticWell,0.39025949203823324,,0.5213956364514053,,,0.5213956364518769,,,covered,0.9999999999990955
ill_conditioned_ring,module,1,QuadraticWell,0.6545403123688747,,1.478085527429961,,,1.478085527430565,,,covered,0.9999999999995912
ill_conditioned_ring,module,2,QuadraticWell,0.5863824704724068,,0.10923684132019028,,,0.10923684131998462,,,covered,1.0000000000018827
ill_conditioned_ring,module,3,QuadraticWell,0.5360446718888066,,15.413346886087512,,,15.413346886099353,,,covered,0.9999999999992317
ill_conditioned_ring,module,4,QuadraticWell,0.33881445774553537,,0.3096715486841329,,,0.30967154868431807,,,covered,0.999999999999402
ill_conditioned_ring,module,5,QuadraticWell,0.6977096024544263,,2.48866047778429,,,2.4886604777844563,,,covered,0.999999999999933
ill_conditioned_ring,module,6,QuadraticWell,0.5386470072267705,,0.6765508364997822,,,0.676550836498855,,,covered,1.0000000000013705
ill_conditioned_ring,module,7,QuadraticWell,0.12376032908127624,,0.05000000000006939,,,0.05,,,covered,1.0000000000013878
ill_conditioned_ring,module,8,QuadraticWell,0.39475938582924597,,1.1391122480805247,,,1.1391122480805214,,,covered,1.0000000000000029
ill_conditioned_ring,module,9,QuadraticWell,0.15432164087710193,,20.000000000022204,,,20.0,,,covered,1.0000000000011102
ill_conditioned_ring,module,10,QuadraticWell,0.6467612012766656,,0.23865375003155975,,,0.23865375003134995,,,covered,1.000000000000879
ill_conditioned_ring,module,11,QuadraticWell,0.8737199391185251,,9.154420687337879,,,9.15442068734601,,,covered,0.9999999999991118
ill_conditioned_ring,module,12,QuadraticWell,0.6286502788752699,,0.8778766110937848,,,0.8778766110934768,,,covered,1.0000000000003508
ill_conditioned_ring,module,13,QuadraticWell,0.8947398655021549,,0.06487883568634426,,,0.06487883568635296,,,covered,0.9999999999998659
ill_conditioned_ring,module,14,QuadraticWell,0.32993348272074186,,0.40182259047645613,,,0.40182259047656643,,,covered,0.9999999999997256
ill_conditioned_ring,module,15,QuadraticWell,0.7452803947308437,,0.18392265174512012,,,0.18392265174508207,,,covered,1.000000000000207
ill_conditioned_ring,module,16,QuadraticWell,0.7630707188859481,,0.14174318157806456,,,0.14174318157790983,,,covered,1.0000000000010916
ill_conditioned_ring,module,17,QuadraticWell,0.43328934504829275,,11.878563111566208,,,11.87856311156143,,,covered,1.0000000000004023
ill_conditioned_ring,module,18,QuadraticWell,0.9552766247137509,,7.055013079769656,,,7.055013079767405,,,covered,1.000000000000319
ill_conditioned_ring,module,19,QuadraticWell,0.2536249066873928,,1.9179293612900632,,,1.9179293612908799,,,covered,0.9999999999995742
ill_conditioned_ring,module,20,QuadraticWell,0.8133274668732097,,5.43706819422761,,,5.4370681942211565,,,covered,1.000000000001187
ill_conditioned_ring,module,21,QuadraticWell,0.8718463910623453,,3.229227884352911,,,3.2292278843459683,,,covered,1.00000000000215
ill_conditioned_ring,module,22,QuadraticWell,0.551385617791534,,0.08418526640036904,,,0.08418526640033569,,,covered,1.0000000000003961
ill_conditioned_ring,module,23,QuadraticWell,0.725731318545931,,4.190170906045389,,,4.190170906045426,,,covered,0.9999999999999911
ill_conditioned_ring,coupling,0,QuadraticCoupling,0.39025949203823324,0.6545403123688747,0.12000000000020816,0.1200000000001804,0.12000000000019428,0.12,0.12,0.12,covered,1.0000000000017348
ill_conditioned_ring,coupling,1,QuadraticCoupling,0.6545403123688747,0.5863824704724068,0.1800000000000104,0.1800000000000104,0.1800000000000104,0.18,0.18,0.18,covered,1.0000000000000577
ill_conditioned_ring,coupling,2,QuadraticCoupling,0.5863824704724068,0.5360446718888066,0.24000000000001387,0.24000000000001387,0.24000000000001387,0.24,0.24,0.24,covered,1.0000000000000577
ill_conditioned_ring,coupling,3,QuadraticCoupling,0.5360446718888066,0.33881445774553537,0.12000000000000693,0.12000000000003469,0.12000000000002081,0.12,0.12,0.12,covered,1.000000000000289
ill_conditioned_ring,coupling,4,QuadraticCoupling,0.33881445774553537,0.6977096024544263,0.18000000000013877,0.1799999999997502,0.17999999999994448,0.18,0.18,0.18,covered,1.000000000000771
ill_conditioned_ring,coupling,5,QuadraticCoupling,0.6977096024544263,0.5386470072267705,0.24000000000001387,0.24000000000001387,0.24000000000001387,0.24,0.24,0.24,covered,1.0000000000000577
ill_conditioned_ring,coupling,6,QuadraticCoupling,0.5386470072267705,0.12376032908127624,0.11999999999983346,0.1199999999996808,0.11999999999975713,0.12,0.12,0.12,covered,0.9999999999986122
ill_conditioned_ring,coupling,7,QuadraticCoupling,0.12376032908127624,0.39475938582924597,0.17999999999969468,0.18000000000013877,0.17999999999991673,0.18,0.18,0.18,covered,1.000000000000771
ill_conditioned_ring,coupling,8,QuadraticCoupling,0.39475938582924597,0.15432164087710193,0.24000000000006938,0.24000000000006938,0.24000000000006938,0.24,0.24,0.24,covered,1.000000000000289
ill_conditioned_ring,coupling,9,QuadraticCoupling,0.15432164087710193,0.6467612012766656,0.11999999999986122,0.11999999999983346,0.11999999999984734,0.12,0.12,0.12,covered,0.9999999999988435
ill_conditioned_ring,coupling,10,QuadraticCoupling,0.6467612012766656,0.8737199391185251,0.18000000000009714,0.18000000000009714,0.18000000000009714,0.18,0.18,0.18,covered,1.0000000000005398
ill_conditioned_ring,coupling,11,QuadraticCoupling,0.8737199391185251,0.6286502788752699,0.24000000000001387,0.24000000000001387,0.24000000000001387,0.24,0.24,0.24,covered,1.0000000000000577
ill_conditioned_ring,coupling,12,QuadraticCoupling,0.6286502788752699,0.8947398655021549,0.1200000000001804,0.1200000000001804,0.1200000000001804,0.12,0.12,0.12,covered,1.0000000000015035
ill_conditioned_ring,coupling,13,QuadraticCoupling,0.8947398655021549,0.32993348272074186,0.1799999999997502,0.179999999998751,0.1799999999992506,0.18,0.18,0.18,covered,0.9999999999986122
ill_conditioned_ring,coupling,14,QuadraticCoupling,0.32993348272074186,0.7452803947308437,0.23999999999972244,0.23999999999966692,0.23999999999969468,0.24,0.24,0.24,covered,0.9999999999988435
ill_conditioned_ring,coupling,15,QuadraticCoupling,0.7452803947308437,0.7630707188859481,0.12000000000000693,0.12000000000000693,0.12000000000000693,0.12,0.12,0.12,covered,1.0000000000000577
ill_conditioned_ring,coupling,16,QuadraticCoupling,0.7630707188859481,0.43328934504829275,0.1799999999997502,0.18000000000013877,0.17999999999994448,0.18,0.18,0.18,covered,1.000000000000771
ill_conditioned_ring,coupling,17,QuadraticCoupling,0.43328934504829275,0.9552766247137509,0.24000000000111021,0.23999999999966692,0.24000000000038857,0.24,0.24,0.24,covered,1.0000000000046259
ill_conditioned_ring,coupling,18,QuadraticCoupling,0.9552766247137509,0.2536249066873928,0.11999999999983346,0.11999999999916733,0.1199999999995004,0.12,0.12,0.12,covered,0.9999999999986122
ill_conditioned_ring,coupling,19,QuadraticCoupling,0.2536249066873928,0.8133274668732097,0.179999999998751,0.1799999999997502,0.1799999999992506,0.18,0.18,0.18,covered,0.9999999999986122
ill_conditioned_ring,coupling,20,QuadraticCoupling,0.8133274668732097,0.8718463910623453,0.23999999999992713,0.23999999999992713,0.23999999999992713,0.24,0.24,0.24,covered,0.9999999999996965
ill_conditioned_ring,coupling,21,QuadraticCoupling,0.8718463910623453,0.551385617791534,0.11999999999983346,0.11999999999983346,0.11999999999983346,0.12,0.12,0.12,covered,0.9999999999986122
ill_conditioned_ring,coupling,22,QuadraticCoupling,0.551385617791534,0.725731318545931,0.18000000000009714,0.18000000000009714,0.18000000000009714,0.18,0.18,0.18,covered,1.0000000000005398
ill_conditioned_ring,coupling,23,QuadraticCoupling,0.725731318545931,0.39025949203823324,0.1600000000001249,0.15999999999993061,0.16000000000002776,0.16,0.16,0.16,covered,1.0000000000007807
ill_conditioned_ring,module,0,QuadraticWell,0.1291952002289862,,0.5213956364514053,,,0.5213956364518769,,,covered,0.9999999999990955
ill_conditioned_ring,module,1,QuadraticWell,0.1835594264072012,,1.4780855274328581,,,1.478085527430565,,,covered,1.0000000000015514
ill_conditioned_ring,module,2,QuadraticWell,0.2306557239646512,,0.1092368413199742,,,0.10923684131998462,,,covered,0.9999999999999046
ill_conditioned_ring,module,3,QuadraticWell,0.5071125266455395,,15.413346886109716,,,15.413346886099353,,,covered,1.0000000000006724
ill_conditioned_ring,module,4,QuadraticWell,0.6542532986894666,,0.3096715486844641,,,0.30967154868431807,,,covered,1.0000000000004716
ill_conditioned_ring,module,5,QuadraticWell,0.8476506096789753,,2.48866047778429,,,2.4886604777844563,,,covered,0.999999999999933
ill_conditioned_ring,module,6,QuadraticWell,0.1597483748627197,,0.6765508364974144,,,0.676550836498855,,,covered,0.9999999999978708
ill_conditioned_ring,module,7,QuadraticWell,0.19031119743031988,,0.04999999999965306,,,0.05,,,covered,0.9999999999930611
ill_conditioned_ring,module,8,QuadraticWell,0.8983895730363011,,1.1391122480826847,,,1.1391122480805214,,,covered,1.0000000000018991
ill_conditioned_ring,module,9,QuadraticWell,0.291494120214295,,20.000000000022204,,,20.0,,,covered,1.0000000000011102
ill_conditioned_ring,module,10,QuadraticWell,0.47812586023208253,,0.23865375003135167,,,0.23865375003134995,,,covered,1.000000000000007
ill_conditioned_ring,module,11,QuadraticWell,0.8142339040066721,,9.154420687360084,,,9.15442068734601,,,covered,1.0000000000015374
ill_conditioned_ring,module,12,QuadraticWell,0.3093094062244462,,0.8778766110930749,,,0.8778766110934768,,,covered,0.9999999999995421
ill_conditioned_ring,module,13,QuadraticWell,0.4501789933410606,,0.06487883568624432,,,0.06487883568635296,,,covered,0.9999999999983256
ill_conditioned_ring,module,14,QuadraticWell,0.2860978852143535,,0.40182259047645613,,,0.40182259047656643,,,covered,0.9999999999997256
ill_conditioned_ring,module,15,QuadraticWell,0.5644907938026075,,0.18392265174520686,,,0.18392265174508207,,,covered,1.0000000000006786
ill_conditioned_ring,module,16,QuadraticWell,0.8359343439230809,,0.14174318157806456,,,0.14174318157790983,,,covered,1.0000000000010916
ill_conditioned_ring,module,17,QuadraticWell,0.8365177594628547,,11.878563111561458,,,11.87856311156143,,,covered,1.0000000000000024
ill_conditioned_ring,module,18,QuadraticWell,0.8514749864120168,,7.055013079769656,,,7.055013079767405,,,covered,1.000000000000319
ill_conditioned_ring,module,19,QuadraticWell,0.6188090328311852,,1.9179293612896076,,,1.9179293612908799,,,covered,0.9999999999993366
ill_conditioned_ring,module,20,QuadraticWell,0.663384218784628,,5.437068194222059,,,5.4370681942211565,,,covered,1.0000000000001659
ill_conditioned_ring,module,21,QuadraticWell,0.3440965143788249,,3.2292278843460878,,,3.2292278843459683,,,covered,1.000000000000037
ill_conditioned_ring,module,22,QuadraticWell,0.9063681781604648,,0.08418526640036904,,,0.08418526640033569,,,covered,1.0000000000003961
ill_conditioned_ring,module,23,QuadraticWell,0.2891265954395284,,4.190170906044594,,,4.190170906045426,,,covered,0.9999999999998014
ill_conditioned_ring,coupling,0,QuadraticCoupling,0.1291952002289862,0.1835594264072012,0.12000000000003469,0.12000000000003469,0.12000000000003469,0.12,0.12,0.12,covered,1.000000000000289
ill_conditioned_ring,coupling,1,QuadraticCoupling,0.1835594264072012,0.2306557239646512,0.18000000000005204,0.18000000000005204,0.18000000000005204,0.18,0.18,0.18,covered,1.000000000000289
ill_conditioned_ring,coupling,2,QuadraticCoupling,0.2306557239646512,0.5071125266455395,0.23999999999972244,0.23999999999966692,0.23999999999969468,0.24,0.24,0.24,covered,0.9999999999988435
ill_conditioned_ring,coupling,3,QuadraticCoupling,0.5071125266455395,0.6542532986894666,0.12000000000000693,0.12000000000000693,0.12000000000000693,0.12,0.12,0.12,covered,1.0000000000000577
ill_conditioned_ring,coupling,4,QuadraticCoupling,0.6542532986894666,0.8476506096789753,0.1799999999997502,0.1799999999997502,0.1799999999997502,0.18,0.18,0.18,covered,0.9999999999986122
ill_conditioned_ring,coupling,5,QuadraticCoupling,0.8476506096789753,0.1597483748627197,0.23999999999966692,0.23999999999972244,0.23999999999969468,0.24,0.24,0.24,covered,0.9999999999988435
ill_conditioned_ring,coupling,6,QuadraticCoupling,0.1597483748627197,0.19031119743031988,0.11999999999999132,0.11999999999999132,0.11999999999999132,0.12,0.12,0.12,covered,0.9999999999999277
ill_conditioned_ring,coupling,7,QuadraticCoupling,0.19031119743031988,0.8983895730363011,0.18000000000083266,0.18000000000044408,0.18000000000063837,0.18,0.18,0.18,covered,1.0000000000046259
ill_conditioned_ring,coupling,8,QuadraticCoupling,0.8983895730363011,0.291494120214295,0.23999999999966692,0.24000000000111021,0.24000000000038857,0.24,0.24,0.24,covered,1.0000000000046259
ill_conditioned_ring,coupling,9,QuadraticCoupling,0.291494120214295,0.47812586023208253,0.12000000000003469,0.12000000000003469,0.12000000000003469,0.12,0.12,0.12,covered,1.000000000000289
ill_conditioned_ring,coupling,10,QuadraticCoupling,0.47812586023208253,0.8142339040066721,0.18000000000013877,0.1799999999997502,0.17999999999994448,0.18,0.18,0.18,covered,1.000000000000771
ill_conditioned_ring,coupling,11,QuadraticCoupling,0.8142339040066721,0.3093094062244462,0.23999999999966692,0.23999999999972244,0.23999999999969468,0.24,0.24,0.24,covered,0.9999999999988435
ill_conditioned_ring,coupling,12,QuadraticCoupling,0.3093094062244462,0.4501789933410606,0.12000000000003469,0.12000000000003469,0.12000000000003469,0.12,0.12,0.12,covered,1.000000000000289
ill_conditioned_ring,coupling,13,QuadraticCoupling,0.4501789933410606,0.2860978852143535,0.18000000000013877,0.18000000000013877,0.18000000000013877,0.18,0.18,0.18,covered,1.000000000000771
ill_conditioned_ring,coupling,14,QuadraticCoupling,0.2860978852143535,0.5644907938026075,0.23999999999972244,0.23999999999966692,0.23999999999969468,0.24,0.24,0.24,covered,0.9999999999988435
ill_conditioned_ring,coupling,15,QuadraticCoupling,0.5644907938026075,0.8359343439230809,0.1200000000001804,0.1200000000001804,0.1200000000001804,0.12,0.12,0.12,covered,1.0000000000015035
ill_conditioned_ring,coupling,16,QuadraticCoupling,0.8359343439230809,0.8365177594628547,0.18000000000000024,0.18000000000000024,0.18000000000000024,0.18,0.18,0.18,covered,1.0000000000000013
ill_conditioned_ring,coupling,17,QuadraticCoupling,0.8365177594628547,0.8514749864120168,0.24000000000001387,0.24000000000001387,0.24000000000001387,0.24,0.24,0.24,covered,1.0000000000000577
ill_conditioned_ring,coupling,18,QuadraticCoupling,0.8514749864120168,0.6188090328311852,0.12000000000000693,0.12000000000000693,0.12000000000000693,0.12,0.12,0.12,covered,1.0000000000000577
ill_conditioned_ring,coupling,19,QuadraticCoupling,0.6188090328311852,0.663384218784628,0.1800000000000104,0.1800000000000104,0.1800000000000104,0.18,0.18,0.18,covered,1.0000000000000577
ill_conditioned_ring,coupling,20,QuadraticCoupling,0.663384218784628,0.3440965143788249,0.23999999999966692,0.23999999999972244,0.23999999999969468,0.24,0.24,0.24,covered,0.9999999999988435
ill_conditioned_ring,coupling,21,QuadraticCoupling,0.3440965143788249,0.9063681781604648,0.11999999999986122,0.11999999999983346,0.11999999999984734,0.12,0.12,0.12,covered,0.9999999999988435
ill_conditioned_ring,coupling,22,QuadraticCoupling,0.9063681781604648,0.2891265954395284,0.18000000000044408,0.18000000000013877,0.18000000000029143,0.18,0.18,0.18,covered,1.0000000000024671
ill_conditioned_ring,coupling,23,QuadraticCoupling,0.2891265954395284,0.1291952002289862,0.15999999999993061,0.15999999999993061,0.15999999999993061,0.16,0.16,0.16,covered,0.9999999999995663
ill_conditioned_ring,module,0,QuadraticWell,0.3304364495502296,,0.5213956364514053,,,0.5213956364518769,,,covered,0.9999999999990955
ill_conditioned_ring,module,1,QuadraticWell,0.4572933542998375,,1.478085527427307,,,1.478085527430565,,,covered,0.9999999999977958
ill_conditioned_ring,module,2,QuadraticWell,0.9588936378163112,,0.10923684132019028,,,0.10923684131998462,,,covered,1.0000000000018827
ill_conditioned_ring,module,3,QuadraticWell,0.7517261327342981,,15.413346886087512,,,15.413346886099353,,,covered,0.9999999999992317
ill_conditioned_ring,module,4,QuadraticWell,0.8399580825148576,,0.3096715486844641,,,0.30967154868431807,,,covered,1.0000000000004716
ill_conditioned_ring,module,5,QuadraticWell,0.5761077323733464,,2.48866047778429,,,2.4886604777844563,,,covered,0.999999999999933
ill_conditioned_ring,module,6,QuadraticWell,0.5708469593815718,,0.6765508364997822,,,0.676550836498855,,,covered,1.0000000000013705
ill_conditioned_ring,module,7,QuadraticWell,0.8488708230149853,,0.05000000000001735,,,0.05,,,covered,1.0000000000003468
ill_conditioned_ring,module,8,QuadraticWell,0.7739895851587182,,1.1391122480771336,,,1.1391122480805214,,,covered,0.9999999999970259
ill_conditioned_ring,module,9,QuadraticWell,0.516975072162406,,20.0,,,20.0,,,covered,1.0
ill_conditioned_ring,module,10,QuadraticWell,0.4198459630640101,,0.23865375003136252,,,0.23865375003134995,,,covered,1.0000000000000526
ill_conditioned_ring,module,11,QuadraticWell,0.13261712183250957,,9.154420687353674,,,9.15442068734601,,,covered,1.0000000000008373
ill_conditioned_ring,module,12,QuadraticWell,0.47549202236948584,,0.8778766110930749,,,0.8778766110934768,,,covered,0.9999999999995421
ill_conditioned_ring,module,13,QuadraticWell,0.6759602762168191,,0.06487883568638762,,,0.06487883568635296,,,covered,1.0000000000005342
ill_conditioned_ring,module,14,QuadraticWell,0.817119268553655,,0.401822590476605,,,0.40182259047656643,,,covered,1.000000000000096
ill_conditioned_ring,module,15,QuadraticWell,0.965551785394732,,0.18392265174520686,,,0.18392265174508207,,,covered,1.0000000000006786
ill_conditioned_ring,module,16,QuadraticWell,0.08399466164423881,,0.1417431815778214,,,0.14174318157790983,,,covered,0.9999999999993762
ill_conditioned_ring,module,17,QuadraticWell,0.6990038225866453,,11.878563111554433,,,11.87856311156143,,,covered,0.9999999999994109
ill_conditioned_ring,module,18,QuadraticWell,0.3520572800595224,,7.055013079774902,,,7.055013079767405,,,covered,1.0000000000010627
ill_conditioned_ring,module,19,QuadraticWell,0.868973246266878,,1.917929361286832,,,1.9179293612908799,,,covered,0.9999999999978895
ill_conditioned_ring,module,20,QuadraticWell,0.6663659709232096,,5.437068194219283,,,5.4370681942211565,,,covered,0.9999999999996555
ill_conditioned_ring,module,21,QuadraticWell,0.8442034917354129,,3.229227884352911,,,3.2292278843459683,,,covered,1.00000000000215
ill_conditioned_ring,module,22,QuadraticWell,0.6683773724636098,,0.08418526640032567,,,0.08418526640033569,,,covered,0.999999999999881
ill_conditioned_ring,module,23,QuadraticWell,0.3964989666566084,,4.190170906055696,,,4.190170906045426,,,covered,1.000000000002451
ill_conditioned_ring,coupling,0,QuadraticCoupling,0.3304364495502296,0.4572933542998375,0.12000000000003469,0.12000000000003469,0.12000000000003469,0.12,0.12,0.12,covered,1.000000000000289
ill_conditioned_ring,coupling,1,QuadraticCoupling,0.4572933542998375,0.9588936378163112,0.18000000000013877,0.18000000000044408,0.18000000000029143,0.18,0.18,0.18,covered,1.0000000000024671
ill_conditioned_ring,coupling,2,QuadraticCoupling,0.9588936378163112,0.7517261327342981,0.24000000000001387,0.24000000000001387,0.24000000000001387,0.24,0.24,0.24,covered,1.0000000000000577
ill_conditioned_ring,coupling,3,QuadraticCoupling,0.7517261327342981,0.8399580825148576,0.12000000000000693,0.12000000000000693,0.12000000000000693,0.12,0.12,0.12,covered,1.0000000000000577
ill_conditioned_ring,coupling,4,QuadraticCoupling,0.8399580825148576,0.5761077323733464,0.18000000000009714,0.18000000000009714,0.18000000000009714,0.18,0.18,0.18,covered,1.0000000000005398
ill_conditioned_ring,coupling,5,QuadraticCoupling,0.5761077323733464,0.5708469593815718,0.2399999999999922,0.2399999999999922,0.2399999999999922,0.24,0.24,0.24,covered,0.9999999999999675
ill_conditioned_ring,coupling,6,QuadraticCoupling,0.5708469593815718,0.8488708230149853,0.1200000000001804,0.1200000000001804,0.1200000000001804,0.12,0.12,0.12,covered,1.0000000000015035
ill_conditioned_ring,coupling,7,QuadraticCoupling,0.8488708230149853,0.7739895851587182,0.1800000000000104,0.1800000000000104,0.1800000000000104,0.18,0.18,0.18,covered,1.0000000000000577
ill_conditioned_ring,coupling,8,QuadraticCoupling,0.7739895851587182,0.516975072162406,0.24000000000001387,0.24000000000001387,0.24000000000001387,0.24,0.24,0.24,covered,1.0000000000000577
ill_conditioned_ring,coupling,9,QuadraticCoupling,0.516975072162406,0.4198459630640101,0.12000000000000693,0.12000000000003469,0.12000000000002081,0.12,0.12,0.12,covered,1.000000000000289
ill_conditioned_ring,coupling,10,QuadraticCoupling,0.4198459630640101,0.13261712183250957,0.17999999999979183,0.17999999999979183,0.17999999999979183,0.18,0.18,0.18,covered,0.9999999999988435
ill_conditioned_ring,coupling,11,QuadraticCoupling,0.13261712183250957,0.47549202236948584,0.23999999999972244,0.23999999999972244,0.23999999999972244,0.24,0.24,0.24,covered,0.9999999999988435
ill_conditioned_ring,coupling,12,QuadraticCoupling,0.47549202236948584,0.6759602762168191,0.12000000000003469,0.12000000000000693,0.12000000000002081,0.12,0.12,0.12,covered,1.000000000000289
ill_conditioned_ring,coupling,13,QuadraticCoupling,0.6759602762168191,0.817119268553655,0.17999999999992367,0.17999999999992367,0.17999999999992367,0.18,0.18,0.18,covered,0.999999999999576
ill_conditioned_ring,coupling,14,QuadraticCoupling,0.817119268553655,0.965551785394732,0.24000000000001387,0.24000000000001387,0.24000000000001387,0.24,0.24,0.24,covered,1.0000000000000577
ill_conditioned_ring,coupling,15,QuadraticCoupling,0.965551785394732,0.08399466164423881,0.12000000000052735,0.12000000000072164,0.1200000000006245,0.12,0.12,0.12,covered,1.0000000000060136
ill_conditioned_ring,coupling,16,QuadraticCoupling,0.08399466164423881,0.6990038225866453,0.18000000000038857,0.18000000000044408,0.18000000000041633,0.18,0.18,0.18,covered,1.0000000000024671
ill_conditioned_ring,coupling,17,QuadraticCoupling,0.6990038225866453,0.3520572800595224,0.2400000000003608,0.24000000000041632,0.24000000000038857,0.24,0.24,0.24,covered,1.0000000000017348
ill_conditioned_ring,coupling,18,QuadraticCoupling,0.3520572800595224,0.868973246266878,0.11999999999951427,0.1200000000001804,0.11999999999984734,0.12,0.12,0.12,covered,1.0000000000015035
ill_conditioned_ring,coupling,19,QuadraticCoupling,0.868973246266878,0.6663659709232096,0.18000000000009714,0.18000000000009714,0.18000000000009714,0.18,0.18,0.18,covered,1.0000000000005398
ill_conditioned_ring,coupling,20,QuadraticCoupling,0.6663659709232096,0.8442034917354129,0.24000000000001387,0.24000000000001387,0.24000000000001387,0.24,0.24,0.24,covered,1.0000000000000577
ill_conditioned_ring,coupling,21,QuadraticCoupling,0.8442034917354129,0.6683773724636098,0.12000000000000693,0.12000000000000693,0.12000000000000693,0.12,0.12,0.12,covered,1.0000000000000577
ill_conditioned_ring,coupling,22,QuadraticCoupling,0.6683773724636098,0.3964989666566084,0.1799999999997502,0.18000000000013877,0.17999999999994448,0.18,0.18,0.18,covered,1.000000000000771
ill_conditioned_ring,coupling,23,QuadraticCoupling,0.3964989666566084,0.3304364495502296,0.16000000000001735,0.16000000000001735,0.16000000000001735,0.16,0.16,0.16,covered,1.0000000000001084
ill_conditioned_ring,module,0,QuadraticWell,0.7256278081835191,,0.521395636451871,,,0.5213956364518769,,,covered,0.9999999999999887
ill_conditioned_ring,module,1,QuadraticWell,0.5761357184343779,,1.478085527429961,,,1.478085527430565,,,covered,0.9999999999995912
ill_conditioned_ring,module,2,QuadraticWell,0.12088257873428454,,0.10923684132008243,,,0.10923684131998462,,,covered,1.0000000000008955
ill_conditioned_ring,module,3,QuadraticWell,0.5248017530318074,,15.413346886087512,,,15.413346886099353,,,covered,0.9999999999992317
ill_conditioned_ring,module,4,QuadraticWell,0.8564487750790292,,0.3096715486844641,,,0.30967154868431807,,,covered,1.0000000000004716
ill_conditioned_ring,module,5,QuadraticWell,0.6706864849143804,,2.48866047778429,,,2.4886604777844563,,,covered,0.999999999999933
ill_conditioned_ring,module,6,QuadraticWell,0.3271188546701573,,0.67655083650019,,,0.676550836498855,,,covered,1.0000000000019733
ill_conditioned_ring,module,7,QuadraticWell,0.16368058580908415,,0.05,,,0.05,,,covered,1.0
ill_conditioned_ring,module,8,QuadraticWell,0.6226692072662237,,1.1391122480771336,,,1.1391122480805214,,,covered,0.9999999999970259
ill_conditioned_ring,module,9,QuadraticWell,0.6717421977424621,,20.0,,,20.0,,,covered,1.0
ill_conditioned_ring,module,10,QuadraticWell,0.3796140498999715,,0.23865375003144926,,,0.23865375003134995,,,covered,1.0000000000004161
ill_conditioned_ring,module,11,QuadraticWell,0.8488243202585545,,9.154420687337879,,,9.15442068734601,,,covered,0.9999999999991118
ill_conditioned_ring,module,12,QuadraticWell,0.3618696981753559,,0.8778766110958505,,,0.8778766110934768,,,covered,1.0000000000027038
ill_conditioned_ring,module,13,QuadraticWell,0.24017877448132238,,0.0648788356864178,,,0.06487883568635296,,,covered,1.0000000000009994
ill_conditioned_ring,module,14,QuadraticWell,0.8251057839814213,,0.401822590476605,,,0.40182259047656643,,,covered,1.000000000000096
ill_conditioned_ring,module,15,QuadraticWell,0.5591444358535294,,0.18392265174520686,,,0.18392265174508207,,,covered,1.0000000000006786
ill_conditioned_ring,module,16,QuadraticWell,0.44863164481297735,,0.14174318157779817,,,0.14174318157790983,,,covered,0.9999999999992122
ill_conditioned_ring,module,17,QuadraticWell,0.5649381092072235,,11.878563111565535,,,11.87856311156143,,,covered,1.0000000000003455
ill_conditioned_ring,module,18,QuadraticWell,0.9016592275470773,,7.055013079769656,,,7.055013079767405,,,covered,1.000000000000319
ill_conditioned_ring,module,19,QuadraticWell,0.8039088160200496,,1.9179293612923831,,,1.9179293612908799,,,covered,1.0000000000007838
ill_conditioned_ring,module,20,QuadraticWell,0.9594885323790895,,5.437068194216508,,,5.4370681942211565,,,covered,0.999999999999145
ill_conditioned_ring,module,21,QuadraticWell,0.3620486538374016,,3.2292278843460878,,,3.2292278843459683,,,covered,1.000000000000037
ill_conditioned_ring,module,22,QuadraticWell,0.21019736934575375,,0.08418526640059561,,,0.08418526640033569,,,covered,1.0000000000030875
ill_conditioned_ring,module,23,QuadraticWell,0.5657524585238423,,4.190170906045649,,,4.190170906045426,,,covered,1.0000000000000533
ill_conditioned_ring,coupling,0,QuadraticCoupling,0.7256278081835191,0.5761357184343779,0.12000000000000693,0.12000000000000693,0.12000000000000693,0.12,0.12,0.12,covered,1.0000000000000577
ill_conditioned_ring,coupling,1,QuadraticCoupling,0.5761357184343779,0.12088257873428454,0.18000000000044408,0.18000000000038857,0.18000000000041633,0.18,0.18,0.18,covered,1.0000000000024671
ill_conditioned_ring,coupling,2,QuadraticCoupling,0.12088257873428454,0.5248017530318074,0.2400000000000555,0.23999999999966692,0.2399999999998612,0.24,0.24,0.24,covered,1.0000000000002314
ill_conditioned_ring,coupling,3,QuadraticCoupling,0.5248017530318074,0.8564487750790292,0.1200000000001804,0.1200000000001804,0.1200000000001804,0.12,0.12,0.12,covered,1.0000000000015035
ill_conditioned_ring,coupling,4,QuadraticCoupling,0.8564487750790292,0.6706864849143804,0.18000000000009714,0.18000000000009714,0.18000000000009714,0.18,0.18,0.18,covered,1.0000000000005398
ill_conditioned_ring,coupling,5,QuadraticCoupling,0.6706864849143804,0.3271188546701573,0.23999999999966692,0.23999999999972244,0.23999999999969468,0.24,0.24,0.24,covered,0.9999999999988435
ill_conditioned_ring,coupling,6,QuadraticCoupling,0.3271188546701573,0.16368058580908415,0.12000000000003469,0.12000000000003469,0.12000000000003469,0.12,0.12,0.12,covered,1.000000000000289
ill_conditioned_ring,coupling,7,QuadraticCoupling,0.16368058580908415,0.6226692072662237,0.17999999999944488,0.1799999999997502,0.17999999999959754,0.18,0.18,0.18,covered,0.9999999999986122
ill_conditioned_ring,coupling,8,QuadraticCoupling,0.6226692072662237,0.6717421977424621,0.24000000000001387,0.24000000000001387,0.24000000000001387,0.24,0.24,0.24,covered,1.0000000000000577
ill_conditioned_ring,coupling,9,QuadraticCoupling,0.6717421977424621,0.3796140498999715,0.11999999999983346,0.11999999999986122,0.11999999999984734,0.12,0.12,0.12,covered,0.9999999999988435
ill_conditioned_ring,coupling,10,QuadraticCoupling,0.3796140498999715,0.8488243202585545,0.18000000000013877,0.18000000000044408,0.18000000000029143,0.18,0.18,0.18,covered,1.0000000000024671
ill_conditioned_ring,coupling,11,QuadraticCoupling,0.8488243202585545,0.3618696981753559,0.2400000000003608,0.23999999999972244,0.24000000000004162,0.24,0.24,0.24,covered,1.0000000000015035
ill_conditioned_ring,coupling,12,QuadraticCoupling,0.3618696981753559,0.24017877448132238,0.11999999999994795,0.11999999999994795,0.11999999999994795,0.12,0.12,0.12,covered,0.9999999999995663
ill_conditioned_ring,coupling,13,QuadraticCoupling,0.24017877448132238,0.8251057839814213,0.18000000000013877,0.1799999999997502,0.17999999999994448,0.18,0.18,0.18,covered,1.000000000000771
ill_conditioned_ring,coupling,14,QuadraticCoupling,0.8251057839814213,0.5591444358535294,0.23999999999966692,0.23999999999966692,0.23999999999966692,0.24,0.24,0.24,covered,0.9999999999986122
ill_conditioned_ring,coupling,15,QuadraticCoupling,0.5591444358535294,0.44863164481297735,0.1199999999999202,0.11999999999994795,0.11999999999993408,0.12,0.12,0.12,covered,0.9999999999995663
ill_conditioned_ring,coupling,16,QuadraticCoupling,0.44863164481297735,0.5649381092072235,0.1799999999999653,0.17999999999992367,0.17999999999994448,0.18,0.18,0.18,covered,0.9999999999998073
ill_conditioned_ring,coupling,17,QuadraticCoupling,0.5649381092072235,0.9016592275470773,0.23999999999966692,0.23999999999966692,0.23999999999966692,0.24,0.24,0.24,covered,0.9999999999986122
ill_conditioned_ring,coupling,18,QuadraticCoupling,0.9016592275470773,0.8039088160200496,0.12000000000000693,0.12000000000000693,0.12000000000000693,0.12,0.12,0.12,covered,1.0000000000000577
ill_conditioned_ring,coupling,19,QuadraticCoupling,0.8039088160200496,0.9594885323790895,0.17999999999992367,0.17999999999992367,0.17999999999992367,0.18,0.18,0.18,covered,0.999999999999576
ill_conditioned_ring,coupling,20,QuadraticCoupling,0.9594885323790895,0.3620486538374016,0.23999999999966692,0.24000000000111021,0.24000000000038857,0.24,0.24,0.24,covered,1.0000000000046259
ill_conditioned_ring,coupling,21,QuadraticCoupling,0.3620486538374016,0.21019736934575375,0.12000000000003469,0.12000000000003469,0.12000000000003469,0.12,0.12,0.12,covered,1.000000000000289
ill_conditioned_ring,coupling,22,QuadraticCoupling,0.21019736934575375,0.5657524585238423,0.18000000000013877,0.18000000000044408,0.18000000000029143,0.18,0.18,0.18,covered,1.0000000000024671
ill_conditioned_ring,coupling,23,QuadraticCoupling,0.5657524585238423,0.7256278081835191,0.15999999999995143,0.15999999999995143,0.15999999999995143,0.16,0.16,0.16,covered,0.9999999999996965
ill_conditioned_ring,module,0,QuadraticWell,0.508665347966244,,0.5213956364515241,,,0.5213956364518769,,,covered,0.9999999999993233
ill_conditioned_ring,module,1,QuadraticWell,0.8639273094342023,,1.4780855274306548,,,1.478085527430565,,,covered,1.0000000000000606
ill_conditioned_ring,module,2,QuadraticWell,0.2062168524794725,,0.10923684132001757,,,0.10923684131998462,,,covered,1.0000000000003015
ill_conditioned_ring,module,3,QuadraticWell,0.963352057356707,,15.413346886087512,,,15.413346886099353,,,covered,0.9999999999992317
ill_conditioned_ring,module,4,QuadraticWell,0.7709921823890078,,0.30967154868411717,,,0.30967154868431807,,,covered,0.9999999999993513
ill_conditioned_ring,module,5,QuadraticWell,0.7208607994908289,,2.48866047778429,,,2.4886604777844563,,,covered,0.999999999999933
ill_conditioned_ring,module,6,QuadraticWell,0.8995629238453335,,0.6765508364990883,,,0.676550836498855,,,covered,1.0000000000003448
ill_conditioned_ring,module,7,QuadraticWell,0.6354011946501607,,0.04999999999997398,,,0.05,,,covered,0.9999999999994796
ill_conditioned_ring,module,8,QuadraticWell,0.3810864869580138,,1.1391122480805247,,,1.1391122480805214,,,covered,1.0000000000000029
ill_conditioned_ring,module,9,QuadraticWell,0.6390142955682604,,20.0,,,20.0,,,covered,1.0
ill_conditioned_ring,module,10,QuadraticWell,0.16837777166384998,,0.23865375003127579,,,0.23865375003134995,,,covered,0.9999999999996892
ill_conditioned_ring,module,11,QuadraticWell,0.1547371516491326,,9.15442068733147,,,9.15442068734601,,,covered,0.9999999999984117
ill_conditioned_ring,module,12,QuadraticWell,0.7768629372693509,,0.8778766110934378,,,0.8778766110934768,,,covered,0.9999999999999556
ill_conditioned_ring,module,13,QuadraticWell,0.47261143352382784,,0.06487883568624432,,,0.06487883568635296,,,covered,0.9999999999983256
ill_conditioned_ring,module,14,QuadraticWell,0.5426263344809915,,0.40182259047656166,,,0.40182259047656643,,,covered,0.9999999999999881
ill_conditioned_ring,module,15,QuadraticWell,0.09698326020896175,,0.1839226517434003,,,0.18392265174508207,,,covered,0.9999999999908561
ill_conditioned_ring,module,16,QuadraticWell,0.20408993621842775,,0.14174318157797164,,,0.14174318157790983,,,covered,1.000000000000436
ill_conditioned_ring,module,17,QuadraticWell,0.6181467644799948,,11.878563111565535,,,11.87856311156143,,,covered,1.0000000000003455
ill_conditioned_ring,module,18,QuadraticWell,0.2269672234914681,,7.055013079774902,,,7.055013079767405,,,covered,1.0000000000010627
ill_conditioned_ring,module,19,QuadraticWell,0.21981876392716115,,1.9179293612928388,,,1.9179293612908799,,,covered,1.0000000000010214
ill_conditioned_ring,module,20,QuadraticWell,0.7425439057233996,,5.437068194222059,,,5.4370681942211565,,,covered,1.0000000000001659
ill_conditioned_ring,module,21,QuadraticWell,0.9120391386583547,,3.229227884352911,,,3.2292278843459683,,,covered,1.00000000000215
ill_conditioned_ring,module,22,QuadraticWell,0.20494885366297413,,0.08418526640024866,,,0.08418526640033569,,,covered,0.9999999999989663
ill_conditioned_ring,module,23,QuadraticWell,0.5375027533019885,,4.190170906045649,,,4.190170906045426,,,covered,1.0000000000000533
ill_conditioned_ring,coupling,0,QuadraticCoupling,0.508665347966244,0.8639273094342023,0.1200000000001804,0.1200000000001804,0.1200000000001804,0.12,0.12,0.12,covered,1.0000000000015035
ill_conditioned_ring,coupling,1,QuadraticCoupling,0.8639273094342023,0.2062168524794725,0.1799999999997502,0.17999999999944488,0.17999999999959754,0.18,0.18,0.18,covered,0.9999999999986122
ill_conditioned_ring,coupling,2,QuadraticCoupling,0.2062168524794725,0.963352057356707,0.23999999999972244,0.23999999999966692,0.23999999999969468,0.24,0.24,0.24,covered,0.9999999999988435
ill_conditioned_ring,coupling,3,QuadraticCoupling,0.963352057356707,0.7709921823890078,0.12000000000000693,0.12000000000000693,0.12000000000000693,0.12,0.12,0.12,covered,1.0000000000000577
ill_conditioned_ring,coupling,4,QuadraticCoupling,0.7709921823890078,0.7208607994908289,0.17999999999992367,0.17999999999992367,0.17999999999992367,0.18,0.18,0.18,covered,0.999999999999576
ill_conditioned_ring,coupling,5,QuadraticCoupling,0.7208607994908289,0.8995629238453335,0.24000000000001387,0.24000000000001387,0.24000000000001387,0.24,0.24,0.24,covered,1.0000000000000577
ill_conditioned_ring,coupling,6,QuadraticCoupling,0.8995629238453335,0.6354011946501607,0.1200000000001804,0.1200000000001804,0.1200000000001804,0.12,0.12,0.12,covered,1.0000000000015035
ill_conditioned_ring,coupling,7,QuadraticCoupling,0.6354011946501607,0.3810864869580138,0.18000000000009714,0.18000000000013877,0.18000000000011795,0.18,0.18,0.18,covered,1.000000000000771
ill_conditioned_ring,coupling,8,QuadraticCoupling,0.3810864869580138,0.6390142955682604,0.24000000000006938,0.24000000000001387,0.24000000000004162,0.24,0.24,0.24,covered,1.000000000000289
ill_conditioned_ring,coupling,9,QuadraticCoupling,0.6390142955682604,0.16837777166384998,0.11999999999983346,0.11999999999986122,0.11999999999984734,0.12,0.12,0.12,covered,0.9999999999988435
ill_conditioned_ring,coupling,10,QuadraticCoupling,0.16837777166384998,0.1547371516491326,0.18000000000000868,0.18000000000000868,0.18000000000000868,0.18,0.18,0.18,covered,1.0000000000000482
ill_conditioned_ring,coupling,11,QuadraticCoupling,0.1547371516491326,0.7768629372693509,0.240000000002498,0.2400000000010547,0.24000000000177635,0.24,0.24,0.24,covered,1.0000000000104083
ill_conditioned_ring,coupling,12,QuadraticCoupling,0.7768629372693509,0.47261143352382784,0.1200000000001804,0.11999999999986122,0.12000000000002081,0.12,0.12,0.12,covered,1.0000000000015035
ill_conditioned_ring,coupling,13,QuadraticCoupling,0.47261143352382784,0.5426263344809915,0.1799999999999653,0.1800000000000104,0.17999999999998784,0.18,0.18,0.18,covered,1.0000000000000577
ill_conditioned_ring,coupling,14,QuadraticCoupling,0.5426263344809915,0.09698326020896175,0.23999999999966692,0.2400000000000555,0.2399999999998612,0.24,0.24,0.24,covered,1.0000000000002314
ill_conditioned_ring,coupling,15,QuadraticCoupling,0.09698326020896175,0.20408993621842775,0.12000000000002775,0.11999999999994795,0.11999999999998785,0.12,0.12,0.12,covered,1.0000000000002314
ill_conditioned_ring,coupling,16,QuadraticCoupling,0.20408993621842775,0.6181467644799948,0.18000000000013877,0.1799999999997502,0.17999999999994448,0.18,0.18,0.18,covered,1.000000000000771
ill_conditioned_ring,coupling,17,QuadraticCoupling,0.6181467644799948,0.2269672234914681,0.2400000000003608,0.23999999999972244,0.24000000000004162,0.24,0.24,0.24,covered,1.0000000000015035
ill_conditioned_ring,coupling,18,QuadraticCoupling,0.2269672234914681,0.21981876392716115,0.11999999999999675,0.11999999999999675,0.11999999999999675,0.12,0.12,0.12,covered,0.9999999999999729
ill_conditioned_ring,coupling,19,QuadraticCoupling,0.21981876392716115,0.7425439057233996,0.18000000000083266,0.1799999999997502,0.18000000000029143,0.18,0.18,0.18,covered,1.0000000000046259
ill_conditioned_ring,coupling,20,QuadraticCoupling,0.7425439057233996,0.9120391386583547,0.24000000000001387,0.24000000000001387,0.24000000000001387,0.24,0.24,0.24,covered,1.0000000000000577
ill_conditioned_ring,coupling,21,QuadraticCoupling,0.9120391386583547,0.20494885366297413,0.11999999999983346,0.11999999999986122,0.11999999999984734,0.12,0.12,0.12,covered,0.9999999999988435
ill_conditioned_ring,coupling,22,QuadraticCoupling,0.20494885366297413,0.5375027533019885,0.17999999999979183,0.18000000000009714,0.17999999999994448,0.18,0.18,0.18,covered,1.0000000000005398
ill_conditioned_ring,coupling,23,QuadraticCoupling,0.5375027533019885,0.508665347966244,0.15999999999999479,0.15999999999999479,0.15999999999999479,0.16,0.16,0.16,covered,0.9999999999999674
ill_conditioned_ring,module,0,QuadraticWell,0.19905408670939137,,0.5213956364541809,,,0.5213956364518769,,,covered,1.0000000000044187
ill_conditioned_ring,module,1,QuadraticWell,0.1286080946704886,,1.478085527427307,,,1.478085527430565,,,covered,0.9999999999977958
ill_conditioned_ring,module,2,QuadraticWell,0.0867589910112807,,0.10923684132008243,,,0.10923684131998462,,,covered,1.0000000000008955
ill_conditioned_ring,module,3,QuadraticWell,0.2427280385993796,,15.413346886099095,,,15.413346886099353,,,covered,0.9999999999999832
ill_conditioned_ring,module,4,QuadraticWell,0.04357006117791535,,0.30967154868434776,,,0.30967154868431807,,,covered,1.000000000000096
ill_conditioned_ring,module,5,QuadraticWell,0.5944377272483853,,2.4886604777849834,,,2.4886604777844563,,,covered,1.0000000000002118
ill_conditioned_ring,module,6,QuadraticWell,0.28887231453142753,,0.67655083650019,,,0.676550836498855,,,covered,1.0000000000019733
ill_conditioned_ring,module,7,QuadraticWell,0.4040746194262958,,0.05,,,0.05,,,covered,1.0
ill_conditioned_ring,module,8,QuadraticWell,0.9579338281076618,,1.1391122480826847,,,1.1391122480805214,,,covered,1.0000000000018991
ill_conditioned_ring,module,9,QuadraticWell,0.4685093273687885,,20.000000000022204,,,20.0,,,covered,1.0000000000011102
ill_conditioned_ring,module,10,QuadraticWell,0.3269538943704195,,0.23865375003162273,,,0.23865375003134995,,,covered,1.000000000001143
ill_conditioned_ring,module,11,QuadraticWell,0.8723048448218356,,9.154420687337879,,,9.15442068734601,,,covered,0.9999999999991118
ill_conditioned_ring,module,12,QuadraticWell,0.6623152695021296,,0.8778766110937848,,,0.8778766110934768,,,covered,1.0000000000003508
ill_conditioned_ring,module,13,QuadraticWell,0.760017710822954,,0.0648788356863529,,,0.06487883568635296,,,covered,0.9999999999999991
ill_conditioned_ring,module,14,QuadraticWell,0.7868007919917058,,0.4018225904759111,,,0.40182259047656643,,,covered,0.9999999999983692
ill_conditioned_ring,module,15,QuadraticWell,0.7076102862108478,,0.18392265174512012,,,0.18392265174508207,,,covered,1.000000000000207
ill_conditioned_ring,module,16,QuadraticWell,0.9385903857832583,,0.14174318157737067,,,0.14174318157790983,,,covered,0.9999999999961963
ill_conditioned_ring,module,17,QuadraticWell,0.16589296086404073,,11.878563111566208,,,11.87856311156143,,,covered,1.0000000000004023
ill_conditioned_ring,module,18,QuadraticWell,0.25354293580910736,,7.055013079774902,,,7.055013079767405,,,covered,1.0000000000010627
ill_conditioned_ring,module,19,QuadraticWell,0.05165564259191828,,1.9179293612886184,,,1.9179293612908799,,,covered,0.9999999999988208
ill_conditioned_ring,module,20,QuadraticWell,0.5770091491456482,,5.437068194220671,,,5.4370681942211565,,,covered,0.9999999999999106
ill_conditioned_ring,module,21,QuadraticWell,0.07625025174678342,,3.2292278843477935,,,3.2292278843459683,,,covered,1.0000000000005653
ill_conditioned_ring,module,22,QuadraticWell,0.11638709851437813,,0.08418526640001855,,,0.08418526640033569,,,covered,0.9999999999962329
ill_conditioned_ring,module,23,QuadraticWell,0.16366503729596255,,4.190170906044594,,,4.190170906045426,,,covered,0.9999999999998014
ill_conditioned_ring,coupling,0,QuadraticCoupling,0.19905408670939137,0.1286080946704886,0.11999999999994795,0.11999999999994795,0.11999999999994795,0.12,0.12,0.12,covered,0.9999999999995663
ill_conditioned_ring,coupling,1,QuadraticCoupling,0.1286080946704886,0.0867589910112807,0.18000000000000868,0.17999999999999827,0.1800000000000035,0.18,0.18,0.18,covered,1.0000000000000482
ill_conditioned_ring,coupling,2,QuadraticCoupling,0.0867589910112807,0.2427280385993796,0.23999999999970856,0.23999999999972244,0.2399999999997155,0.24,0.24,0.24,covered,0.9999999999988435
ill_conditioned_ring,coupling,3,QuadraticCoupling,0.2427280385993796,0.04357006117791535,0.11999999999986122,0.11999999999977101,0.11999999999981611,0.12,0.12,0.12,covered,0.9999999999988435
ill_conditioned_ring,coupling,4,QuadraticCoupling,0.04357006117791535,0.5944377272483853,0.18000000000026367,0.18000000000044408,0.18000000000035388,0.18,0.18,0.18,covered,1.0000000000024671
ill_conditioned_ring,coupling,5,QuadraticCoupling,0.5944377272483853,0.28887231453142753,0.2400000000003608,0.24000000000041632,0.24000000000038857,0.24,0.24,0.24,covered,1.0000000000017348
ill_conditioned_ring,coupling,6,QuadraticCoupling,0.28887231453142753,0.4040746194262958,0.12000000000003469,0.12000000000003469,0.12000000000003469,0.12,0.12,0.12,covered,1.000000000000289
ill_conditioned_ring,coupling,7,QuadraticCoupling,0.4040746194262958,0.9579338281076618,0.18000000000013877,0.18000000000044408,0.18000000000029143,0.18,0.18,0.18,covered,1.0000000000024671
ill_conditioned_ring,coupling,8,QuadraticCoupling,0.9579338281076618,0.4685093273687885,0.2400000000003608,0.23999999999972244,0.24000000000004162,0.24,0.24,0.24,covered,1.0000000000015035
ill_conditioned_ring,coupling,9,QuadraticCoupling,0.4685093273687885,0.3269538943704195,0.12000000000003469,0.12000000000003469,0.12000000000003469,0.12,0.12,0.12,covered,1.000000000000289
ill_conditioned_ring,coupling,10,QuadraticCoupling,0.3269538943704195,0.8723048448218356,0.18000000000013877,0.18000000000044408,0.18000000000029143,0.18,0.18,0.18,covered,1.0000000000024671
ill_conditioned_ring,coupling,11,QuadraticCoupling,0.8723048448218356,0.6623152695021296,0.24000000000001387,0.24000000000001387,0.24000000000001387,0.24,0.24,0.24,covered,1.0000000000000577
ill_conditioned_ring,coupling,12,QuadraticCoupling,0.6623152695021296,0.760017710822954,0.12000000000000693,0.12000000000000693,0.12000000000000693,0.12,0.12,0.12,covered,1.0000000000000577
ill_conditioned_ring,coupling,13,QuadraticCoupling,0.760017710822954,0.7868007919917058,0.1800000000000104,0.1800000000000104,0.1800000000000104,0.18,0.18,0.18,covered,1.0000000000000577
ill_conditioned_ring,coupling,14,QuadraticCoupling,0.7868007919917058,0.7076102862108478,0.24000000000001387,0.24000000000001387,0.24000000000001387,0.24,0.24,0.24,covered,1.0000000000000577
ill_conditioned_ring,coupling,15,QuadraticCoupling,0.7076102862108478,0.9385903857832583,0.12000000000000693,0.12000000000000693,0.12000000000000693,0.12,0.12,0.12,covered,1.0000000000000577
ill_conditioned_ring,coupling,16,QuadraticCoupling,0.9385903857832583,0.16589296086404073,0.18000000000044408,0.18000000000083266,0.18000000000063837,0.18,0.18,0.18,covered,1.0000000000046259
ill_conditioned_ring,coupling,17,QuadraticCoupling,0.16589296086404073,0.25354293580910736,0.24000000000006938,0.24000000000006938,0.24000000000006938,0.24,0.24,0.24,covered,1.000000000000289
ill_conditioned_ring,coupling,18,QuadraticCoupling,0.25354293580910736,0.05165564259191828,0.12000000000003469,0.11999999999994448,0.11999999999998959,0.12,0.12,0.12,covered,1.000000000000289
ill_conditioned_ring,coupling,19,QuadraticCoupling,0.05165564259191828,0.5770091491456482,0.18000000000026367,0.18000000000044408,0.18000000000035388,0.18,0.18,0.18,covered,1.0000000000024671
ill_conditioned_ring,coupling,20,QuadraticCoupling,0.5770091491456482,0.07625025174678342,0.2400000000003608,0.2400000000007494,0.2400000000005551,0.24,0.24,0.24,covered,1.0000000000031226
ill_conditioned_ring,coupling,21,QuadraticCoupling,0.07625025174678342,0.11638709851437813,0.12000000000002775,0.12000000000002775,0.12000000000002775,0.12,0.12,0.12,covered,1.0000000000002314
ill_conditioned_ring,coupling,22,QuadraticCoupling,0.11638709851437813,0.16366503729596255,0.18000000000004163,0.1799999999999653,0.18000000000000346,0.18,0.18,0.18,covered,1.0000000000002314
ill_conditioned_ring,coupling,23,QuadraticCoupling,0.16366503729596255,0.19905408670939137,0.15999999999997397,0.15999999999997397,0.15999999999997397,0.16,0.16,0.16,covered,0.9999999999998372
ill_conditioned_ring,module,0,QuadraticWell,0.3724490678015953,,0.5213956364514053,,,0.5213956364518769,,,covered,0.9999999999990955
ill_conditioned_ring,module,1,QuadraticWell,0.9281438842787395,,1.4780855274313487,,,1.478085527430565,,,covered,1.0000000000005302
ill_conditioned_ring,module,2,QuadraticWell,0.639140059428748,,0.10923684131984333,,,0.10923684131998462,,,covered,0.9999999999987066
ill_conditioned_ring,module,3,QuadraticWell,0.07979712328617175,,15.413346886089954,,,15.413346886099353,,,covered,0.9999999999993903
ill_conditioned_ring,module,4,QuadraticWell,0.7922989618904915,,0.3096715486844641,,,0.30967154868431807,,,covered,1.0000000000004716
ill_conditioned_ring,module,5,QuadraticWell,0.03288910681222514,,2.488660477794406,,,2.4886604777844563,,,covered,1.0000000000039981
ill_conditioned_ring,module,6,QuadraticWell,0.6368938718795147,,0.6765508364983944,,,0.676550836498855,,,covered,0.9999999999993193
ill_conditioned_ring,module,7,QuadraticWell,0.5762175356216837,,0.05000000000001735,,,0.05,,,covered,1.0000000000003468
ill_conditioned_ring,module,8,QuadraticWell,0.5651062510228481,,1.1391122480826847,,,1.1391122480805214,,,covered,1.0000000000018991
ill_conditioned_ring,module,9,QuadraticWell,0.30362717339621614,,19.999999999977796,,,20.0,,,covered,0.9999999999988898
ill_conditioned_ring,module,10,QuadraticWell,0.15930057754738572,,0.23865375003127579,,,0.23865375003134995,,,covered,0.9999999999996892
ill_conditioned_ring,module,11,QuadraticWell,0.07639772265770645,,9.154420687366379,,,9.15442068734601,,,covered,1.000000000002225
ill_conditioned_ring,module,12,QuadraticWell,0.8831009102272583,,0.8778766110937848,,,0.8778766110934768,,,covered,1.0000000000003508
ill_conditioned_ring,module,13,QuadraticWell,0.33176871748985315,,0.0648788356864178,,,0.06487883568635296,,,covered,1.0000000000009994
ill_conditioned_ring,module,14,QuadraticWell,0.06185901313240627,,0.4018225904760411,,,0.40182259047656643,,,covered,0.9999999999986926
ill_conditioned_ring,module,15,QuadraticWell,0.13031051937497778,,0.18392265174522673,,,0.18392265174508207,,,covered,1.0000000000007865
ill_conditioned_ring,module,16,QuadraticWell,0.47832518628632736,,0.14174318157797164,,,0.14174318157790983,,,covered,1.000000000000436
ill_conditioned_ring,module,17,QuadraticWell,0.4192110438383482,,11.878563111566208,,,11.87856311156143,,,covered,1.0000000000004023
ill_conditioned_ring,module,18,QuadraticWell,0.0969151885096393,,7.055013079784693,,,7.055013079767405,,,covered,1.0000000000024505
ill_conditioned_ring,module,19,QuadraticWell,0.7166769465570072,,1.9179293612923831,,,1.9179293612908799,,,covered,1.0000000000007838
ill_conditioned_ring,module,20,QuadraticWell,0.1632490893157867,,5.437068194219632,,,5.4370681942211565,,,covered,0.9999999999997197
ill_conditioned_ring,module,21,QuadraticWell,0.9205922845123122,,3.229227884352911,,,3.2292278843459683,,,covered,1.00000000000215
ill_conditioned_ring,module,22,QuadraticWell,0.24487769889516664,,0.08418526640059561,,,0.08418526640033569,,,covered,1.0000000000030875
ill_conditioned_ring,module,23,QuadraticWell,0.29869117913535426,,4.190170906044594,,,4.190170906045426,,,covered,0.9999999999998014
ill_conditioned_ring,coupling,0,QuadraticCoupling,0.3724490678015953,0.9281438842787395,0.11999999999986122,0.11999999999983346,0.11999999999984734,0.12,0.12,0.12,covered,0.9999999999988435
ill_conditioned_ring,coupling,1,QuadraticCoupling,0.9281438842787395,0.639140059428748,0.1799999999997502,0.1799999999997502,0.1799999999997502,0.18,0.18,0.18,covered,0.9999999999986122
ill_conditioned_ring,coupling,2,QuadraticCoupling,0.639140059428748,0.07979712328617175,0.23999999999966692,0.2400000000000555,0.2399999999998612,0.24,0.24,0.24,covered,1.0000000000002314
ill_conditioned_ring,coupling,3,QuadraticCoupling,0.07979712328617175,0.7922989618904915,0.12000000000002775,0.11999999999983346,0.1199999999999306,0.12,0.12,0.12,covered,1.0000000000002314
ill_conditioned_ring,coupling,4,QuadraticCoupling,0.7922989618904915,0.03288910681222514,0.1799999999990563,0.17999999999956978,0.17999999999931304,0.18,0.18,0.18,covered,0.9999999999976099
ill_conditioned_ring,coupling,5,QuadraticCoupling,0.03288910681222514,0.6368938718795147,0.23999999999988897,0.23999999999966692,0.23999999999977795,0.24,0.24,0.24,covered,0.9999999999995374
ill_conditioned_ring,coupling,6,QuadraticCoupling,0.6368938718795147,0.5762175356216837,0.12000000000000693,0.12000000000000693,0.12000000000000693,0.12,0.12,0.12,covered,1.0000000000000577
ill_conditioned_ring,coupling,7,QuadraticCoupling,0.5762175356216837,0.5651062510228481,0.17999999999998872,0.17999999999998872,0.17999999999998872,0.18,0.18,0.18,covered,0.9999999999999374
ill_conditioned_ring,coupling,8,QuadraticCoupling,0.5651062510228481,0.30362717339621614,0.23999999999966692,0.23999999999972244,0.23999999999969468,0.24,0.24,0.24,covered,0.9999999999988435
ill_conditioned_ring,coupling,9,QuadraticCoupling,0.30362717339621614,0.15930057754738572,0.12000000000003469,0.12000000000003469,0.12000000000003469,0.12,0.12,0.12,covered,1.000000000000289
ill_conditioned_ring,coupling,10,QuadraticCoupling,0.15930057754738572,0.07639772265770645,0.1799999999999653,0.18000000000004163,0.18000000000000346,0.18,0.18,0.18,covered,1.0000000000002314
ill_conditioned_ring,coupling,11,QuadraticCoupling,0.07639772265770645,0.8831009102272583,0.2400000000000555,0.23999999999966692,0.2399999999998612,0.24,0.24,0.24,covered,1.0000000000002314
ill_conditioned_ring,coupling,12,QuadraticCoupling,0.8831009102272583,0.33176871748985315,0.11999999999983346,0.11999999999916733,0.1199999999995004,0.12,0.12,0.12,covered,0.9999999999986122
ill_conditioned_ring,coupling,13,QuadraticCoupling,0.33176871748985315,0.06185901313240627,0.18000000000013877,0.18000000000026367,0.18000000000020122,0.18,0.18,0.18,covered,1.0000000000014648
ill_conditioned_ring,coupling,14,QuadraticCoupling,0.06185901313240627,0.13031051937497778,0.24000000000006244,0.2399999999998959,0.23999999999997917,0.24,0.24,0.24,covered,1.0000000000002602
ill_conditioned_ring,coupling,15,QuadraticCoupling,0.13031051937497778,0.47832518628632736,0.12000000000020816,0.12000000000020816,0.12000000000020816,0.12,0.12,0.12,covered,1.0000000000017348
ill_conditioned_ring,coupling,16,QuadraticCoupling,0.47832518628632736,0.4192110438383482,0.1799999999999653,0.1799999999999653,0.1799999999999653,0.18,0.18,0.18,covered,0.9999999999998073
ill_conditioned_ring,coupling,17,QuadraticCoupling,0.4192110438383482,0.0969151885096393,0.23999999999972244,0.2399999999993616,0.23999999999954202,0.24,0.24,0.24,covered,0.9999999999988435
ill_conditioned_ring,coupling,18,QuadraticCoupling,0.0969151885096393,0.7166769465570072,0.11999999999933386,0.11999999999983346,0.11999999999958366,0.12,0.12,0.12,covered,0.9999999999986122
ill_conditioned_ring,coupling,19,QuadraticCoupling,0.7166769465570072,0.1632490893157867,0.1799999999997502,0.18000000000013877,0.17999999999994448,0.18,0.18,0.18,covered,1.000000000000771
ill_conditioned_ring,coupling,20,QuadraticCoupling,0.1632490893157867,0.9205922845123122,0.24000000000111021,0.2400000000010547,0.24000000000108246,0.24,0.24,0.24,covered,1.0000000000046259
ill_conditioned_ring,coupling,21,QuadraticCoupling,0.9205922845123122,0.24487769889516664,0.11999999999983346,0.12000000000055511,0.12000000000019428,0.12,0.12,0.12,covered,1.0000000000046259
ill_conditioned_ring,coupling,22,QuadraticCoupling,0.24487769889516664,0.29869117913535426,0.1799999999999653,0.1799999999999653,0.1799999999999653,0.18,0.18,0.18,covered,0.9999999999998073
ill_conditioned_ring,coupling,23,QuadraticCoupling,0.29869117913535426,0.3724490678015953,0.16000000000001735,0.16000000000001735,0.16000000000001735,0.16,0.16,0.16,covered,1.0000000000001084
ill_conditioned_ring,module,0,QuadraticWell,0.1348388753143376,,0.5213956364514053,,,0.5213956364518769,,,covered,0.9999999999990955
ill_conditioned_ring,module,1,QuadraticWell,0.7833539498649645,,1.4780855274306548,,,1.478085527430565,,,covered,1.0000000000000606
ill_conditioned_ring,module,2,QuadraticWell,0.06396701595176804,,0.10923684131973549,,,0.10923684131998462,,,covered,0.9999999999977193
ill_conditioned_ring,module,3,QuadraticWell,0.6512429589256202,,15.413346886087512,,,15.413346886099353,,,covered,0.9999999999992317
ill_conditioned_ring,module,4,QuadraticWell,0.4570059007845344,,0.3096715486844798,,,0.30967154868431807,,,covered,1.0000000000005222
ill_conditioned_ring,module,5,QuadraticWell,0.1061536853760212,,2.488660477785031,,,2.4886604777844563,,,covered,1.000000000000231
ill_conditioned_ring,module,6,QuadraticWell,0.8185838436708988,,0.6765508364989149,,,0.676550836498855,,,covered,1.0000000000000886
ill_conditioned_ring,module,7,QuadraticWell,0.022959802552569856,,0.050000000000052044,,,0.05,,,covered,1.0000000000010407
ill_conditioned_ring,module,8,QuadraticWell,0.8266839510779469,,1.1391122480826847,,,1.1391122480805214,,,covered,1.0000000000018991
ill_conditioned_ring,module,9,QuadraticWell,0.6811074254228622,,20.0,,,20.0,,,covered,1.0
ill_conditioned_ring,module,10,QuadraticWell,0.6669733924217952,,0.2386537500312128,,,0.23865375003134995,,,covered,0.9999999999994253
ill_conditioned_ring,module,11,QuadraticWell,0.32164399174884334,,9.154420687353674,,,9.15442068734601,,,covered,1.0000000000008373
ill_conditioned_ring,module,12,QuadraticWell,0.27168549955115356,,0.8778766110930749,,,0.8778766110934768,,,covered,0.9999999999995421
ill_conditioned_ring,module,13,QuadraticWell,0.055773054827310486,,0.06487883568646281,,,0.06487883568635296,,,covered,1.0000000000016933
ill_conditioned_ring,module,14,QuadraticWell,0.049676970727079425,,0.4018225904760411,,,0.40182259047656643,,,covered,0.9999999999986926
ill_conditioned_ring,module,15,QuadraticWell,0.42503977043523283,,0.18392265174522673,,,0.18392265174508207,,,covered,1.0000000000007865
ill_conditioned_ring,module,16,QuadraticWell,0.904916684922806,,0.14174318157806456,,,0.14174318157790983,,,covered,1.0000000000010916
ill_conditioned_ring,module,17,QuadraticWell,0.5171121876739243,,11.878563111565535,,,11.87856311156143,,,covered,1.0000000000003455
ill_conditioned_ring,module,18,QuadraticWell,0.9310474379345808,,7.055013079769656,,,7.055013079767405,,,covered,1.000000000000319
ill_conditioned_ring,module,19,QuadraticWell,0.9486774135026789,,1.9179293612923831,,,1.9179293612908799,,,covered,1.0000000000007838
ill_conditioned_ring,module,20,QuadraticWell,0.33232647088999157,,5.437068194219632,,,5.4370681942211565,,,covered,0.9999999999997197
ill_conditioned_ring,module,21,QuadraticWell,0.9496632505501514,,3.229227884352911,,,3.2292278843459683,,,covered,1.00000000000215
ill_conditioned_ring,module,22,QuadraticWell,0.638225903644672,,0.0841852664002823,,,0.08418526640033569,,,covered,0.9999999999993658
ill_conditioned_ring,module,23,QuadraticWell,0.5127713092671045,,4.190170906045649,,,4.190170906045426,,,covered,1.0000000000000533
ill_conditioned_ring,coupling,0,QuadraticCoupling,0.1348388753143376,0.7833539498649645,0.12000000000055511,0.12000000000052735,0.12000000000054123,0.12,0.12,0.12,covered,1.0000000000046259
ill_conditioned_ring,coupling,1,QuadraticCoupling,0.7833539498649645,0.06396701595176804,0.1799999999990563,0.17999999999969468,0.1799999999993755,0.18,0.18,0.18,covered,0.9999999999983038
ill_conditioned_ring,coupling,2,QuadraticCoupling,0.06396701595176804,0.6512429589256202,0.2400000000000555,0.23999999999966692,0.2399999999998612,0.24,0.24,0.24,covered,1.0000000000002314
ill_conditioned_ring,coupling,3,QuadraticCoupling,0.6512429589256202,0.4570059007845344,0.12000000000000693,0.12000000000003469,0.12000000000002081,0.12,0.12,0.12,covered,1.000000000000289
ill_conditioned_ring,coupling,4,QuadraticCoupling,0.4570059007845344,0.1061536853760212,0.18000000000013877,0.17999999999969468,0.17999999999991673,0.18,0.18,0.18,covered,1.000000000000771
ill_conditioned_ring,coupling,5,QuadraticCoupling,0.1061536853760212,0.8185838436708988,0.2400000000000555,0.23999999999966692,0.2399999999998612,0.24,0.24,0.24,covered,1.0000000000002314
ill_conditioned_ring,coupling,6,QuadraticCoupling,0.8185838436708988,0.022959802552569856,0.11999999999983346,0.11999999999998612,0.11999999999990979,0.12,0.12,0.12,covered,0.9999999999998843
ill_conditioned_ring,coupling,7,QuadraticCoupling,0.022959802552569856,0.8266839510779469,0.17999999999963223,0.18000000000044408,0.18000000000003816,0.18,0.18,0.18,covered,1.0000000000024671
ill_conditioned_ring,coupling,8,QuadraticCoupling,0.8266839510779469,0.6811074254228622,0.24000000000001387,0.24000000000001387,0.24000000000001387,0.24,0.24,0.24,covered,1.0000000000000577
ill_conditioned_ring,coupling,9,QuadraticCoupling,0.6811074254228622,0.6669733924217952,0.1199999999999961,0.1199999999999961,0.1199999999999961,0.12,0.12,0.12,covered,0.9999999999999675
ill_conditioned_ring,coupling,10,QuadraticCoupling,0.6669733924217952,0.32164399174884334,0.18000000000009714,0.17999999999979183,0.17999999999994448,0.18,0.18,0.18,covered,1.0000000000005398
ill_conditioned_ring,coupling,11,QuadraticCoupling,0.32164399174884334,0.27168549955115356,0.23999999999998264,0.23999999999998264,0.23999999999998264,0.24,0.24,0.24,covered,0.9999999999999277
ill_conditioned_ring,coupling,12,QuadraticCoupling,0.27168549955115356,0.055773054827310486,0.11999999999986122,0.11999999999994448,0.11999999999990285,0.12,0.12,0.12,covered,0.9999999999995374
ill_conditioned_ring,coupling,13,QuadraticCoupling,0.055773054827310486,0.049676970727079425,0.17999999999999264,0.17999999999999264,0.17999999999999264,0.18,0.18,0.18,covered,0.9999999999999591
ill_conditioned_ring,coupling,14,QuadraticCoupling,0.049676970727079425,0.42503977043523283,0.23999999999988897,0.23999999999972244,0.2399999999998057,0.24,0.24,0.24,covered,0.9999999999995374
ill_conditioned_ring,coupling,15,QuadraticCoupling,0.42503977043523283,0.904916684922806,0.12000000000020816,0.1200000000001804,0.12000000000019428,0.12,0.12,0.12,covered,1.0000000000017348
ill_conditioned_ring,coupling,16,QuadraticCoupling,0.904916684922806,0.5171121876739243,0.18000000000044408,0.18000000000044408,0.18000000000044408,0.18,0.18,0.18,covered,1.0000000000024671
ill_conditioned_ring,coupling,17,QuadraticCoupling,0.5171121876739243,0.9310474379345808,0.23999999999966692,0.23999999999966692,0.23999999999966692,0.24,0.24,0.24,covered,0.9999999999986122
ill_conditioned_ring,coupling,18,QuadraticCoupling,0.9310474379345808,0.9486774135026789,0.12000000000000693,0.12000000000000693,0.12000000000000693,0.12,0.12,0.12,covered,1.0000000000000577
ill_conditioned_ring,coupling,19,QuadraticCoupling,0.9486774135026789,0.33232647088999157,0.18000000000044408,0.17999999999944488,0.17999999999994448,0.18,0.18,0.18,covered,1.0000000000024671
ill_conditioned_ring,coupling,20,QuadraticCoupling,0.33232647088999157,0.9496632505501514,0.24000000000111021,0.23999999999966692,0.24000000000038857,0.24,0.24,0.24,covered,1.0000000000046259
ill_conditioned_ring,coupling,21,QuadraticCoupling,0.9496632505501514,0.638225903644672,0.11999999999983346,0.11999999999983346,0.11999999999983346,0.12,0.12,0.12,covered,0.9999999999986122
ill_conditioned_ring,coupling,22,QuadraticCoupling,0.638225903644672,0.5127713092671045,0.17999999999992367,0.17999999999992367,0.17999999999992367,0.18,0.18,0.18,covered,0.999999999999576
ill_conditioned_ring,coupling,23,QuadraticCoupling,0.5127713092671045,0.1348388753143376,0.1600000000001249,0.16000000000027756,0.16000000000020123,0.16,0.16,0.16,covered,1.0000000000017346
ill_conditioned_ring,module,0,QuadraticWell,0.42867398330686995,,0.5213956364527931,,,0.5213956364518769,,,covered,1.000000000001757
ill_conditioned_ring,module,1,QuadraticWell,0.413432794980803,,1.4780855274328581,,,1.478085527430565,,,covered,1.0000000000015514
ill_conditioned_ring,module,2,QuadraticWell,0.6804487587884546,,0.10923684131984333,,,0.10923684131998462,,,covered,0.9999999999987066
ill_conditioned_ring,module,3,QuadraticWell,0.41519409673862573,,15.413346886090768,,,15.413346886099353,,,covered,0.999999999999443
ill_conditioned_ring,module,4,QuadraticWell,0.15016410449208673,,0.3096715486841329,,,0.30967154868431807,,,covered,0.999999999999402
ill_conditioned_ring,module,5,QuadraticWell,0.8165714909336784,,2.48866047778429,,,2.4886604777844563,,,covered,0.999999999999933
ill_conditioned_ring,module,6,QuadraticWell,0.40476800547191694,,0.67655083650019,,,0.676550836498855,,,covered,1.0000000000019733
ill_conditioned_ring,module,7,QuadraticWell,0.3096168642712232,,0.05,,,0.05,,,covered,1.0
ill_conditioned_ring,module,8,QuadraticWell,0.38768774163008113,,1.1391122480805247,,,1.1391122480805214,,,covered,1.0000000000000029
ill_conditioned_ring,module,9,QuadraticWell,0.5989187949704051,,20.0,,,20.0,,,covered,1.0
ill_conditioned_ring,module,10,QuadraticWell,0.5803383797170711,,0.23865375003138628,,,0.23865375003134995,,,covered,1.0000000000001523
ill_conditioned_ring,module,11,QuadraticWell,0.5636161029040536,,9.15442068734343,,,9.15442068734601,,,covered,0.9999999999997182
ill_conditioned_ring,module,12,QuadraticWell,0.4192162309545444,,0.8778766110930749,,,0.8778766110934768,,,covered,0.9999999999995421
ill_conditioned_ring,module,13,QuadraticWell,0.08397506853451248,,0.06487883568650782,,,0.06487883568635296,,,covered,1.000000000002387
ill_conditioned_ring,module,14,QuadraticWell,0.6256889708997344,,0.401822590476605,,,0.40182259047656643,,,covered,1.000000000000096
ill_conditioned_ring,module,15,QuadraticWell,0.25005155162842496,,0.18392265174592062,,,0.18392265174508207,,,covered,1.0000000000045592
ill_conditioned_ring,module,16,QuadraticWell,0.31929932268718914,,0.14174318157790658,,,0.14174318157790983,,,covered,0.9999999999999771
ill_conditioned_ring,module,17,QuadraticWell,0.09778190291144824,,11.878563111538284,,,11.87856311156143,,,covered,0.9999999999980514
ill_conditioned_ring,module,18,QuadraticWell,0.8545045334937099,,7.055013079769656,,,7.055013079767405,,,covered,1.000000000000319
ill_conditioned_ring,module,19,QuadraticWell,0.8693403213268437,,1.9179293612923831,,,1.9179293612908799,,,covered,1.0000000000007838
ill_conditioned_ring,module,20,QuadraticWell,0.10125845615774914,,5.4370681942271775,,,5.4370681942211565,,,covered,1.0000000000011073
ill_conditioned_ring,module,21,QuadraticWell,0.5499739655593234,,3.229227884352911,,,3.2292278843459683,,,covered,1.00000000000215
ill_conditioned_ring,module,22,QuadraticWell,0.12802314157792236,,0.08418526640024866,,,0.08418526640033569,,,covered,0.9999999999989663
ill_conditioned_ring,module,23,QuadraticWell,0.1959572882899654,,4.190170906066799,,,4.190170906045426,,,covered,1.0000000000051006
ill_conditioned_ring,coupling,0,QuadraticCoupling,0.42867398330686995,0.413432794980803,0.12000000000000217,0.12000000000000217,0.12000000000000217,0.12,0.12,0.12,covered,1.0000000000000182
ill_conditioned_ring,coupling,1,QuadraticCoupling,0.413432794980803,0.6804487587884546,0.17999999999979183,0.18000000000009714,0.17999999999994448,0.18,0.18,0.18,covered,1.0000000000005398
ill_conditioned_ring,coupling,2,QuadraticCoupling,0.6804487587884546,0.41519409673862573,0.2400000000003608,0.24000000000041632,0.24000000000038857,0.24,0.24,0.24,covered,1.0000000000017348
ill_conditioned_ring,coupling,3,QuadraticCoupling,0.41519409673862573,0.15016410449208673,0.11999999999986122,0.11999999999986122,0.11999999999986122,0.12,0.12,0.12,covered,0.9999999999988435
ill_conditioned_ring,coupling,4,QuadraticCoupling,0.15016410449208673,0.8165714909336784,0.179999999998751,0.1799999999997502,0.1799999999992506,0.18,0.18,0.18,covered,0.9999999999986122
ill_conditioned_ring,coupling,5,QuadraticCoupling,0.8165714909336784,0.40476800547191694,0.23999999999966692,0.23999999999972244,0.23999999999969468,0.24,0.24,0.24,covered,0.9999999999988435
ill_conditioned_ring,coupling,6,QuadraticCoupling,0.40476800547191694,0.3096168642712232,0.12000000000003469,0.12000000000003469,0.12000000000003469,0.12,0.12,0.12,covered,1.000000000000289
ill_conditioned_ring,coupling,7,QuadraticCoupling,0.3096168642712232,0.38768774163008113,0.1799999999999653,0.1799999999999653,0.1799999999999653,0.18,0.18,0.18,covered,0.9999999999998073
ill_conditioned_ring,coupling,8,QuadraticCoupling,0.38768774163008113,0.5989187949704051,0.24000000000006938,0.24000000000001387,0.24000000000004162,0.24,0.24,0.24,covered,1.000000000000289
ill_conditioned_ring,coupling,9,QuadraticCoupling,0.5989187949704051,0.5803383797170711,0.11999999999998526,0.11999999999998526,0.11999999999998526,0.12,0.12,0.12,covered,0.9999999999998772
ill_conditioned_ring,coupling,10,QuadraticCoupling,0.5803383797170711,0.5636161029040536,0.17999999999998872,0.17999999999998872,0.17999999999998872,0.18,0.18,0.18,covered,0.9999999999999374
ill_conditioned_ring,coupling,11,QuadraticCoupling,0.5636161029040536,0.4192162309545444,0.24000000000001387,0.24000000000006938,0.24000000000004162,0.24,0.24,0.24,covered,1.000000000000289
ill_conditioned_ring,coupling,12,QuadraticCoupling,0.4192162309545444,0.08397506853451248,0.12000000000020816,0.1200000000003747,0.12000000000029143,0.12,0.12,0.12,covered,1.0000000000031226
ill_conditioned_ring,coupling,13,QuadraticCoupling,0.08397506853451248,0.6256889708997344,0.18000000000038857,0.1799999999997502,0.18000000000006938,0.18,0.18,0.18,covered,1.0000000000021587
ill_conditioned_ring,coupling,14,QuadraticCoupling,0.6256889708997344,0.25005155162842496,0.2400000000003608,0.24000000000041632,0.24000000000038857,0.24,0.24,0.24,covered,1.0000000000017348
ill_conditioned_ring,coupling,15,QuadraticCoupling,0.25005155162842496,0.31929932268718914,0.11999999999994795,0.11999999999994795,0.11999999999994795,0.12,0.12,0.12,covered,0.9999999999995663
ill_conditioned_ring,coupling,16,QuadraticCoupling,0.31929932268718914,0.09778190291144824,0.17999999999979183,0.18000000000004163,0.17999999999991673,0.18,0.18,0.18,covered,1.0000000000002314
ill_conditioned_ring,coupling,17,QuadraticCoupling,0.09778190291144824,0.8545045334937099,0.2400000000000555,0.23999999999966692,0.2399999999998612,0.24,0.24,0.24,covered,1.0000000000002314
ill_conditioned_ring,coupling,18,QuadraticCoupling,0.8545045334937099,0.8693403213268437,0.1199999999999961,0.1199999999999961,0.1199999999999961,0.12,0.12,0.12,covered,0.9999999999999675
ill_conditioned_ring,coupling,19,QuadraticCoupling,0.8693403213268437,0.10125845615774914,0.18000000000044408,0.17999999999969468,0.18000000000006938,0.18,0.18,0.18,covered,1.0000000000024671
ill_conditioned_ring,coupling,20,QuadraticCoupling,0.10125845615774914,0.5499739655593234,0.2400000000000555,0.23999999999966692,0.2399999999998612,0.24,0.24,0.24,covered,1.0000000000002314
ill_conditioned_ring,coupling,21,QuadraticCoupling,0.5499739655593234,0.12802314157792236,0.11999999999983346,0.11999999999986122,0.11999999999984734,0.12,0.12,0.12,covered,0.9999999999988435
ill_conditioned_ring,coupling,22,QuadraticCoupling,0.12802314157792236,0.1959572882899654,0.18000000000005204,0.18000000000005204,0.18000000000005204,0.18,0.18,0.18,covered,1.000000000000289
ill_conditioned_ring,coupling,23,QuadraticCoupling,0.1959572882899654,0.42867398330686995,0.15999999999993061,0.15999999999993061,0.15999999999993061,0.16,0.16,0.16,covered,0.9999999999995663
ill_conditioned_ring,module,0,QuadraticWell,0.6490228213109049,,0.521395636452218,,,0.5213956364518769,,,covered,1.0000000000006541
ill_conditioned_ring,module,1,QuadraticWell,0.7518260464540036,,1.4780855274306548,,,1.478085527430565,,,covered,1.0000000000000606
ill_conditioned_ring,module,2,QuadraticWell,0.11618270970204556,,0.10923684131990896,,,0.10923684131998462,,,covered,0.9999999999993073
ill_conditioned_ring,module,3,QuadraticWell,0.5685533440385669,,15.413346886087512,,,15.413346886099353,,,covered,0.9999999999992317
ill_conditioned_ring,module,4,QuadraticWell,0.08307524749876055,,0.30967154868456265,,,0.30967154868431807,,,covered,1.0000000000007898
ill_conditioned_ring,module,5,QuadraticWell,0.9793684876160708,,2.48866047778429,,,2.4886604777844563,,,covered,0.999999999999933
ill_conditioned_ring,module,6,QuadraticWell,0.7639964033405825,,0.6765508364987414,,,0.676550836498855,,,covered,0.9999999999998321
ill_conditioned_ring,module,7,QuadraticWell,0.8474832210671598,,0.04999999999997398,,,0.05,,,covered,0.9999999999994796
ill_conditioned_ring,module,8,QuadraticWell,0.2800204869645691,,1.1391122480805247,,,1.1391122480805214,,,covered,1.0000000000000029
ill_conditioned_ring,module,9,QuadraticWell,0.26358057734208956,,20.000000000022204,,,20.0,,,covered,1.0000000000011102
ill_conditioned_ring,module,10,QuadraticWell,0.5485655190747962,,0.23865375003138628,,,0.23865375003134995,,,covered,1.0000000000001523
ill_conditioned_ring,module,11,QuadraticWell,0.7550882426333262,,9.154420687337879,,,9.15442068734601,,,covered,0.9999999999991118
ill_conditioned_ring,module,12,QuadraticWell,0.5787015269412448,,0.8778766110937848,,,0.8778766110934768,,,covered,1.0000000000003508
ill_conditioned_ring,module,13,QuadraticWell,0.7513859438368737,,0.06487883568634968,,,0.06487883568635296,,,covered,0.9999999999999495
ill_conditioned_ring,module,14,QuadraticWell,0.152706716717641,,0.40182259047715,,,0.40182259047656643,,,covered,1.0000000000014524
ill_conditioned_ring,module,15,QuadraticWell,0.073670818992646,,0.18392265174617586,,,0.18392265174508207,,,covered,1.000000000005947
ill_conditioned_ring,module,16,QuadraticWell,0.3436625687119724,,0.14174318157792826,,,0.14174318157790983,,,covered,1.0000000000001301
ill_conditioned_ring,module,17,QuadraticWell,0.8187132577124747,,11.878563111561371,,,11.87856311156143,,,covered,0.9999999999999951
ill_conditioned_ring,module,18,QuadraticWell,0.9756079456985939,,7.055013079769656,,,7.055013079767405,,,covered,1.000000000000319
ill_conditioned_ring,module,19,QuadraticWell,0.31075211835535876,,1.9179293612900632,,,1.9179293612908799,,,covered,0.9999999999995742
ill_conditioned_ring,module,20,QuadraticWell,0.29086723189279073,,5.437068194219632,,,5.4370681942211565,,,covered,0.9999999999997197
ill_conditioned_ring,module,21,QuadraticWell,0.23661313211207569,,3.2292278843460878,,,3.2292278843459683,,,covered,1.000000000000037
ill_conditioned_ring,module,22,QuadraticWell,0.1560021355114894,,0.08418526640024866,,,0.08418526640033569,,,covered,0.9999999999989663
ill_conditioned_ring,module,23,QuadraticWell,0.04564843955406829,,4.190170906047501,,,4.190170906045426,,,covered,1.0000000000004952
ill_conditioned_ring,coupling,0,QuadraticCoupling,0.6490228213109049,0.7518260464540036,0.12000000000000693,0.12000000000000693,0.12000000000000693,0.12,0.12,0.12,covered,1.0000000000000577
ill_conditioned_ring,coupling,1,QuadraticCoupling,0.7518260464540036,0.11618270970204556,0.18000000000044408,0.18000000000038857,0.18000000000041633,0.18,0.18,0.18,covered,1.0000000000024671
ill_conditioned_ring,coupling,2,QuadraticCoupling,0.11618270970204556,0.5685533440385669,0.2400000000000555,0.2400000000003608,0.24000000000020816,0.24,0.24,0.24,covered,1.0000000000015035
ill_conditioned_ring,coupling,3,QuadraticCoupling,0.5685533440385669,0.08307524749876055,0.11999999999983346,0.12000000000002775,0.1199999999999306,0.12,0.12,0.12,covered,1.0000000000002314
ill_conditioned_ring,coupling,4,QuadraticCoupling,0.08307524749876055,0.9793684876160708,0.17999999999969468,0.18000000000044408,0.18000000000006938,0.18,0.18,0.18,covered,1.0000000000024671
ill_conditioned_ring,coupling,5,QuadraticCoupling,0.9793684876160708,0.7639964033405825,0.23999999999966692,0.23999999999966692,0.23999999999966692,0.24,0.24,0.24,covered,0.9999999999986122
ill_conditioned_ring,coupling,6,QuadraticCoupling,0.7639964033405825,0.8474832210671598,0.12000000000000693,0.12000000000000693,0.12000000000000693,0.12,0.12,0.12,covered,1.0000000000000577
ill_conditioned_ring,coupling,7,QuadraticCoupling,0.8474832210671598,0.2800204869645691,0.1799999999997502,0.17999999999944488,0.17999999999959754,0.18,0.18,0.18,covered,0.9999999999986122
ill_conditioned_ring,coupling,8,QuadraticCoupling,0.2800204869645691,0.26358057734208956,0.23999999999998264,0.23999999999998264,0.23999999999998264,0.24,0.24,0.24,covered,0.9999999999999277
ill_conditioned_ring,coupling,9,QuadraticCoupling,0.26358057734208956,0.5485655190747962,0.12000000000020816,0.1200000000001804,0.12000000000019428,0.12,0.12,0.12,covered,1.0000000000017348
ill_conditioned_ring,coupling,10,QuadraticCoupling,0.5485655190747962,0.7550882426333262,0.18000000000009714,0.18000000000009714,0.18000000000009714,0.18,0.18,0.18,covered,1.0000000000005398
ill_conditioned_ring,coupling,11,QuadraticCoupling,0.7550882426333262,0.5787015269412448,0.24000000000001387,0.24000000000001387,0.24000000000001387,0.24,0.24,0.24,covered,1.0000000000000577
ill_conditioned_ring,coupling,12,QuadraticCoupling,0.5787015269412448,0.7513859438368737,0.12000000000000693,0.12000000000000693,0.12000000000000693,0.12,0.12,0.12,covered,1.0000000000000577
ill_conditioned_ring,coupling,13,QuadraticCoupling,0.7513859438368737,0.152706716717641,0.1799999999997502,0.18000000000013877,0.17999999999994448,0.18,0.18,0.18,covered,1.000000000000771
ill_conditioned_ring,coupling,14,QuadraticCoupling,0.152706716717641,0.073670818992646,0.2399999999998959,0.23999999999988203,0.23999999999988897,0.24,0.24,0.24,covered,0.9999999999995663
ill_conditioned_ring,coupling,15,QuadraticCoupling,0.073670818992646,0.3436625687119724,0.12000000000002775,0.11999999999986122,0.11999999999994448,0.12,0.12,0.12,covered,1.0000000000002314
ill_conditioned_ring,coupling,16,QuadraticCoupling,0.3436625687119724,0.8187132577124747,0.18000000000013877,0.18000000000044408,0.18000000000029143,0.18,0.18,0.18,covered,1.0000000000024671
ill_conditioned_ring,coupling,17,QuadraticCoupling,0.8187132577124747,0.9756079456985939,0.24000000000001387,0.24000000000001387,0.24000000000001387,0.24,0.24,0.24,covered,1.0000000000000577
ill_conditioned_ring,coupling,18,QuadraticCoupling,0.9756079456985939,0.31075211835535876,0.11999999999983346,0.11999999999916733,0.1199999999995004,0.12,0.12,0.12,covered,0.9999999999986122
ill_conditioned_ring,coupling,19,QuadraticCoupling,0.31075211835535876,0.29086723189279073,0.18000000000000868,0.18000000000000868,0.18000000000000868,0.18,0.18,0.18,covered,1.0000000000000482
ill_conditioned_ring,coupling,20,QuadraticCoupling,0.29086723189279073,0.23661313211207569,0.23999999999998264,0.23999999999998264,0.23999999999998264,0.24,0.24,0.24,covered,0.9999999999999277
ill_conditioned_ring,coupling,21,QuadraticCoupling,0.23661313211207569,0.1560021355114894,0.11999999999994795,0.11999999999994795,0.11999999999994795,0.12,0.12,0.12,covered,0.9999999999995663
ill_conditioned_ring,coupling,22,QuadraticCoupling,0.1560021355114894,0.04564843955406829,0.1799999999999653,0.17999999999991673,0.179999999999941,0.18,0.18,0.18,covered,0.9999999999998073
ill_conditioned_ring,coupling,23,QuadraticCoupling,0.04564843955406829,0.6490228213109049,0.1599999999996947,0.15999999999977796,0.15999999999973633,0.16,0.16,0.16,covered,0.9999999999986122
nonlinear_quartic,module,0,QuarticWell,0.7361228679715852,,4.029058429221317,,,4.029058429086891,,,covered,1.000000000033364
nonlinear_quartic,module,1,QuarticWell,0.6362342104115375,,1.221210746581165,,,1.221210746398307,,,covered,1.000000000149735
nonlinear_quartic,module,2,QuarticWell,0.10538141254728706,,1.8391690750470449,,,1.8391690749800549,,,covered,1.000000000036424
nonlinear_quartic,module,3,QuarticWell,0.005630777801370002,,2.7148659572097107,,,2.7148659569834974,,,covered,1.000000000083324
nonlinear_quartic,module,4,QuarticWell,0.2922136766237252,,0.8748598076499102,,,0.8748598074361843,,,covered,1.0000000002442972
nonlinear_quartic,module,5,QuarticWell,0.05275245821302732,,1.1354158234552068,,,1.1354158233350315,,,covered,1.0000000001058424
nonlinear_quartic,module,6,QuarticWell,0.7827570711731028,,0.45940188499201057,,,0.45940188490642186,,,covered,1.0000000001863047
nonlinear_quartic,module,7,QuarticWell,0.6010448753611416,,0.885930118221669,,,0.8859301180861315,,,covered,1.000000000152989
nonlinear_quartic,module,8,QuarticWell,0.37210970181453284,,0.3657307438120572,,,0.3657307436654817,,,covered,1.0000000004007745
nonlinear_quartic,module,9,QuarticWell,0.02415122212795684,,2.0224492333687776,,,2.0224492332993966,,,covered,1.0000000000343054
nonlinear_quartic,module,10,QuarticWell,0.7409591411709501,,3.259765282080232,,,3.259765281980272,,,covered,1.0000000000306648
nonlinear_quartic,module,11,QuarticWell,0.8579234791341559,,1.274530079811958,,,1.274530079642541,,,covered,1.0000000001329252
nonlinear_quartic,coupling,0,QuadraticCoupling,0.7361228679715852,0.6362342104115375,0.1600000000001249,0.1600000000001249,0.1600000000001249,0.16,0.16,0.16,covered,1.0000000000007807
nonlinear_quartic,coupling,1,QuadraticCoupling,0.6362342104115375,0.10538141254728706,0.2199999999996947,0.21999999999877876,0.21999999999923672,0.22,0.22,0.22,covered,0.9999999999986122
nonlinear_quartic,coupling,2,QuadraticCoupling,0.10538141254728706,0.005630777801370002,0.28000000000000697,0.2799999999999098,0.2799999999999584,0.28,0.28,0.28,covered,1.0000000000000249
nonlinear_quartic,coupling,3,QuadraticCoupling,0.005630777801370002,0.2922136766237252,0.16000000000009715,0.15999999999993061,0.16000000000001388,0.16,0.16,0.16,covered,1.000000000000607
nonlinear_quartic,coupling,4,QuadraticCoupling,0.2922136766237252,0.05275245821302732,0.21999999999986122,0.22000000000001388,0.21999999999993755,0.22,0.22,0.22,covered,1.000000000000063
nonlinear_quartic,coupling,5,QuadraticCoupling,0.05275245821302732,0.7827570711731028,0.2799999999996392,0.2800000000009992,0.2800000000003192,0.28,0.28,0.28,covered,1.0000000000035685
nonlinear_quartic,coupling,6,QuadraticCoupling,0.7827570711731028,0.6010448753611416,0.15999999999995143,0.15999999999995143,0.15999999999995143,0.16,0.16,0.16,covered,0.9999999999996965
nonlinear_quartic,coupling,7,QuadraticCoupling,0.6010448753611416,0.37210970181453284,0.22000000000004163,0.22000000000020817,0.2200000000001249,0.22,0.22,0.22,covered,1.0000000000009461
nonlinear_quartic,coupling,8,QuadraticCoupling,0.37210970181453284,0.02415122212795684,0.2800000000001388,0.28000000000043024,0.2800000000002845,0.28,0.28,0.28,covered,1.0000000000015365
nonlinear_quartic,coupling,9,QuadraticCoupling,0.02415122212795684,0.7409591411709501,0.1599999999997502,0.16000000000047185,0.16000000000011103,0.16,0.16,0.16,covered,1.000000000002949
nonlinear_quartic,coupling,10,QuadraticCoupling,0.7409591411709501,0.8579234791341559,0.21999999999986816,0.21999999999986816,0.21999999999986816,0.22,0.22,0.22,covered,0.9999999999994007
nonlinear_quartic,module,0,QuarticWell,0.23780993699462621,,5.379379493314523,,,5.379379493166191,,,covered,1.0000000000275742
nonlinear_quartic,module,1,QuarticWell,0.828415983090314,,1.0249330205965395,,,1.0249330204149412,,,covered,1.0000000001771807
nonlinear_quartic,module,2,QuarticWell,0.299145620533449,,1.7669889660839462,,,1.7669889660194205,,,covered,1.0000000000365172
nonlinear_quartic,module,3,QuarticWell,0.5096914990671166,,2.7786992253657665,,,2.7786992251381575,,,covered,1.000000000081912
nonlinear_quartic,module,4,QuarticWell,0.23380011464944453,,1.1127767915788929,,,1.1127767913640676,,,covered,1.0000000001930534
nonlinear_quartic,module,5,QuarticWell,0.26007364822244966,,0.5605293689767089,,,0.5605293688602127,,,covered,1.0000000002078326
nonlinear_quartic,module,6,QuarticWell,0.5396234392456806,,0.6746743785829463,,,0.6746743784977396,,,covered,1.0000000001262932
nonlinear_quartic,module,7,QuarticWell,0.0913437892904476,,2.607632837493446,,,2.60763283735925,,,covered,1.0000000000514626
nonlinear_quartic,module,8,QuarticWell,0.4099496364488825,,0.43660822443792513,,,0.4366082242916975,,,covered,1.0000000003349172
nonlinear_quartic,module,9,QuarticWell,0.7645209197288417,,1.4322559892208888,,,1.4322559891453865,,,covered,1.0000000000527156
nonlinear_quartic,module,10,QuarticWell,0.7556278647314189,,3.283519943723623,,,3.283519943627712,,,covered,1.0000000000292097
nonlinear_quartic,module,11,QuarticWell,0.8548582102328944,,1.2631714937846072,,,1.2631714936130796,,,covered,1.0000000001357914
nonlinear_quartic,coupling,0,QuadraticCoupling,0.23780993699462621,0.828415983090314,0.15999999999958367,0.15999999999977796,0.15999999999968081,0.16,0.16,0.16,covered,0.9999999999986122
nonlinear_quartic,coupling,1,QuadraticCoupling,0.828415983090314,0.299145620533449,0.2199999999996947,0.21999999999986122,0.21999999999977796,0.22,0.22,0.22,covered,0.9999999999993692
nonlinear_quartic,coupling,2,QuadraticCoupling,0.299145620533449,0.5096914990671166,0.2800000000001388,0.2799999999999584,0.2800000000000486,0.28,0.28,0.28,covered,1.0000000000004956
nonlinear_quartic,coupling,3,QuadraticCoupling,0.5096914990671166,0.23380011464944453,0.1600000000001249,0.15999999999993061,0.16000000000002776,0.16,0.16,0.16,covered,1.0000000000007807
nonlinear_quartic,coupling,4,QuadraticCoupling,0.23380011464944453,0.26007364822244966,0.2199999999999913,0.2199999999999913,0.2199999999999913,0.22,0.22,0.22,covered,0.9999999999999605
nonlinear_quartic,coupling,5,QuadraticCoupling,0.26007364822244966,0.5396234392456806,0.2800000000001388,0.28000000000030534,0.28000000000022207,0.28,0.28,0.28,covered,1.0000000000010905
nonlinear_quartic,coupling,6,QuadraticCoupling,0.5396234392456806,0.0913437892904476,0.15999999999977796,0.15999999999911182,0.1599999999994449,0.16,0.16,0.16,covered,0.9999999999986122
nonlinear_quartic,coupling,7,QuadraticCoupling,0.0913437892904476,0.4099496364488825,0.21999999999947265,0.21999999999986122,0.21999999999966693,0.22,0.22,0.22,covered,0.9999999999993692
nonlinear_quartic,coupling,8,QuadraticCoupling,0.4099496364488825,0.7645209197288417,0.2800000000001388,0.27999999999961145,0.2799999999998751,0.28,0.28,0.28,covered,1.0000000000004956
nonlinear_quartic,coupling,9,QuadraticCoupling,0.7645209197288417,0.7556278647314189,0.16000000000000564,0.16000000000000564,0.16000000000000564,0.16,0.16,0.16,covered,1.0000000000000353
nonlinear_quartic,coupling,10,QuadraticCoupling,0.7556278647314189,0.8548582102328944,0.22000000000004163,0.22000000000004163,0.22000000000004163,0.22,0.22,0.22,covered,1.0000000000001892
nonlinear_quartic,module,0,QuarticWell,0.12177719940818896,,5.983177886117563,,,5.9831778859849125,,,covered,1.0000000000221705
nonlinear_quartic,module,1,QuarticWell,0.8268647170135263,,1.0249063856503378,,,1.0249063854687483,,,covered,1.0000000001771765
nonlinear_quartic,module,2,QuarticWell,0.9677837178735781,,2.63413285834879,,,2.6341328582883388,,,covered,1.0000000000229492
nonlinear_quartic,module,3,QuarticWell,0.8589725763360353,,4.822220261390972,,,4.822220261159049,,,covered,1.0000000000480946
nonlinear_quartic,module,4,QuarticWell,0.22705830647863612,,1.1430669763226269,,,1.143066976107388,,,covered,1.0000000001882996
nonlinear_quartic,module,5,QuarticWell,0.710015783216468,,0.35090495866238575,,,0.35090495854553516,,,covered,1.0000000003329979
nonlinear_quartic,module,6,QuarticWell,0.7774801901515919,,0.4608525758264902,,,0.4608525757409069,,,covered,1.0000000001857066
nonlinear_quartic,module,7,QuarticWell,0.5879270324411738,,0.9037897129720638,,,0.9037897128360753,,,covered,1.0000000001504648
nonlinear_quartic,module,8,QuarticWell,0.40494125059920694,,0.4265044928178261,,,0.4265044926716931,,,covered,1.0000000003426295
nonlinear_quartic,module,9,QuarticWell,0.16329200245861533,,1.7211905183927563,,,1.721190518317044,,,covered,1.0000000000439884
nonlinear_quartic,module,10,QuarticWell,0.8817478578508237,,3.5394756909884575,,,3.539475690892008,,,covered,1.0000000000272498
nonlinear_quartic,module,11,QuarticWell,0.38353058135731105,,0.6548261621823871,,,0.6548261620119369,,,covered,1.0000000002602984
nonlinear_quartic,coupling,0,QuadraticCoupling,0.12177719940818896,0.8268647170135263,0.15999999999980571,0.15999999999977796,0.15999999999979184,0.16,0.16,0.16,covered,0.9999999999987857
nonlinear_quartic,coupling,1,QuadraticCoupling,0.8268647170135263,0.9677837178735781,0.22000000000004163,0.22000000000004163,0.22000000000004163,0.22,0.22,0.22,covered,1.0000000000001892
nonlinear_quartic,coupling,2,QuadraticCoupling,0.9677837178735781,0.8589725763360353,0.2799999999999584,0.2799999999999584,0.2799999999999584,0.28,0.28,0.28,covered,0.9999999999998513
nonlinear_quartic,coupling,3,QuadraticCoupling,0.8589725763360353,0.22705830647863612,0.15999999999977796,0.16000000000097145,0.1600000000003747,0.16,0.16,0.16,covered,1.0000000000060716
nonlinear_quartic,coupling,4,QuadraticCoupling,0.22705830647863612,0.710015783216468,0.21999999999986122,0.2199999999996947,0.21999999999977796,0.22,0.22,0.22,covered,0.9999999999993692
nonlinear_quartic,coupling,5,QuadraticCoupling,0.710015783216468,0.7774801901515919,0.2799999999999584,0.2799999999999584,0.2799999999999584,0.28,0.28,0.28,covered,0.9999999999998513
nonlinear_quartic,coupling,6,QuadraticCoupling,0.7774801901515919,0.5879270324411738,0.15999999999995143,0.15999999999995143,0.15999999999995143,0.16,0.16,0.16,covered,0.9999999999996965
nonlinear_quartic,coupling,7,QuadraticCoupling,0.5879270324411738,0.40494125059920694,0.22000000000004163,0.21999999999986122,0.21999999999995143,0.22,0.22,0.22,covered,1.0000000000001892
nonlinear_quartic,coupling,8,QuadraticCoupling,0.40494125059920694,0.16329200245861533,0.2800000000001388,0.2800000000001388,0.2800000000001388,0.28,0.28,0.28,covered,1.0000000000004956
nonlinear_quartic,coupling,9,QuadraticCoupling,0.16329200245861533,0.8817478578508237,0.16000000000027756,0.16000000000047185,0.1600000000003747,0.16,0.16,0.16,covered,1.000000000002949
nonlinear_quartic,coupling,10,QuadraticCoupling,0.8817478578508237,0.38353058135731105,0.22000000000038858,0.21999999999986122,0.2200000000001249,0.22,0.22,0.22,covered,1.0000000000017664
nonlinear_quartic,module,0,QuarticWell,0.7960541470821917,,4.002471616213789,,,4.0024716160785925,,,covered,1.0000000000337783
nonlinear_quartic,module,1,QuarticWell,0.8494886738633428,,1.027891975150652,,,1.0278919749689823,,,covered,1.00000000017674
nonlinear_quartic,module,2,QuarticWell,0.3057508292423651,,1.7670903565537182,,,1.7670903564891114,,,covered,1.0000000000365612
nonlinear_quartic,module,3,QuarticWell,0.30513227236265983,,2.3418380639701923,,,2.341838063747635,,,covered,1.0000000000950353
nonlinear_quartic,module,4,QuarticWell,0.4757073765007872,,0.41356854126553816,,,0.4135685410508507,,,covered,1.0000000005191096
nonlinear_quartic,module,5,QuarticWell,0.7555899786265659,,0.40893917956619374,,,0.40893917944896424,,,covered,1.0000000002866674
nonlinear_quartic,module,6,QuarticWell,0.4573555842883744,,0.8162242856566023,,,0.816224285571773,,,covered,1.000000000103929
nonlinear_quartic,module,7,QuarticWell,0.07518173222181619,,2.6967367403606852,,,2.6967367402228364,,,covered,1.0000000000511169
nonlinear_quartic,module,8,QuarticWell,0.7834269313862833,,1.8112263388574685,,,1.8112263387117162,,,covered,1.0000000000804716
nonlinear_quartic,module,9,QuarticWell,0.9777986950659838,,1.7250167184646683,,,1.7250167183892366,,,covered,1.0000000000437281
nonlinear_quartic,module,10,QuarticWell,0.342932656943393,,3.0936225191010727,,,3.0936225190011,,,covered,1.0000000000323157
nonlinear_quartic,module,11,QuarticWell,0.05027830529806454,,1.5895861499188442,,,1.5895861497502968,,,covered,1.0000000001060323
nonlinear_quartic,coupling,0,QuadraticCoupling,0.7960541470821917,0.8494886738633428,0.16000000000003817,0.16000000000003817,0.16000000000003817,0.16,0.16,0.16,covered,1.0000000000002385
nonlinear_quartic,coupling,1,QuadraticCoupling,0.8494886738633428,0.3057508292423651,0.2199999999996947,0.220000000001249,0.22000000000047185,0.22,0.22,0.22,covered,1.0000000000056772
nonlinear_quartic,coupling,2,QuadraticCoupling,0.3057508292423651,0.30513227236265983,0.2800000000000005,0.2800000000000005,0.2800000000000005,0.28,0.28,0.28,covered,1.0000000000000018
nonlinear_quartic,coupling,3,QuadraticCoupling,0.30513227236265983,0.4757073765007872,0.15999999999993061,0.15999999999993061,0.15999999999993061,0.16,0.16,0.16,covered,0.9999999999995663
nonlinear_quartic,coupling,4,QuadraticCoupling,0.4757073765007872,0.7555899786265659,0.21999999999986122,0.22000000000004163,0.21999999999995143,0.22,0.22,0.22,covered,1.0000000000001892
nonlinear_quartic,coupling,5,QuadraticCoupling,0.7555899786265659,0.4573555842883744,0.27999999999961145,0.2799999999994449,0.2799999999995282,0.28,0.28,0.28,covered,0.9999999999986122
nonlinear_quartic,coupling,6,QuadraticCoupling,0.4573555842883744,0.07518173222181619,0.15999999999993061,0.16000000000015266,0.16000000000004164,0.16,0.16,0.16,covered,1.0000000000009541
nonlinear_quartic,coupling,7,QuadraticCoupling,0.07518173222181619,0.7834269313862833,0.22000000000086042,0.22000000000038858,0.2200000000006245,0.22,0.22,0.22,covered,1.000000000003911
nonlinear_quartic,coupling,8,QuadraticCoupling,0.7834269313862833,0.9777986950659838,0.2799999999999584,0.2799999999999584,0.2799999999999584,0.28,0.28,0.28,covered,0.9999999999998513
nonlinear_quartic,coupling,9,QuadraticCoupling,0.9777986950659838,0.342932656943393,0.15999999999977796,0.16000000000027756,0.16000000000002776,0.16,0.16,0.16,covered,1.0000000000017346
nonlinear_quartic,coupling,10,QuadraticCoupling,0.342932656943393,0.05027830529806454,0.21999999999986122,0.22000000000001388,0.21999999999993755,0.22,0.22,0.22,covered,1.000000000000063
nonlinear_quartic,module,0,QuarticWell,0.13504470660089005,,5.9086030837981225,,,5.908603083659957,,,covered,1.000000000023384
nonlinear_quartic,module,1,QuarticWell,0.49993570644004137,,1.6043116193060256,,,1.604311619124593,,,covered,1.0000000001130906
nonlinear_quartic,module,2,QuarticWell,0.45441795951231223,,1.814057073074988,,,1.8140570730082228,,,covered,1.0000000000368043
nonlinear_quartic,module,3,QuarticWell,0.6884115022056152,,3.619856817910037,,,3.619856817686392,,,covered,1.0000000000617828
nonlinear_quartic,module,4,QuarticWell,0.5838911034982999,,0.3449652046473638,,,0.3449652044325328,,,covered,1.0000000006227614
nonlinear_quartic,module,5,QuarticWell,0.4550332183024555,,0.2952095862905447,,,0.29520958617358517,,,covered,1.0000000003961915
nonlinear_quartic,module,6,QuarticWell,0.7369329202355417,,0.47676854479693703,,,0.4767685447114051,,,covered,1.0000000001793992
nonlinear_quartic,module,7,QuarticWell,0.2553823543014601,,1.8232918695219675,,,1.8232918693851983,,,covered,1.0000000000750122
nonlinear_quartic,module,8,QuarticWell,0.8140401902332488,,1.9782627836840807,,,1.978262783536723,,,covered,1.0000000000744884
nonlinear_quartic,module,9,QuarticWell,0.8208819008340351,,1.489498495700465,,,1.4894984956243327,,,covered,1.000000000051113
nonlinear_quartic,module,10,QuarticWell,0.4060362220915149,,3.058406876111913,,,3.058406876013683,,,covered,1.000000000032118
nonlinear_quartic,module,11,QuarticWell,0.4143496509279821,,0.6254963401679238,,,0.6254963399984261,,,covered,1.000000000270981
nonlinear_quartic,coupling,0,QuadraticCoupling,0.13504470660089005,0.49993570644004137,0.15999999999993061,0.15999999999993061,0.15999999999993061,0.16,0.16,0.16,covered,0.9999999999995663
nonlinear_quartic,coupling,1,QuadraticCoupling,0.49993570644004137,0.45441795951231223,0.21999999999994796,0.21999999999994796,0.21999999999994796,0.22,0.22,0.22,covered,0.9999999999997634
nonlinear_quartic,coupling,2,QuadraticCoupling,0.45441795951231223,0.6884115022056152,0.2799999999994449,0.27999999999961145,0.2799999999995282,0.28,0.28,0.28,covered,0.9999999999986122
nonlinear_quartic,coupling,3,QuadraticCoupling,0.6884115022056152,0.5838911034982999,0.15999999999995143,0.15999999999995143,0.15999999999995143,0.16,0.16,0.16,covered,0.9999999999996965
nonlinear_quartic,coupling,4,QuadraticCoupling,0.5838911034982999,0.4550332183024555,0.22000000000004163,0.21999999999986122,0.21999999999995143,0.22,0.22,0.22,covered,1.0000000000001892
nonlinear_quartic,coupling,5,QuadraticCoupling,0.4550332183024555,0.7369329202355417,0.2799999999994449,0.27999999999961145,0.2799999999995282,0.28,0.28,0.28,covered,0.9999999999986122
nonlinear_quartic,coupling,6,QuadraticCoupling,0.7369329202355417,0.2553823543014601,0.15999999999977796,0.16000000000027756,0.16000000000002776,0.16,0.16,0.16,covered,1.0000000000017346
nonlinear_quartic,coupling,7,QuadraticCoupling,0.2553823543014601,0.8140401902332488,0.21999999999986122,0.2199999999996947,0.21999999999977796,0.22,0.22,0.22,covered,0.9999999999993692
nonlinear_quartic,coupling,8,QuadraticCoupling,0.8140401902332488,0.8208819008340351,0.28000000000000175,0.28000000000000175,0.28000000000000175,0.28,0.28,0.28,covered,1.0000000000000062
nonlinear_quartic,coupling,9,QuadraticCoupling,0.8208819008340351,0.4060362220915149,0.15999999999977796,0.16000000000027756,0.16000000000002776,0.16,0.16,0.16,covered,1.0000000000017346
nonlinear_quartic,coupling,10,QuadraticCoupling,0.4060362220915149,0.4143496509279821,0.22000000000000217,0.22000000000000217,0.22000000000000217,0.22,0.22,0.22,covered,1.0000000000000098
nonlinear_quartic,module,0,QuarticWell,0.8438978604234455,,4.002179070508767,,,4.002179070373247,,,covered,1.0000000000338616
nonlinear_quartic,module,1,QuarticWell,0.2656849431037158,,2.7355930817680014,,,2.7355930815960927,,,covered,1.0000000000628415
nonlinear_quartic,module,2,QuarticWell,0.28349731834854747,,1.7674228492723187,,,1.7674228492077833,,,covered,1.000000000036514
nonlinear_quartic,module,3,QuarticWell,0.589238909884301,,3.1001774164792866,,,3.1001774162621762,,,covered,1.0000000000700315
nonlinear_quartic,module,4,QuarticWell,0.0452127542797518,,2.1810945010463083,,,2.1810945008418865,,,covered,1.0000000000937244
nonlinear_quartic,module,5,QuarticWell,0.18176991807694784,,0.7421993031185086,,,0.7421993030014153,,,covered,1.0000000001577651
nonlinear_quartic,module,6,QuarticWell,0.4072898678986612,,0.9193722386104628,,,0.9193722385251406,,,covered,1.0000000000928049
nonlinear_quartic,module,7,QuarticWell,0.6166418196257311,,0.8665138563080399,,,0.866513856172663,,,covered,1.0000000001562317
nonlinear_quartic,module,8,QuarticWell,0.4925892827499642,,0.635152158859401,,,0.6351521587130089,,,covered,1.0000000002304836
nonlinear_quartic,module,9,QuarticWell,0.6344440652948452,,1.3553234910853371,,,1.3553234910087528,,,covered,1.0000000000565064
nonlinear_quartic,module,10,QuarticWell,0.25462620964444954,,3.181845008850696,,,3.1818450087570374,,,covered,1.0000000000294353
nonlinear_quartic,module,11,QuarticWell,0.7087452194800107,,0.8326945195601547,,,0.8326945193899988,,,covered,1.0000000002043437
nonlinear_quartic,coupling,0,QuadraticCoupling,0.8438978604234455,0.2656849431037158,0.16000000000047185,0.16000000000097145,0.16000000000072165,0.16,0.16,0.16,covered,1.0000000000060716
nonlinear_quartic,coupling,1,QuadraticCoupling,0.2656849431037158,0.28349731834854747,0.2199999999999913,0.2199999999999913,0.2199999999999913,0.22,0.22,0.22,covered,0.9999999999999605
nonlinear_quartic,coupling,2,QuadraticCoupling,0.28349731834854747,0.589238909884301,0.2799999999994449,0.27999999999961145,0.2799999999995282,0.28,0.28,0.28,covered,0.9999999999986122
nonlinear_quartic,coupling,3,QuadraticCoupling,0.589238909884301,0.0452127542797518,0.15999999999977796,0.1599999999990008,0.15999999999938938,0.16,0.16,0.16,covered,0.9999999999986122
nonlinear_quartic,coupling,4,QuadraticCoupling,0.0452127542797518,0.18176991807694784,0.22000000000018735,0.2200000000000347,0.22000000000011102,0.22,0.22,0.22,covered,1.0000000000008515
nonlinear_quartic,coupling,5,QuadraticCoupling,0.18176991807694784,0.4072898678986612,0.2800000000001388,0.2800000000001388,0.2800000000001388,0.28,0.28,0.28,covered,1.0000000000004956
nonlinear_quartic,coupling,6,QuadraticCoupling,0.4072898678986612,0.6166418196257311,0.15999999999993061,0.1600000000001249,0.16000000000002776,0.16,0.16,0.16,covered,1.0000000000007807
nonlinear_quartic,coupling,7,QuadraticCoupling,0.6166418196257311,0.4925892827499642,0.22000000000004163,0.21999999999986122,0.21999999999995143,0.22,0.22,0.22,covered,1.0000000000001892
nonlinear_quartic,coupling,8,QuadraticCoupling,0.4925892827499642,0.6344440652948452,0.27999999999979186,0.2799999999999584,0.2799999999998751,0.28,0.28,0.28,covered,0.9999999999998513
nonlinear_quartic,coupling,9,QuadraticCoupling,0.6344440652948452,0.25462620964444954,0.15999999999977796,0.15999999999993061,0.1599999999998543,0.16,0.16,0.16,covered,0.9999999999995663
nonlinear_quartic,coupling,10,QuadraticCoupling,0.25462620964444954,0.7087452194800107,0.2200000000005551,0.22000000000038858,0.22000000000047185,0.22,0.22,0.22,covered,1.0000000000025233
nonlinear_quartic,module,0,QuarticWell,0.7388041912373413,,4.0272457879203625,,,4.027245787785179,,,covered,1.0000000000335671
nonlinear_quartic,module,1,QuarticWell,0.6493447211892761,,1.1950313475671532,,,1.1950313473845373,,,covered,1.0000000001528127
nonlinear_quartic,module,2,QuarticWell,0.5977502129583208,,1.9403552447371841,,,1.9403552446755001,,,covered,1.0000000000317901
nonlinear_quartic,module,3,QuarticWell,0.6611637249096968,,3.463928530838211,,,3.4639285306108123,,,covered,1.0000000000656475
nonlinear_quartic,module,4,QuarticWell,0.3713937560577799,,0.6225751398435833,,,0.6225751396282383,,,covered,1.000000000345894
nonlinear_quartic,module,5,QuarticWell,0.8692190863142462,,0.6171320534105792,,,0.617132053293258,,,covered,1.000000000190107
nonlinear_quartic,module,6,QuarticWell,0.12264475379090331,,1.7503466444641749,,,1.750346644376426,,,covered,1.0000000000501323
nonlinear_quartic,module,7,QuarticWell,0.8903374381683758,,0.847302280535365,,,0.8473022804000883,,,covered,1.0000000001596558
nonlinear_quartic,module,8,QuarticWell,0.31061265177802727,,0.27738673502766836,,,0.277386734881076,,,covered,1.0000000005284764
nonlinear_quartic,module,9,QuarticWell,0.10668339105626597,,1.8331255911115287,,,1.8331255910351927,,,covered,1.0000000000416425
nonlinear_quartic,module,10,QuarticWell,0.10714519101624866,,3.4304670932030468,,,3.4304670931148062,,,covered,1.0000000000257225
nonlinear_quartic,module,11,QuarticWell,0.5559509661439558,,0.6150204433876217,,,0.6150204432177815,,,covered,1.0000000002761538
nonlinear_quartic,coupling,0,QuadraticCoupling,0.7388041912373413,0.6493447211892761,0.15999999999995143,0.15999999999995143,0.15999999999995143,0.16,0.16,0.16,covered,0.9999999999996965
nonlinear_quartic,coupling,1,QuadraticCoupling,0.6493447211892761,0.5977502129583208,0.22000000000004163,0.22000000000004163,0.22000000000004163,0.22,0.22,0.22,covered,1.0000000000001892
nonlinear_quartic,coupling,2,QuadraticCoupling,0.5977502129583208,0.6611637249096968,0.2799999999999584,0.2799999999999584,0.2799999999999584,0.28,0.28,0.28,covered,0.9999999999998513
nonlinear_quartic,coupling,3,QuadraticCoupling,0.6611637249096968,0.3713937560577799,0.1600000000001249,0.15999999999993061,0.16000000000002776,0.16,0.16,0.16,covered,1.0000000000007807
nonlinear_quartic,coupling,4,QuadraticCoupling,0.3713937560577799,0.8692190863142462,0.21999999999986122,0.2199999999996947,0.21999999999977796,0.22,0.22,0.22,covered,0.9999999999993692
nonlinear_quartic,coupling,5,QuadraticCoupling,0.8692190863142462,0.12264475379090331,0.27999999999961145,0.2799999999998335,0.27999999999972247,0.28,0.28,0.28,covered,0.9999999999994053
nonlinear_quartic,coupling,6,QuadraticCoupling,0.12264475379090331,0.8903374381683758,0.1600000000004996,0.15999999999977796,0.16000000000013878,0.16,0.16,0.16,covered,1.0000000000031224
nonlinear_quartic,coupling,7,QuadraticCoupling,0.8903374381683758,0.31061265177802727,0.22000000000038858,0.2200000000005551,0.22000000000047185,0.22,0.22,0.22,covered,1.0000000000025233
nonlinear_quartic,coupling,8,QuadraticCoupling,0.31061265177802727,0.10668339105626597,0.2800000000001388,0.28000000000018044,0.2800000000001596,0.28,0.28,0.28,covered,1.0000000000006444
nonlinear_quartic,coupling,9,QuadraticCoupling,0.10668339105626597,0.10714519101624866,0.1599999999999995,0.1599999999999995,0.1599999999999995,0.16,0.16,0.16,covered,0.9999999999999969
nonlinear_quartic,coupling,10,QuadraticCoupling,0.10714519101624866,0.5559509661439558,0.21999999999947265,0.22000000000038858,0.2199999999999306,0.22,0.22,0.22,covered,1.0000000000017664
nonlinear_quartic,module,0,QuarticWell,0.8362940173596135,,4.000983464481037,,,4.000983464345569,,,covered,1.000000000033859
nonlinear_quartic,module,1,QuarticWell,0.033181992205942736,,4.449618345690768,,,4.449618345517328,,,covered,1.0000000000389786
nonlinear_quartic,module,2,QuarticWell,0.7414919404974042,,2.146892035441495,,,2.1468920353786975,,,covered,1.0000000000292504
nonlinear_quartic,module,3,QuarticWell,0.5963533842807768,,3.1330651256520827,,,3.133065125426684,,,covered,1.000000000071942
nonlinear_quartic,module,4,QuarticWell,0.8500399649617496,,0.8182724153561519,,,0.818272415141618,,,covered,1.0000000002621792
nonlinear_quartic,module,5,QuarticWell,0.5823361387444497,,0.2659636178589278,,,0.26596361774197513,,,covered,1.0000000004397318
nonlinear_quartic,module,6,QuarticWell,0.24780894334179704,,1.3337169030556135,,,1.3337169029632714,,,covered,1.0000000000692366
nonlinear_quartic,module,7,QuarticWell,0.2541630234892798,,1.828315889460922,,,1.8283158893268452,,,covered,1.0000000000733336
nonlinear_quartic,module,8,QuarticWell,0.7864580531613987,,1.8273977834354258,,,1.8273977832903265,,,covered,1.000000000079402
nonlinear_quartic,module,9,QuarticWell,0.40667075286030413,,1.4060662596112976,,,1.406066259536282,,,covered,1.0000000000533513
nonlinear_quartic,module,10,QuarticWell,0.7831557718307658,,3.3314820478954137,,,3.3314820477978304,,,covered,1.0000000000292912
nonlinear_quartic,module,11,QuarticWell,0.7174492563312216,,0.8522500526544835,,,0.8522500524849449,,,covered,1.0000000001989306
nonlinear_quartic,coupling,0,QuadraticCoupling,0.8362940173596135,0.033181992205942736,0.15999999999977796,0.16000000000038858,0.16000000000008327,0.16,0.16,0.16,covered,1.0000000000024285
nonlinear_quartic,coupling,1,QuadraticCoupling,0.033181992205942736,0.7414919404974042,0.21999999999932,0.22000000000038858,0.21999999999985428,0.22,0.22,0.22,covered,1.0000000000017664
nonlinear_quartic,coupling,2,QuadraticCoupling,0.7414919404974042,0.5963533842807768,0.2799999999999584,0.2799999999999584,0.2799999999999584,0.28,0.28,0.28,covered,0.9999999999998513
nonlinear_quartic,coupling,3,QuadraticCoupling,0.5963533842807768,0.8500399649617496,0.1600000000001249,0.1600000000001249,0.1600000000001249,0.16,0.16,0.16,covered,1.0000000000007807
nonlinear_quartic,coupling,4,QuadraticCoupling,0.8500399649617496,0.5823361387444497,0.22000000000004163,0.22000000000004163,0.22000000000004163,0.22,0.22,0.22,covered,1.0000000000001892
nonlinear_quartic,coupling,5,QuadraticCoupling,0.5823361387444497,0.24780894334179704,0.28000000000030534,0.2800000000001388,0.28000000000022207,0.28,0.28,0.28,covered,1.0000000000010905
nonlinear_quartic,coupling,6,QuadraticCoupling,0.24780894334179704,0.2541630234892798,0.1600000000000065,0.1600000000000065,0.1600000000000065,0.16,0.16,0.16,covered,1.0000000000000406
nonlinear_quartic,coupling,7,QuadraticCoupling,0.2541630234892798,0.7864580531613987,0.21999999999986122,0.2199999999996947,0.21999999999977796,0.22,0.22,0.22,covered,0.9999999999993692
nonlinear_quartic,coupling,8,QuadraticCoupling,0.7864580531613987,0.40667075286030413,0.28000000000030534,0.2800000000001388,0.28000000000022207,0.28,0.28,0.28,covered,1.0000000000010905
nonlinear_quartic,coupling,9,QuadraticCoupling,0.40667075286030413,0.7831557718307658,0.15999999999993061,0.15999999999977796,0.1599999999998543,0.16,0.16,0.16,covered,0.9999999999995663
nonlinear_quartic,coupling,10,QuadraticCoupling,0.7831557718307658,0.7174492563312216,0.22000000000004163,0.22000000000004163,0.22000000000004163,0.22,0.22,0.22,covered,1.0000000000001892
nonlinear_quartic,module,0,QuarticWell,0.11245503751450911,,6.036431311498123,,,6.0364313113457495,,,covered,1.0000000000252423
nonlinear_quartic,module,1,QuarticWell,0.19213220610485854,,3.2141387810126263,,,3.214138780838687,,,covered,1.000000000054117
nonlinear_quartic,module,2,QuarticWell,0.8031505624432884,,2.260002573311342,,,2.260002573246471,,,covered,1.0000000000287042
nonlinear_quartic,module,3,QuarticWell,0.34553022871148065,,2.38362844309126,,,2.3836284428679613,,,covered,1.0000000000936802
nonlinear_quartic,module,4,QuarticWell,0.23701728147184428,,1.0985289122428359,,,1.0985289120257546,,,covered,1.0000000001976108
nonlinear_quartic,module,5,QuarticWell,0.7801160317543624,,0.4462054645152692,,,0.44620546439817693,,,covered,1.0000000002624179
nonlinear_quartic,module,6,QuarticWell,0.05516571376093278,,2.008326594093386,,,2.0083265940049437,,,covered,1.0000000000440377
nonlinear_quartic,module,7,QuarticWell,0.9441812562935921,,0.9151343127608583,,,0.9151343126253688,,,covered,1.0000000001480542
nonlinear_quartic,module,8,QuarticWell,0.7876893702267425,,1.8339900903052906,,,1.8339900901608852,,,covered,1.0000000000787383
nonlinear_quartic,module,9,QuarticWell,0.049584376432009025,,1.9608029572342858,,,1.960802957158344,,,covered,1.00000000003873
nonlinear_quartic,module,10,QuarticWell,0.6150243360135155,,3.1073973808334743,,,3.107397380735131,,,covered,1.000000000031648
nonlinear_quartic,module,11,QuarticWell,0.16231666281593105,,1.149159016160489,,,1.1491590159911802,,,covered,1.0000000001473328
nonlinear_quartic,coupling,0,QuadraticCoupling,0.11245503751450911,0.19213220610485854,0.1599999999999792,0.15999999999993061,0.1599999999999549,0.16,0.16,0.16,covered,0.9999999999998699
nonlinear_quartic,coupling,1,QuadraticCoupling,0.19213220610485854,0.8031505624432884,0.2200000000005551,0.22000000000038858,0.22000000000047185,0.22,0.22,0.22,covered,1.0000000000025233
nonlinear_quartic,coupling,2,QuadraticCoupling,0.8031505624432884,0.34553022871148065,0.2800000000009992,0.2799999999994449,0.28000000000022207,0.28,0.28,0.28,covered,1.0000000000035685
nonlinear_quartic,coupling,3,QuadraticCoupling,0.34553022871148065,0.23701728147184428,0.1600000000001041,0.1600000000001041,0.1600000000001041,0.16,0.16,0.16,covered,1.0000000000006506
nonlinear_quartic,coupling,4,QuadraticCoupling,0.23701728147184428,0.7801160317543624,0.21999999999986122,0.2199999999996947,0.21999999999977796,0.22,0.22,0.22,covered,0.9999999999993692
nonlinear_quartic,coupling,5,QuadraticCoupling,0.7801160317543624,0.05516571376093278,0.27999999999961145,0.2799999999996392,0.2799999999996253,0.28,0.28,0.28,covered,0.9999999999987114
nonlinear_quartic,coupling,6,QuadraticCoupling,0.05516571376093278,0.9441812562935921,0.16000000000038858,0.15999999999977796,0.16000000000008327,0.16,0.16,0.16,covered,1.0000000000024285
nonlinear_quartic,coupling,7,QuadraticCoupling,0.9441812562935921,0.7876893702267425,0.22000000000004163,0.22000000000004163,0.22000000000004163,0.22,0.22,0.22,covered,1.0000000000001892
nonlinear_quartic,coupling,8,QuadraticCoupling,0.7876893702267425,0.049584376432009025,0.2800000000009992,0.280000000001027,0.2800000000010131,0.28,0.28,0.28,covered,1.0000000000036677
nonlinear_quartic,coupling,9,QuadraticCoupling,0.049584376432009025,0.6150243360135155,0.1599999999996947,0.15999999999977796,0.15999999999973633,0.16,0.16,0.16,covered,0.9999999999986122
nonlinear_quartic,coupling,10,QuadraticCoupling,0.6150243360135155,0.16231666281593105,0.2199999999996947,0.21999999999986122,0.21999999999977796,0.22,0.22,0.22,covered,0.9999999999993692
nonlinear_quartic,module,0,QuarticWell,0.436695176299086,,4.598695932518224,,,4.598695932377832,,,covered,1.0000000000305287
nonlinear_quartic,module,1,QuarticWell,0.6737318951561723,,1.1513160680373329,,,1.1513160678567373,,,covered,1.00000000015686
nonlinear_quartic,module,2,QuarticWell,0.11234651101956071,,1.834055914718569,,,1.8340559146537765,,,covered,1.0000000000353275
nonlinear_quartic,module,3,QuarticWell,0.5425269456513979,,2.9011100372254766,,,2.9011100369993787,,,covered,1.000000000077935
nonlinear_quartic,module,4,QuarticWell,0.3746708172485549,,0.6138752126871283,,,0.6138752124724659,,,covered,1.000000000349684
nonlinear_quartic,module,5,QuarticWell,0.30182157150507005,,0.4812634746236738,,,0.4812634745066995,,,covered,1.0000000002430567
nonlinear_quartic,module,6,QuarticWell,0.552724168643142,,0.6553400500446798,,,0.6553400499608003,,,covered,1.0000000001279938
nonlinear_quartic,module,7,QuarticWell,0.47490519445549806,,1.1155551288516365,,,1.1155551287152712,,,covered,1.00000000012224
nonlinear_quartic,module,8,QuarticWell,0.40339682078251515,,0.42343329074045316,,,0.42343329059372925,,,covered,1.0000000003465102
nonlinear_quartic,module,9,QuarticWell,0.966336336894805,,1.7040192381822918,,,1.70401923811212,,,covered,1.0000000000411802
nonlinear_quartic,module,10,QuarticWell,0.3674118172235522,,3.0772078636995026,,,3.0772078636025744,,,covered,1.0000000000314988
nonlinear_quartic,module,11,QuarticWell,0.1364005856992138,,1.239674499552294,,,1.2396744993860316,,,covered,1.0000000001341178
nonlinear_quartic,coupling,0,QuadraticCoupling,0.436695176299086,0.6737318951561723,0.15999999999993061,0.1600000000001249,0.16000000000002776,0.16,0.16,0.16,covered,1.0000000000007807
nonlinear_quartic,coupling,1,QuadraticCoupling,0.6737318951561723,0.11234651101956071,0.2199999999996947,0.21999999999877876,0.21999999999923672,0.22,0.22,0.22,covered,0.9999999999986122
nonlinear_quartic,coupling,2,QuadraticCoupling,0.11234651101956071,0.5425269456513979,0.2799999999998335,0.28000000000030534,0.2800000000000694,0.28,0.28,0.28,covered,1.0000000000010905
nonlinear_quartic,coupling,3,QuadraticCoupling,0.5425269456513979,0.3746708172485549,0.15999999999995143,0.1600000000001041,0.16000000000002776,0.16,0.16,0.16,covered,1.0000000000006506
nonlinear_quartic,coupling,4,QuadraticCoupling,0.3746708172485549,0.30182157150507005,0.2200000000000347,0.2200000000000347,0.2200000000000347,0.22,0.22,0.22,covered,1.0000000000001577
nonlinear_quartic,coupling,5,QuadraticCoupling,0.30182157150507005,0.552724168643142,0.2800000000001388,0.28000000000030534,0.28000000000022207,0.28,0.28,0.28,covered,1.0000000000010905
nonlinear_quartic,coupling,6,QuadraticCoupling,0.552724168643142,0.47490519445549806,0.16000000000003817,0.16000000000001735,0.16000000000002776,0.16,0.16,0.16,covered,1.0000000000002385
nonlinear_quartic,coupling,7,QuadraticCoupling,0.47490519445549806,0.40339682078251515,0.2200000000000347,0.2200000000000347,0.2200000000000347,0.22,0.22,0.22,covered,1.0000000000001577
nonlinear_quartic,coupling,8,QuadraticCoupling,0.40339682078251515,0.966336336894805,0.2800000000022205,0.27999999999961145,0.28000000000091596,0.28,0.28,0.28,covered,1.00000000000793
nonlinear_quartic,coupling,9,QuadraticCoupling,0.966336336894805,0.3674118172235522,0.16000000000047185,0.15999999999958367,0.16000000000002776,0.16,0.16,0.16,covered,1.000000000002949
nonlinear_quartic,coupling,10,QuadraticCoupling,0.3674118172235522,0.1364005856992138,0.22000000000020817,0.22000000000020817,0.22000000000020817,0.22,0.22,0.22,covered,1.0000000000009461
nonlinear_quartic,module,0,QuarticWell,0.24842595167111722,,5.329594993169983,,,5.3295949930346715,,,covered,1.0000000000253886
nonlinear_quartic,module,1,QuarticWell,0.524285231139919,,1.5210215252123127,,,1.521021525027988,,,covered,1.0000000001211848
nonlinear_quartic,module,2,QuarticWell,0.32787517386540366,,1.7686603738107174,,,1.768660373746066,,,covered,1.0000000000365539
nonlinear_quartic,module,3,QuarticWell,0.313587816467241,,2.3487733490358647,,,2.34877334881227,,,covered,1.0000000000951963
nonlinear_quartic,module,4,QuarticWell,0.41429465096690476,,0.5196375131523788,,,0.5196375129374773,,,covered,1.0000000004135605
nonlinear_quartic,module,5,QuarticWell,0.9599734533590454,,0.8485205544927802,,,0.8485205543762304,,,covered,1.0000000001373563
nonlinear_quartic,module,6,QuarticWell,0.6200621686425158,,0.5698636734855889,,,0.5698636733999313,,,covered,1.0000000001503124
nonlinear_quartic,module,7,QuarticWell,0.225827545363128,,1.94846731442016,,,1.9484673142766866,,,covered,1.000000000073634
nonlinear_quartic,module,8,QuarticWell,0.4772944762163561,,0.5938795984748335,,,0.5938795983282141,,,covered,1.000000000246884
nonlinear_quartic,module,9,QuarticWell,0.4899902605242793,,1.360119453643782,,,1.3601194535686394,,,covered,1.000000000055247
nonlinear_quartic,module,10,QuarticWell,0.25885491176514597,,3.1765848023858494,,,3.1765848022870884,,,covered,1.0000000000310902
nonlinear_quartic,module,11,QuarticWell,0.6524388763177127,,0.7248234850638593,,,0.7248234848941011,,,covered,1.0000000002342062
nonlinear_quartic,coupling,0,QuadraticCoupling,0.24842595167111722,0.524285231139919,0.16000000000027756,0.1600000000001249,0.16000000000020123,0.16,0.16,0.16,covered,1.0000000000017346
nonlinear_quartic,coupling,1,QuadraticCoupling,0.524285231139919,0.32787517386540366,0.2199999999996947,0.21999999999986122,0.21999999999977796,0.22,0.22,0.22,covered,0.9999999999993692
nonlinear_quartic,coupling,2,QuadraticCoupling,0.32787517386540366,0.313587816467241,0.2800000000000087,0.2800000000000087,0.2800000000000087,0.28,0.28,0.28,covered,1.0000000000000309
nonlinear_quartic,coupling,3,QuadraticCoupling,0.313587816467241,0.41429465096690476,0.1600000000001041,0.1600000000001041,0.1600000000001041,0.16,0.16,0.16,covered,1.0000000000006506
nonlinear_quartic,coupling,4,QuadraticCoupling,0.41429465096690476,0.9599734533590454,0.2200000000005551,0.22000000000038858,0.22000000000047185,0.22,0.22,0.22,covered,1.0000000000025233
nonlinear_quartic,coupling,5,QuadraticCoupling,0.9599734533590454,0.6200621686425158,0.28000000000030534,0.28000000000030534,0.28000000000030534,0.28,0.28,0.28,covered,1.0000000000010905
nonlinear_quartic,coupling,6,QuadraticCoupling,0.6200621686425158,0.225827545363128,0.16000000000047185,0.15999999999958367,0.16000000000002776,0.16,0.16,0.16,covered,1.000000000002949
nonlinear_quartic,coupling,7,QuadraticCoupling,0.225827545363128,0.4772944762163561,0.22000000000020817,0.22000000000020817,0.22000000000020817,0.22,0.22,0.22,covered,1.0000000000009461
nonlinear_quartic,coupling,8,QuadraticCoupling,0.4772944762163561,0.4899902605242793,0.2800000000000087,0.2800000000000087,0.2800000000000087,0.28,0.28,0.28,covered,1.0000000000000309
nonlinear_quartic,coupling,9,QuadraticCoupling,0.4899902605242793,0.25885491176514597,0.15999999999993061,0.15999999999993061,0.15999999999993061,0.16,0.16,0.16,covered,0.9999999999995663
nonlinear_quartic,coupling,10,QuadraticCoupling,0.25885491176514597,0.6524388763177127,0.21999999999986122,0.22000000000038858,0.2200000000001249,0.22,0.22,0.22,covered,1.0000000000017664
nonlinear_quartic,module,0,QuarticWell,0.2715472725966788,,5.224332615644582,,,5.2243326155141885,,,covered,1.000000000024959
nonlinear_quartic,module,1,QuarticWell,0.44839729022852604,,1.8019105896142937,,,1.8019105894333642,,,covered,1.00000000010041
nonlinear_quartic,module,2,QuarticWell,0.10420999684547372,,1.8400474751330471,,,1.8400474750664366,,,covered,1.0000000000362004
nonlinear_quartic,module,3,QuarticWell,0.6717404197347892,,3.5232720402005784,,,3.5232720399771926,,,covered,1.0000000000634028
nonlinear_quartic,module,4,QuarticWell,0.08119578897878153,,1.9418668929107352,,,1.9418668926997862,,,covered,1.000000000108632
nonlinear_quartic,module,5,QuarticWell,0.11475365685094743,,0.931865344447697,,,0.9318653443313015,,,covered,1.0000000001249059
nonlinear_quartic,module,6,QuarticWell,0.10989626054775592,,1.797294736206187,,,1.7972947361322515,,,covered,1.000000000041137
nonlinear_quartic,module,7,QuarticWell,0.5777513256558701,,0.9186061295366095,,,0.9186061294003528,,,covered,1.0000000001483298
nonlinear_quartic,module,8,QuarticWell,0.8176962957471208,,1.9987623392594338,,,1.9987623391082268,,,covered,1.0000000000756504
nonlinear_quartic,module,9,QuarticWell,0.5892833397139503,,1.3466200788520233,,,1.3466200787761926,,,covered,1.0000000000563118
nonlinear_quartic,module,10,QuarticWell,0.891074605677359,,3.5620833226885935,,,3.562083322593768,,,covered,1.0000000000266207
nonlinear_quartic,module,11,QuarticWell,0.842340653920836,,1.2177796770956784,,,1.217779676928214,,,covered,1.000000000137516
nonlinear_quartic,coupling,0,QuadraticCoupling,0.2715472725966788,0.44839729022852604,0.1600000000001041,0.1600000000001041,0.1600000000001041,0.16,0.16,0.16,covered,1.0000000000006506
nonlinear_quartic,coupling,1,QuadraticCoupling,0.44839729022852604,0.10420999684547372,0.21999999999986122,0.22000000000016653,0.22000000000001388,0.22,0.22,0.22,covered,1.000000000000757
nonlinear_quartic,coupling,2,QuadraticCoupling,0.10420999684547372,0.6717404197347892,0.2799999999984457,0.27999999999961145,0.2799999999990286,0.28,0.28,0.28,covered,0.9999999999986122
nonlinear_quartic,coupling,3,QuadraticCoupling,0.6717404197347892,0.08119578897878153,0.15999999999977796,0.15999999999980571,0.15999999999979184,0.16,0.16,0.16,covered,0.9999999999987857
nonlinear_quartic,coupling,4,QuadraticCoupling,0.08119578897878153,0.11475365685094743,0.21999999999999306,0.21999999999999306,0.21999999999999306,0.22,0.22,0.22,covered,0.9999999999999685
nonlinear_quartic,coupling,5,QuadraticCoupling,0.11475365685094743,0.10989626054775592,0.28000000000000697,0.28000000000000697,0.28000000000000697,0.28,0.28,0.28,covered,1.0000000000000249
nonlinear_quartic,coupling,6,QuadraticCoupling,0.10989626054775592,0.5777513256558701,0.1600000000004996,0.15999999999977796,0.16000000000013878,0.16,0.16,0.16,covered,1.0000000000031224
nonlinear_quartic,coupling,7,QuadraticCoupling,0.5777513256558701,0.8176962957471208,0.22000000000004163,0.22000000000004163,0.22000000000004163,0.22,0.22,0.22,covered,1.0000000000001892
nonlinear_quartic,coupling,8,QuadraticCoupling,0.8176962957471208,0.5892833397139503,0.27999999999961145,0.27999999999961145,0.27999999999961145,0.28,0.28,0.28,covered,0.9999999999986122
nonlinear_quartic,coupling,9,QuadraticCoupling,0.5892833397139503,0.891074605677359,0.15999999999977796,0.15999999999977796,0.15999999999977796,0.16,0.16,0.16,covered,0.9999999999986122
nonlinear_quartic,coupling,10,QuadraticCoupling,0.891074605677359,0.842340653920836,0.22000000000004163,0.22000000000004163,0.22000000000004163,0.22,0.22,0.22,covered,1.0000000000001892
nonlinear_quartic,module,0,QuarticWell,0.9439888946824772,,4.061675071997006,,,4.061675071860013,,,covered,1.0000000000337281
nonlinear_quartic,module,1,QuarticWell,0.19562998879045693,,3.1900467868796483,,,3.190046786709524,,,covered,1.0000000000533298
nonlinear_quartic,module,2,QuarticWell,0.4236433770767224,,1.7973117233334512,,,1.7973117232690725,,,covered,1.0000000000358193
nonlinear_quartic,module,3,QuarticWell,0.1897357401948711,,2.3430571385545265,,,2.3430571383303396,,,covered,1.0000000000956815
nonlinear_quartic,module,4,QuarticWell,0.7841690485811798,,0.6161077753849836,,,0.6161077751701056,,,covered,1.000000000348767
nonlinear_quartic,module,5,QuarticWell,0.06500582667773923,,1.0930482492598,,,1.0930482491463263,,,covered,1.000000000103814
nonlinear_quartic,module,6,QuarticWell,0.7145346806733284,,0.48917912889558685,,,0.48917912881007775,,,covered,1.0000000001748013
nonlinear_quartic,module,7,QuarticWell,0.03438121530824187,,2.9311133576617094,,,2.9311133575281016,,,covered,1.0000000000455826
nonlinear_quartic,module,8,QuarticWell,0.8535137604221869,,2.205801671472154,,,2.2058016713226736,,,covered,1.000000000067767
nonlinear_quartic,module,9,QuarticWell,0.12206320021384968,,1.8012715688138548,,,1.8012715687348684,,,covered,1.0000000000438503
nonlinear_quartic,module,10,QuarticWell,0.7207004979286022,,3.229019114995553,,,3.229019114896654,,,covered,1.0000000000306282
nonlinear_quartic,module,11,QuarticWell,0.4657901352394772,,0.5980816392601229,,,0.5980816390903811,,,covered,1.0000000002838103
nonlinear_quartic,coupling,0,QuadraticCoupling,0.9439888946824772,0.19562998879045693,0.15999999999977796,0.15999999999958367,0.15999999999968081,0.16,0.16,0.16,covered,0.9999999999986122
nonlinear_quartic,coupling,1,QuadraticCoupling,0.19562998879045693,0.4236433770767224,0.21999999999986122,0.21999999999986122,0.21999999999986122,0.22,0.22,0.22,covered,0.9999999999993692
nonlinear_quartic,coupling,2,QuadraticCoupling,0.4236433770767224,0.1897357401948711,0.2800000000001388,0.2800000000001388,0.2800000000001388,0.28,0.28,0.28,covered,1.0000000000004956
nonlinear_quartic,coupling,3,QuadraticCoupling,0.1897357401948711,0.7841690485811798,0.15999999999958367,0.15999999999977796,0.15999999999968081,0.16,0.16,0.16,covered,0.9999999999986122
nonlinear_quartic,coupling,4,QuadraticCoupling,0.7841690485811798,0.06500582667773923,0.2199999999990008,0.21999999999947265,0.21999999999923672,0.22,0.22,0.22,covered,0.9999999999976029
nonlinear_quartic,coupling,5,QuadraticCoupling,0.06500582667773923,0.7145346806733284,0.2799999999984457,0.27999999999961145,0.2799999999990286,0.28,0.28,0.28,covered,0.9999999999986122
nonlinear_quartic,coupling,6,QuadraticCoupling,0.7145346806733284,0.03438121530824187,0.15999999999977796,0.1599999999996947,0.15999999999973633,0.16,0.16,0.16,covered,0.9999999999986122
nonlinear_quartic,coupling,7,QuadraticCoupling,0.03438121530824187,0.8535137604221869,0.21999999999932,0.2199999999990008,0.2199999999991604,0.22,0.22,0.22,covered,0.999999999996909
nonlinear_quartic,coupling,8,QuadraticCoupling,0.8535137604221869,0.12206320021384968,0.27999999999961145,0.2799999999998335,0.27999999999972247,0.28,0.28,0.28,covered,0.9999999999994053
nonlinear_quartic,coupling,9,QuadraticCoupling,0.12206320021384968,0.7207004979286022,0.1600000000004996,0.15999999999977796,0.16000000000013878,0.16,0.16,0.16,covered,1.0000000000031224
nonlinear_quartic,coupling,10,QuadraticCoupling,0.7207004979286022,0.4657901352394772,0.22000000000004163,0.22000000000020817,0.2200000000001249,0.22,0.22,0.22,covered,1.0000000000009461
nonlinear_quartic,module,0,QuarticWell,0.8258807022361151,,4.000107732317338,,,4.000107732182045,,,covered,1.0000000000338225
nonlinear_quartic,module,1,QuarticWell,0.6761246516421152,,1.147375999257742,,,1.1473759990749928,,,covered,1.0000000001592757
nonlinear_quartic,module,2,QuarticWell,0.9234446772511111,,2.523047237213241,,,2.5230472371478703,,,covered,1.0000000000259095
nonlinear_quartic,module,3,QuarticWell,0.8431705392758335,,4.694420557182214,,,4.694420556955635,,,covered,1.0000000000482656
nonlinear_quartic,module,4,QuarticWell,0.028202044899038263,,2.2999972780935845,,,2.2999972778743505,,,covered,1.0000000000953193
nonlinear_quartic,module,5,QuarticWell,0.0672538254031409,,1.0853899334976924,,,1.0853899333808428,,,covered,1.0000000001076568
nonlinear_quartic,module,6,QuarticWell,0.3632009962262434,,1.0208609657242689,,,1.0208609656405738,,,covered,1.0000000000819849
nonlinear_quartic,module,7,QuarticWell,0.23953923473953734,,1.8895111915809815,,,1.889511191447192,,,covered,1.0000000000708065
nonlinear_quartic,module,8,QuarticWell,0.06190924076186817,,0.2591316211387582,,,0.2591316209923453,,,covered,1.0000000005650136
nonlinear_quartic,module,9,QuarticWell,0.3717917738848862,,1.4346806292017207,,,1.434680629126823,,,covered,1.0000000000522051
nonlinear_quartic,module,10,QuarticWell,0.041799004551221444,,3.581133102436032,,,3.5811331023357544,,,covered,1.0000000000280016
nonlinear_quartic,module,11,QuarticWell,0.7510046651482153,,0.9348580741392689,,,0.9348580739677133,,,covered,1.0000000001835099
nonlinear_quartic,coupling,0,QuadraticCoupling,0.8258807022361151,0.6761246516421152,0.15999999999995143,0.15999999999995143,0.15999999999995143,0.16,0.16,0.16,covered,0.9999999999996965
nonlinear_quartic,coupling,1,QuadraticCoupling,0.6761246516421152,0.9234446772511111,0.2199999999996947,0.2199999999996947,0.2199999999996947,0.22,0.22,0.22,covered,0.9999999999986122
nonlinear_quartic,coupling,2,QuadraticCoupling,0.9234446772511111,0.8431705392758335,0.2799999999999584,0.2799999999999584,0.2799999999999584,0.28,0.28,0.28,covered,0.9999999999998513
nonlinear_quartic,coupling,3,QuadraticCoupling,0.8431705392758335,0.028202044899038263,0.15999999999977796,0.1600000000004441,0.16000000000011103,0.16,0.16,0.16,covered,1.0000000000027756
nonlinear_quartic,coupling,4,QuadraticCoupling,0.028202044899038263,0.0672538254031409,0.2200000000000902,0.21999999999999306,0.22000000000004163,0.22,0.22,0.22,covered,1.0000000000004101
nonlinear_quartic,coupling,5,QuadraticCoupling,0.0672538254031409,0.3632009962262434,0.2800000000005274,0.2800000000001388,0.2800000000003331,0.28,0.28,0.28,covered,1.0000000000018834
nonlinear_quartic,coupling,6,QuadraticCoupling,0.3632009962262434,0.23953923473953734,0.1600000000001041,0.1600000000001041,0.1600000000001041,0.16,0.16,0.16,covered,1.0000000000006506
nonlinear_quartic,coupling,7,QuadraticCoupling,0.23953923473953734,0.06190924076186817,0.21999999999986122,0.21999999999966693,0.21999999999976408,0.22,0.22,0.22,covered,0.9999999999993692
nonlinear_quartic,coupling,8,QuadraticCoupling,0.06190924076186817,0.3717917738848862,0.2800000000003331,0.2800000000001388,0.28000000000023595,0.28,0.28,0.28,covered,1.0000000000011895
nonlinear_quartic,coupling,9,QuadraticCoupling,0.3717917738848862,0.041799004551221444,0.16000000000027756,0.16000000000038858,0.16000000000033307,0.16,0.16,0.16,covered,1.0000000000024285
nonlinear_quartic,coupling,10,QuadraticCoupling,0.041799004551221444,0.7510046651482153,0.22000000000070777,0.22000000000038858,0.22000000000054817,0.22,0.22,0.22,covered,1.0000000000032172
nonlinear_quartic,module,0,QuarticWell,0.549599230752198,,4.298415854295379,,,4.298415854167625,,,covered,1.0000000000297211
nonlinear_quartic,module,1,QuarticWell,0.061173175279742725,,4.212080668562866,,,4.2120806683692855,,,covered,1.0000000000459583
nonlinear_quartic,module,2,QuarticWell,0.4398246136561033,,1.8056593020186733,,,1.8056593019525045,,,covered,1.0000000000366454
nonlinear_quartic,module,3,QuarticWell,0.2967706965833905,,2.335923081373421,,,2.335923081149947,,,covered,1.0000000000956684
nonlinear_quartic,module,4,QuarticWell,0.46667920867110924,,0.42611356496350244,,,0.42611356474835027,,,covered,1.0000000005049174
nonlinear_quartic,module,5,QuarticWell,0.400097254992956,,0.3429711847476075,,,0.3429711846307413,,,covered,1.0000000003407465
nonlinear_quartic,module,6,QuarticWell,0.05080860240691397,,2.02578767503563,,,2.025787674947646,,,covered,1.000000000043432
nonlinear_quartic,module,7,QuarticWell,0.9580950539753347,,0.93649094327085,,,0.9364909431346182,,,covered,1.0000000001454705
nonlinear_quartic,module,8,QuarticWell,0.6122338051466588,,1.0289562452961063,,,1.028956245148307,,,covered,1.00000000014364
nonlinear_quartic,module,9,QuarticWell,0.4974299178639006,,1.3575531521585773,,,1.3575531520826858,,,covered,1.000000000055903
nonlinear_quartic,module,10,QuarticWell,0.7941285520158863,,3.3518304468557636,,,3.3518304467531745,,,covered,1.0000000000306069
nonlinear_quartic,module,11,QuarticWell,0.1243738311396456,,1.2840025203524879,,,1.284002520186089,,,covered,1.000000000129594
nonlinear_quartic,coupling,0,QuadraticCoupling,0.549599230752198,0.061173175279742725,0.15999999999977796,0.1599999999996947,0.15999999999973633,0.16,0.16,0.16,covered,0.9999999999986122
nonlinear_quartic,coupling,1,QuadraticCoupling,0.061173175279742725,0.4398246136561033,0.21999999999932,0.21999999999986122,0.2199999999995906,0.22,0.22,0.22,covered,0.9999999999993692
nonlinear_quartic,coupling,2,QuadraticCoupling,0.4398246136561033,0.2967706965833905,0.27999999999979186,0.27999999999979186,0.27999999999979186,0.28,0.28,0.28,covered,0.9999999999992566
nonlinear_quartic,coupling,3,QuadraticCoupling,0.2967706965833905,0.46667920867110924,0.15999999999993061,0.15999999999993061,0.15999999999993061,0.16,0.16,0.16,covered,0.9999999999995663
nonlinear_quartic,coupling,4,QuadraticCoupling,0.46667920867110924,0.400097254992956,0.2200000000000347,0.2200000000000347,0.2200000000000347,0.22,0.22,0.22,covered,1.0000000000001577
nonlinear_quartic,coupling,5,QuadraticCoupling,0.400097254992956,0.05080860240691397,0.2800000000001388,0.2800000000003331,0.28000000000023595,0.28,0.28,0.28,covered,1.0000000000011895
nonlinear_quartic,coupling,6,QuadraticCoupling,0.05080860240691397,0.9580950539753347,0.16000000000038858,0.15999999999977796,0.16000000000008327,0.16,0.16,0.16,covered,1.0000000000024285
nonlinear_quartic,coupling,7,QuadraticCoupling,0.9580950539753347,0.6122338051466588,0.22000000000038858,0.22000000000038858,0.22000000000038858,0.22,0.22,0.22,covered,1.0000000000017664
nonlinear_quartic,coupling,8,QuadraticCoupling,0.6122338051466588,0.4974299178639006,0.2799999999999584,0.2800000000001388,0.2800000000000486,0.28,0.28,0.28,covered,1.0000000000004956
nonlinear_quartic,coupling,9,QuadraticCoupling,0.4974299178639006,0.7941285520158863,0.16000000000027756,0.15999999999977796,0.16000000000002776,0.16,0.16,0.16,covered,1.0000000000017346
nonlinear_quartic,coupling,10,QuadraticCoupling,0.7941285520158863,0.1243738311396456,0.22000000000038858,0.22000000000086042,0.2200000000006245,0.22,0.22,0.22,covered,1.000000000003911
nonlinear_quartic,module,0,QuarticWell,0.26013702968598856,,5.275736562965481,,,5.2757365628179596,,,covered,1.000000000027962
nonlinear_quartic,module,1,QuarticWell,0.10715415094623616,,3.8404077792334914,,,3.8404077790718745,,,covered,1.0000000000420832
nonlinear_quartic,module,2,QuarticWell,0.7723561186928495,,2.2016714419914876,,,2.2016714419299097,,,covered,1.0000000000279687
nonlinear_quartic,module,3,QuarticWell,0.4648257856722858,,2.634823520073078,,,2.634823519849779,,,covered,1.000000000084749
nonlinear_quartic,module,4,QuarticWell,0.671216769135699,,0.39962045347606623,,,0.39962045326136153,,,covered,1.0000000005372716
nonlinear_quartic,module,5,QuarticWell,0.570744812158327,,0.26391868106206867,,,0.2639186809451033,,,covered,1.0000000004431873
nonlinear_quartic,module,6,QuarticWell,0.7007804591787142,,0.4980764320232136,,,0.4980764319376544,,,covered,1.0000000001717793
nonlinear_quartic,module,7,QuarticWell,0.42039064059172976,,1.2547828814478352,,,1.2547828813092665,,,covered,1.0000000001104323
nonlinear_quartic,module,8,QuarticWell,0.4322087068502432,,0.48418004088855865,,,0.4841800407425471,,,covered,1.0000000003015646
nonlinear_quartic,module,9,QuarticWell,0.44580932980150006,,1.3805487680984623,,,1.3805487680221222,,,covered,1.0000000000552969
nonlinear_quartic,module,10,QuarticWell,0.3577079788887884,,3.0832972410657327,,,3.083297240970759,,,covered,1.0000000000308027
nonlinear_quartic,module,11,QuarticWell,0.07923134314711205,,1.4635252054146075,,,1.4635252052388559,,,covered,1.000000000120088
nonlinear_quartic,coupling,0,QuadraticCoupling,0.26013702968598856,0.10715415094623616,0.15999999999993061,0.1599999999999792,0.1599999999999549,0.16,0.16,0.16,covered,0.9999999999998699
nonlinear_quartic,coupling,1,QuadraticCoupling,0.10715415094623616,0.7723561186928495,0.21999999999947265,0.22000000000038858,0.2199999999999306,0.22,0.22,0.22,covered,1.0000000000017664
nonlinear_quartic,coupling,2,QuadraticCoupling,0.7723561186928495,0.4648257856722858,0.28000000000030534,0.2800000000001388,0.28000000000022207,0.28,0.28,0.28,covered,1.0000000000010905
nonlinear_quartic,coupling,3,QuadraticCoupling,0.4648257856722858,0.671216769135699,0.15999999999993061,0.1600000000001249,0.16000000000002776,0.16,0.16,0.16,covered,1.0000000000007807
nonlinear_quartic,coupling,4,QuadraticCoupling,0.671216769135699,0.570744812158327,0.22000000000004163,0.22000000000004163,0.22000000000004163,0.22,0.22,0.22,covered,1.0000000000001892
nonlinear_quartic,coupling,5,QuadraticCoupling,0.570744812158327,0.7007804591787142,0.2799999999999584,0.2799999999999584,0.2799999999999584,0.28,0.28,0.28,covered,0.9999999999998513
nonlinear_quartic,coupling,6,QuadraticCoupling,0.7007804591787142,0.42039064059172976,0.1600000000001249,0.15999999999993061,0.16000000000002776,0.16,0.16,0.16,covered,1.0000000000007807
nonlinear_quartic,coupling,7,QuadraticCoupling,0.42039064059172976,0.4322087068502432,0.2199999999999913,0.2199999999999913,0.2199999999999913,0.22,0.22,0.22,covered,0.9999999999999605
nonlinear_quartic,coupling,8,QuadraticCoupling,0.4322087068502432,0.44580932980150006,0.2800000000000087,0.2800000000000087,0.2800000000000087,0.28,0.28,0.28,covered,1.0000000000000309
nonlinear_quartic,coupling,9,QuadraticCoupling,0.44580932980150006,0.3577079788887884,0.16000000000001735,0.16000000000001735,0.16000000000001735,0.16,0.16,0.16,covered,1.0000000000001084
nonlinear_quartic,coupling,10,QuadraticCoupling,0.3577079788887884,0.07923134314711205,0.21999999999986122,0.22000000000016653,0.22000000000001388,0.22,0.22,0.22,covered,1.000000000000757
nonlinear_quartic,module,0,QuarticWell,0.7671676161472909,,4.011645894450238,,,4.011645894314429,,,covered,1.0000000000338536
nonlinear_quartic,module,1,QuarticWell,0.3728918317724266,,2.1436558530797054,,,2.1436558528934375,,,covered,1.0000000000868927
nonlinear_quartic,module,2,QuarticWell,0.7709939322967707,,2.199175967758665,,,2.199175967686296,,,covered,1.0000000000329075
nonlinear_quartic,module,3,QuarticWell,0.6945095083884569,,3.6561172776228137,,,3.6561172773889714,,,covered,1.0000000000639593
nonlinear_quartic,module,4,QuarticWell,0.9690145740519915,,1.3251509585481624,,,1.3251509583329808,,,covered,1.0000000001623828
nonlinear_quartic,module,5,QuarticWell,0.4179365578961156,,0.3251387230066928,,,0.3251387228898871,,,covered,1.0000000003592486
nonlinear_quartic,module,6,QuarticWell,0.818365295730198,,0.45334930850289273,,,0.4533493084173809,,,covered,1.0000000001886225
nonlinear_quartic,module,7,QuarticWell,0.08048048247544098,,2.6672901840562386,,,2.667290183910837,,,covered,1.0000000000545128
nonlinear_quartic,module,8,QuarticWell,0.8361477001731301,,2.1040107671550787,,,2.1040107670043215,,,covered,1.0000000000716522
nonlinear_quartic,module,9,QuarticWell,0.8588561135796188,,1.5362174678471532,,,1.5362174677718834,,,covered,1.0000000000489968
nonlinear_quartic,module,10,QuarticWell,0.5902887479144315,,3.0883247317066815,,,3.0883247316106446,,,covered,1.0000000000310967
nonlinear_quartic,module,11,QuarticWell,0.5371292179095577,,0.6046492701893805,,,0.6046492700196083,,,covered,1.000000000280778
nonlinear_quartic,coupling,0,QuadraticCoupling,0.7671676161472909,0.3728918317724266,0.16000000000047185,0.15999999999958367,0.16000000000002776,0.16,0.16,0.16,covered,1.000000000002949
nonlinear_quartic,coupling,1,QuadraticCoupling,0.3728918317724266,0.7709939322967707,0.2200000000005551,0.22000000000038858,0.22000000000047185,0.22,0.22,0.22,covered,1.0000000000025233
nonlinear_quartic,coupling,2,QuadraticCoupling,0.7709939322967707,0.6945095083884569,0.2799999999999584,0.2799999999999584,0.2799999999999584,0.28,0.28,0.28,covered,0.9999999999998513
nonlinear_quartic,coupling,3,QuadraticCoupling,0.6945095083884569,0.9690145740519915,0.15999999999977796,0.15999999999977796,0.15999999999977796,0.16,0.16,0.16,covered,0.9999999999986122
nonlinear_quartic,coupling,4,QuadraticCoupling,0.9690145740519915,0.4179365578961156,0.22000000000038858,0.220000000001249,0.2200000000008188,0.22,0.22,0.22,covered,1.0000000000056772
nonlinear_quartic,coupling,5,QuadraticCoupling,0.4179365578961156,0.818365295730198,0.2800000000001388,0.28000000000030534,0.28000000000022207,0.28,0.28,0.28,covered,1.0000000000010905
nonlinear_quartic,coupling,6,QuadraticCoupling,0.818365295730198,0.08048048247544098,0.15999999999977796,0.1600000000004996,0.16000000000013878,0.16,0.16,0.16,covered,1.0000000000031224
nonlinear_quartic,coupling,7,QuadraticCoupling,0.08048048247544098,0.8361477001731301,0.21999999999947265,0.2199999999990008,0.21999999999923672,0.22,0.22,0.22,covered,0.9999999999976029
nonlinear_quartic,coupling,8,QuadraticCoupling,0.8361477001731301,0.8588561135796188,0.28000000000000175,0.28000000000000175,0.28000000000000175,0.28,0.28,0.28,covered,1.0000000000000062
nonlinear_quartic,coupling,9,QuadraticCoupling,0.8588561135796188,0.5902887479144315,0.1600000000001249,0.1600000000001249,0.1600000000001249,0.16,0.16,0.16,covered,1.0000000000007807
nonlinear_quartic,coupling,10,QuadraticCoupling,0.5902887479144315,0.5371292179095577,0.2199999999999549,0.2199999999999549,0.2199999999999549,0.22,0.22,0.22,covered,0.9999999999997949
nonlinear_quartic,module,0,QuarticWell,0.02506404356854304,,6.569967646141973,,,6.569967645995397,,,covered,1.00000000002231
nonlinear_quartic,module,1,QuarticWell,0.3424594139759078,,2.298958856364807,,,2.2989588561831162,,,covered,1.0000000000790317
nonlinear_quartic,module,2,QuarticWell,0.7175937228892493,,2.107009553951752,,,2.1070095538896885,,,covered,1.0000000000294558
nonlinear_quartic,module,3,QuarticWell,0.17727221729187226,,2.35387820160291,,,2.3538782013791546,,,covered,1.0000000000950582
nonlinear_quartic,module,4,QuarticWell,0.12132173338272544,,1.6947778063692762,,,1.6947778061565462,,,covered,1.000000000125521
nonlinear_quartic,module,5,QuarticWell,0.8779377883045232,,0.6368508158273285,,,0.636850815711469,,,covered,1.0000000001819258
nonlinear_quartic,module,6,QuarticWell,0.5210019402036524,,0.7036725300686825,,,0.7036725299833096,,,covered,1.0000000001213247
nonlinear_quartic,module,7,QuarticWell,0.08184221623697902,,2.659759497726154,,,2.659759497585321,,,covered,1.0000000000529494
nonlinear_quartic,module,8,QuarticWell,0.7432440209245972,,1.6044758623646482,,,1.6044758622208222,,,covered,1.0000000000896405
nonlinear_quartic,module,9,QuarticWell,0.2106680267999069,,1.6387204940721254,,,1.6387204939957256,,,covered,1.0000000000466216
nonlinear_quartic,module,10,QuarticWell,0.38903551635382405,,3.0656115117888443,,,3.06561151169052,,,covered,1.0000000000320735
nonlinear_quartic,module,11,QuarticWell,0.7549842966573228,,0.9454156751508018,,,0.9454156749817162,,,covered,1.0000000001788478
nonlinear_quartic,coupling,0,QuadraticCoupling,0.02506404356854304,0.3424594139759078,0.1600000000004441,0.16000000000027756,0.16000000000036083,0.16,0.16,0.16,covered,1.0000000000027756
nonlinear_quartic,coupling,1,QuadraticCoupling,0.3424594139759078,0.7175937228892493,0.21999999999986122,0.2199999999996947,0.21999999999977796,0.22,0.22,0.22,covered,0.9999999999993692
nonlinear_quartic,coupling,2,QuadraticCoupling,0.7175937228892493,0.17727221729187226,0.27999999999961145,0.27999999999805714,0.2799999999988343,0.28,0.28,0.28,covered,0.9999999999986122
nonlinear_quartic,coupling,3,QuadraticCoupling,0.17727221729187226,0.12132173338272544,0.15999999999993061,0.1599999999999792,0.1599999999999549,0.16,0.16,0.16,covered,0.9999999999998699
nonlinear_quartic,coupling,4,QuadraticCoupling,0.12132173338272544,0.8779377883045232,0.22000000000086042,0.22000000000038858,0.2200000000006245,0.22,0.22,0.22,covered,1.000000000003911
nonlinear_quartic,coupling,5,QuadraticCoupling,0.8779377883045232,0.5210019402036524,0.28000000000030534,0.28000000000030534,0.28000000000030534,0.28,0.28,0.28,covered,1.0000000000010905
nonlinear_quartic,coupling,6,QuadraticCoupling,0.5210019402036524,0.08184221623697902,0.15999999999977796,0.1600000000004996,0.16000000000013878,0.16,0.16,0.16,covered,1.0000000000031224
nonlinear_quartic,coupling,7,QuadraticCoupling,0.08184221623697902,0.7432440209245972,0.22000000000086042,0.22000000000038858,0.2200000000006245,0.22,0.22,0.22,covered,1.000000000003911
nonlinear_quartic,coupling,8,QuadraticCoupling,0.7432440209245972,0.2106680267999069,0.2800000000009992,0.2800000000008327,0.28000000000091596,0.28,0.28,0.28,covered,1.0000000000035685
nonlinear_quartic,coupling,9,QuadraticCoupling,0.2106680267999069,0.38903551635382405,0.15999999999993061,0.15999999999993061,0.15999999999993061,0.16,0.16,0.16,covered,0.9999999999995663
nonlinear_quartic,coupling,10,QuadraticCoupling,0.38903551635382405,0.7549842966573228,0.21999999999986122,0.2199999999996947,0.21999999999977796,0.22,0.22,0.22,covered,0.9999999999993692
nonlinear_quartic,module,0,QuarticWell,0.6416018863255991,,4.1302537890108075,,,4.130253788875623,,,covered,1.0000000000327303
nonlinear_quartic,module,1,QuarticWell,0.3058978730890025,,2.498883474142121,,,2.4988834739754067,,,covered,1.0000000000667155
nonlinear_quartic,module,2,QuarticWell,0.23905290801988566,,1.7738251416824249,,,1.7738251416178594,,,covered,1.000000000036399
nonlinear_quartic,module,3,QuarticWell,0.8652904847982932,,4.874254059061812,,,4.874254058832794,,,covered,1.000000000046985
nonlinear_quartic,module,4,QuarticWell,0.5769426344841082,,0.344838033618095,,,0.3448380334032729,,,covered,1.0000000006229652
nonlinear_quartic,module,5,QuarticWell,0.23624147062366757,,0.6112649514036221,,,0.6112649512869333,,,covered,1.0000000001908973
nonlinear_quartic,module,6,QuarticWell,0.6772665558583052,,0.5155362578927606,,,0.5155362578069782,,,covered,1.0000000001663945
nonlinear_quartic,module,7,QuarticWell,0.4062829341550188,,1.2947443536180199,,,1.2947443534795755,,,covered,1.000000000106928
nonlinear_quartic,module,8,QuarticWell,0.7971400334352835,,1.885031303131254,,,1.885031302985563,,,covered,1.0000000000772884
nonlinear_quartic,module,9,QuarticWell,0.4913860925418719,,1.3596187681486351,,,1.3596187680724587,,,covered,1.0000000000560278
nonlinear_quartic,module,10,QuarticWell,0.5859645115995289,,3.0853564760764924,,,3.0853564759820413,,,covered,1.0000000000306126
nonlinear_quartic,module,11,QuarticWell,0.35702939462730465,,0.687779412783535,,,0.687779412614194,,,covered,1.0000000002462142
nonlinear_quartic,coupling,0,QuadraticCoupling,0.6416018863255991,0.3058978730890025,0.1600000000001249,0.15999999999993061,0.16000000000002776,0.16,0.16,0.16,covered,1.0000000000007807
nonlinear_quartic,coupling,1,QuadraticCoupling,0.3058978730890025,0.23905290801988566,0.2200000000000347,0.2200000000000347,0.2200000000000347,0.22,0.22,0.22,covered,1.0000000000001577
nonlinear_quartic,coupling,2,QuadraticCoupling,0.23905290801988566,0.8652904847982932,0.27999999999805714,0.27999999999961145,0.2799999999988343,0.28,0.28,0.28,covered,0.9999999999986122
nonlinear_quartic,coupling,3,QuadraticCoupling,0.8652904847982932,0.5769426344841082,0.1600000000001249,0.1600000000001249,0.1600000000001249,0.16,0.16,0.16,covered,1.0000000000007807
nonlinear_quartic,coupling,4,QuadraticCoupling,0.5769426344841082,0.23624147062366757,0.22000000000038858,0.21999999999986122,0.2200000000001249,0.22,0.22,0.22,covered,1.0000000000017664
nonlinear_quartic,coupling,5,QuadraticCoupling,0.23624147062366757,0.6772665558583052,0.2800000000001388,0.28000000000030534,0.28000000000022207,0.28,0.28,0.28,covered,1.0000000000010905
nonlinear_quartic,coupling,6,QuadraticCoupling,0.6772665558583052,0.4062829341550188,0.1600000000001249,0.15999999999993061,0.16000000000002776,0.16,0.16,0.16,covered,1.0000000000007807
nonlinear_quartic,coupling,7,QuadraticCoupling,0.4062829341550188,0.7971400334352835,0.21999999999986122,0.22000000000038858,0.2200000000001249,0.22,0.22,0.22,covered,1.0000000000017664
nonlinear_quartic,coupling,8,QuadraticCoupling,0.7971400334352835,0.4913860925418719,0.28000000000030534,0.2800000000001388,0.28000000000022207,0.28,0.28,0.28,covered,1.0000000000010905
nonlinear_quartic,coupling,9,QuadraticCoupling,0.4913860925418719,0.5859645115995289,0.16000000000001735,0.16000000000003817,0.16000000000002776,0.16,0.16,0.16,covered,1.0000000000002385
nonlinear_quartic,coupling,10,QuadraticCoupling,0.5859645115995289,0.35702939462730465,0.22000000000004163,0.21999999999986122,0.21999999999995143,0.22,0.22,0.22,covered,1.0000000000001892
nonlinear_quartic,module,0,QuarticWell,0.9782757275637185,,4.100759281918453,,,4.100759281783851,,,covered,1.0000000000328235
nonlinear_quartic,module,1,QuarticWell,0.4363466063695261,,1.8522875401808874,,,1.8522875399986902,,,covered,1.0000000000983633
nonlinear_quartic,module,2,QuarticWell,0.8381366966115705,,2.3307285975210967,,,2.3307285974596796,,,covered,1.000000000026351
nonlinear_quartic,module,3,QuarticWell,0.07272406299565463,,2.526707254933294,,,2.5267072547086498,,,covered,1.000000000088908
nonlinear_quartic,module,4,QuarticWell,0.6339326549034411,,0.36426074476121556,,,0.3642607445463304,,,covered,1.0000000005899212
nonlinear_quartic,module,5,QuarticWell,0.7272072624680789,,0.37108390109857464,,,0.3710839009819594,,,covered,1.0000000003142557
nonlinear_quartic,module,6,QuarticWell,0.5153598569501359,,0.7128099766111862,,,0.7128099765248717,,,covered,1.0000000001210905
nonlinear_quartic,module,7,QuarticWell,0.7169493844666505,,0.7888515654458874,,,0.788851565310342,,,covered,1.0000000001718263
nonlinear_quartic,module,8,QuarticWell,0.8858985636169049,,2.4027049046136386,,,2.4027049044679343,,,covered,1.0000000000606417
nonlinear_quartic,module,9,QuarticWell,0.8510755017951724,,1.5261106009453804,,,1.52611060086968,,,covered,1.0000000000496034
nonlinear_quartic,module,10,QuarticWell,0.06573587005983335,,3.5230559181878345,,,3.5230559180756424,,,covered,1.0000000000318452
nonlinear_quartic,module,11,QuarticWell,0.49868517301665344,,0.5946725608518436,,,0.5946725606821717,,,covered,1.00000000028532
nonlinear_quartic,coupling,0,QuadraticCoupling,0.9782757275637185,0.4363466063695261,0.15999999999977796,0.15999999999958367,0.15999999999968081,0.16,0.16,0.16,covered,0.9999999999986122
nonlinear_quartic,coupling,1,QuadraticCoupling,0.4363466063695261,0.8381366966115705,0.2200000000005551,0.22000000000038858,0.22000000000047185,0.22,0.22,0.22,covered,1.0000000000025233
nonlinear_quartic,coupling,2,QuadraticCoupling,0.8381366966115705,0.07272406299565463,0.2800000000009992,0.28000000000122127,0.28000000000111025,0.28,0.28,0.28,covered,1.0000000000043616
nonlinear_quartic,coupling,3,QuadraticCoupling,0.07272406299565463,0.6339326549034411,0.1600000000004996,0.15999999999977796,0.16000000000013878,0.16,0.16,0.16,covered,1.0000000000031224
nonlinear_quartic,coupling,4,QuadraticCoupling,0.6339326549034411,0.7272072624680789,0.21999999999986816,0.21999999999986816,0.21999999999986816,0.22,0.22,0.22,covered,0.9999999999994007
nonlinear_quartic,coupling,5,QuadraticCoupling,0.7272072624680789,0.5153598569501359,0.2799999999999584,0.2799999999999584,0.2799999999999584,0.28,0.28,0.28,covered,0.9999999999998513
nonlinear_quartic,coupling,6,QuadraticCoupling,0.5153598569501359,0.7169493844666505,0.15999999999977796,0.15999999999977796,0.15999999999977796,0.16,0.16,0.16,covered,0.9999999999986122
nonlinear_quartic,coupling,7,QuadraticCoupling,0.7169493844666505,0.8858985636169049,0.22000000000004163,0.22000000000004163,0.22000000000004163,0.22,0.22,0.22,covered,1.0000000000001892
nonlinear_quartic,coupling,8,QuadraticCoupling,0.8858985636169049,0.8510755017951724,0.2799999999999584,0.2799999999999584,0.2799999999999584,0.28,0.28,0.28,covered,0.9999999999998513
nonlinear_quartic,coupling,9,QuadraticCoupling,0.8510755017951724,0.06573587005983335,0.15999999999977796,0.1600000000004996,0.16000000000013878,0.16,0.16,0.16,covered,1.0000000000031224
nonlinear_quartic,coupling,10,QuadraticCoupling,0.06573587005983335,0.49868517301665344,0.21999999999947265,0.21999999999986122,0.21999999999966693,0.22,0.22,0.22,covered,0.9999999999993692
nonlinear_quartic,module,0,QuarticWell,0.09097536419078595,,6.161821056884955,,,6.16182105675454,,,covered,1.000000000021165
nonlinear_quartic,module,1,QuarticWell,0.3879031646768771,,2.070766086984682,,,2.070766086805028,,,covered,1.0000000000867573
nonlinear_quartic,module,2,QuarticWell,0.436244107740695,,1.8037248548537224,,,1.803724854788498,,,covered,1.0000000000361609
nonlinear_quartic,module,3,QuarticWell,0.9507666567273709,,5.63085955747398,,,5.630859557242449,,,covered,1.0000000000411182
nonlinear_quartic,module,4,QuarticWell,0.1265168534508167,,1.6643045096309548,,,1.6643045094126303,,,covered,1.0000000001311806
nonlinear_quartic,module,5,QuarticWell,0.025962372618102556,,1.2317173845033893,,,1.23171738438743,,,covered,1.0000000000941442
nonlinear_quartic,module,6,QuarticWell,0.18454873726903206,,1.5342378496026243,,,1.5342378495203752,,,covered,1.0000000000536091
nonlinear_quartic,module,7,QuarticWell,0.9709411701093146,,0.9576046167763257,,,0.9576046166414143,,,covered,1.0000000001408842
nonlinear_quartic,module,8,QuarticWell,0.766119469755749,,1.720435572235615,,,1.7204355720912314,,,covered,1.0000000000839226
nonlinear_quartic,module,9,QuarticWell,0.49099627803139767,,1.359757702484893,,,1.3597577024094316,,,covered,1.0000000000554963
nonlinear_quartic,module,10,QuarticWell,0.15588655155631334,,3.3342821645709857,,,3.334282164474278,,,covered,1.000000000029004
nonlinear_quartic,module,11,QuarticWell,0.6735717936201725,,0.7615258680614096,,,0.7615258678909987,,,covered,1.0000000002237757
nonlinear_quartic,coupling,0,QuadraticCoupling,0.09097536419078595,0.3879031646768771,0.16000000000015266,0.15999999999993061,0.16000000000004164,0.16,0.16,0.16,covered,1.0000000000009541
nonlinear_quartic,coupling,1,QuadraticCoupling,0.3879031646768771,0.436244107740695,0.2200000000000347,0.2200000000000347,0.2200000000000347,0.22,0.22,0.22,covered,1.0000000000001577
nonlinear_quartic,coupling,2,QuadraticCoupling,0.436244107740695,0.9507666567273709,0.27999999999805714,0.27999999999961145,0.2799999999988343,0.28,0.28,0.28,covered,0.9999999999986122
nonlinear_quartic,coupling,3,QuadraticCoupling,0.9507666567273709,0.1265168534508167,0.15999999999977796,0.16000000000027756,0.16000000000002776,0.16,0.16,0.16,covered,1.0000000000017346
nonlinear_quartic,coupling,4,QuadraticCoupling,0.1265168534508167,0.025962372618102556,0.2200000000000347,0.2200000000000902,0.22000000000006245,0.22,0.22,0.22,covered,1.0000000000004101
nonlinear_quartic,coupling,5,QuadraticCoupling,0.025962372618102556,0.18454873726903206,0.2800000000000833,0.27999999999979186,0.2799999999999376,0.28,0.28,0.28,covered,1.0000000000002973
nonlinear_quartic,coupling,6,QuadraticCoupling,0.18454873726903206,0.9709411701093146,0.16000000000027756,0.15999999999977796,0.16000000000002776,0.16,0.16,0.16,covered,1.0000000000017346
nonlinear_quartic,coupling,7,QuadraticCoupling,0.9709411701093146,0.766119469755749,0.22000000000004163,0.22000000000004163,0.22000000000004163,0.22,0.22,0.22,covered,1.0000000000001892
nonlinear_quartic,coupling,8,QuadraticCoupling,0.766119469755749,0.49099627803139767,0.27999999999961145,0.2800000000001388,0.2799999999998751,0.28,0.28,0.28,covered,1.0000000000004956
nonlinear_quartic,coupling,9,QuadraticCoupling,0.49099627803139767,0.15588655155631334,0.15999999999993061,0.15999999999993061,0.15999999999993061,0.16,0.16,0.16,covered,0.9999999999995663
nonlinear_quartic,coupling,10,QuadraticCoupling,0.15588655155631334,0.6735717936201725,0.21999999999986122,0.2199999999996947,0.21999999999977796,0.22,0.22,0.22,covered,0.9999999999993692
nonlinear_quartic,module,0,QuarticWell,0.5290806662369828,,4.345291948857146,,,4.345291948718201,,,covered,1.000000000031976
nonlinear_quartic,module,1,QuarticWell,0.3567404399210754,,2.224823249483694,,,2.2248232492969127,,,covered,1.0000000000839533
nonlinear_quartic,module,2,QuarticWell,0.45590599420009165,,1.8149596875553675,,,1.814959687490117,,,covered,1.0000000000359515
nonlinear_quartic,module,3,QuarticWell,0.046366773474650846,,2.593422481957691,,,2.593422481733205,,,covered,1.0000000000865596
nonlinear_quartic,module,4,QuarticWell,0.6422445095494295,,0.37059159714957673,,,0.370591596934629,,,covered,1.0000000005800125
nonlinear_quartic,module,5,QuarticWell,0.7548521869311351,,0.4078835623884913,,,0.40788356227139577,,,covered,1.0000000002870808
nonlinear_quartic,module,6,QuarticWell,0.13101599796333707,,1.7199721573806788,,,1.7199721572880746,,,covered,1.0000000000538405
nonlinear_quartic,module,7,QuarticWell,0.6678728526917057,,0.8166394913247361,,,0.8166394911892759,,,covered,1.000000000165875
nonlinear_quartic,module,8,QuarticWell,0.5357886508318429,,0.7628286593029687,,,0.7628286591563966,,,covered,1.000000000192143
nonlinear_quartic,module,9,QuarticWell,0.24895275888564986,,1.579538019598289,,,1.5795380195267046,,,covered,1.00000000004532
nonlinear_quartic,module,10,QuarticWell,0.6871128038127099,,3.1833112451618564,,,3.183311245067218,,,covered,1.0000000000297296
nonlinear_quartic,module,11,QuarticWell,0.6774142003666116,,0.768687635724381,,,0.7686876355547738,,,covered,1.0000000002206453
nonlinear_quartic,coupling,0,QuadraticCoupling,0.5290806662369828,0.3567404399210754,0.15999999999995143,0.1600000000001041,0.16000000000002776,0.16,0.16,0.16,covered,1.0000000000006506
nonlinear_quartic,coupling,1,QuadraticCoupling,0.3567404399210754,0.45590599420009165,0.2200000000000347,0.2200000000000347,0.2200000000000347,0.22,0.22,0.22,covered,1.0000000000001577
nonlinear_quartic,coupling,2,QuadraticCoupling,0.45590599420009165,0.046366773474650846,0.2799999999994449,0.2799999999996392,0.27999999999954206,0.28,0.28,0.28,covered,0.9999999999987114
nonlinear_quartic,coupling,3,QuadraticCoupling,0.046366773474650846,0.6422445095494295,0.1599999999996947,0.15999999999977796,0.15999999999973633,0.16,0.16,0.16,covered,0.9999999999986122
nonlinear_quartic,coupling,4,QuadraticCoupling,0.6422445095494295,0.7548521869311351,0.21999999999986816,0.21999999999986816,0.21999999999986816,0.22,0.22,0.22,covered,0.9999999999994007
nonlinear_quartic,coupling,5,QuadraticCoupling,0.7548521869311351,0.13101599796333707,0.2800000000009992,0.2799999999994449,0.28000000000022207,0.28,0.28,0.28,covered,1.0000000000035685
nonlinear_quartic,coupling,6,QuadraticCoupling,0.13101599796333707,0.6678728526917057,0.15999999999958367,0.16000000000047185,0.16000000000002776,0.16,0.16,0.16,covered,1.000000000002949
nonlinear_quartic,coupling,7,QuadraticCoupling,0.6678728526917057,0.5357886508318429,0.22000000000004163,0.22000000000004163,0.22000000000004163,0.22,0.22,0.22,covered,1.0000000000001892
nonlinear_quartic,coupling,8,QuadraticCoupling,0.5357886508318429,0.24895275888564986,0.27999999999961145,0.2800000000001388,0.2799999999998751,0.28,0.28,0.28,covered,1.0000000000004956
nonlinear_quartic,coupling,9,QuadraticCoupling,0.24895275888564986,0.6871128038127099,0.16000000000027756,0.15999999999977796,0.16000000000002776,0.16,0.16,0.16,covered,1.0000000000017346
nonlinear_quartic,coupling,10,QuadraticCoupling,0.6871128038127099,0.6774142003666116,0.21999999999999825,0.21999999999999825,0.21999999999999825,0.22,0.22,0.22,covered,0.999999999999992
nonlinear_quartic,module,0,QuarticWell,0.4080203654407393,,4.691439909971533,,,4.691439909838855,,,covered,1.000000000028281
nonlinear_quartic,module,1,QuarticWell,0.48084981364248375,,1.674113008327529,,,1.6741130081449236,,,covered,1.0000000001090759
nonlinear_quartic,module,2,QuarticWell,0.8185515475257702,,2.2905524670650985,,,2.2905524670078465,,,covered,1.000000000024995
nonlinear_quartic,module,3,QuarticWell,0.37103979479723637,,2.421294833391062,,,2.421294833167522,,,covered,1.0000000000923224
nonlinear_quartic,module,4,QuarticWell,0.7248761289129851,,0.48196054675379923,,,0.4819605465391413,,,covered,1.0000000004453848
nonlinear_quartic,module,5,QuarticWell,0.30164875579941985,,0.48156637692830095,,,0.48156637681187464,,,covered,1.000000000241766
nonlinear_quartic,module,6,QuarticWell,0.9767187653365443,,0.5052660883196016,,,0.5052660882334317,,,covered,1.0000000001705438
nonlinear_quartic,module,7,QuarticWell,0.6355273580044537,,0.8456480055683463,,,0.8456480054325688,,,covered,1.0000000001605602
nonlinear_quartic,module,8,QuarticWell,0.2730217200964524,,0.2397536573210016,,,0.23975365717450114,,,covered,1.0000000006110457
nonlinear_quartic,module,9,QuarticWell,0.8211202878874092,,1.4897713109014519,,,1.4897713108256458,,,covered,1.0000000000508844
nonlinear_quartic,module,10,QuarticWell,0.21538572794158964,,3.2356254690969313,,,3.235625468998175,,,covered,1.0000000000305216
nonlinear_quartic,module,11,QuarticWell,0.9560768393779935,,1.6888180752898916,,,1.688818075123626,,,covered,1.0000000000984508
nonlinear_quartic,coupling,0,QuadraticCoupling,0.4080203654407393,0.48084981364248375,0.16000000000001735,0.16000000000001735,0.16000000000001735,0.16,0.16,0.16,covered,1.0000000000001084
nonlinear_quartic,coupling,1,QuadraticCoupling,0.48084981364248375,0.8185515475257702,0.21999999999986122,0.22000000000038858,0.2200000000001249,0.22,0.22,0.22,covered,1.0000000000017664
nonlinear_quartic,coupling,2,QuadraticCoupling,0.8185515475257702,0.37103979479723637,0.27999999999961145,0.2800000000008327,0.28000000000022207,0.28,0.28,0.28,covered,1.0000000000029738
nonlinear_quartic,coupling,3,QuadraticCoupling,0.37103979479723637,0.7248761289129851,0.16000000000027756,0.15999999999977796,0.16000000000002776,0.16,0.16,0.16,covered,1.0000000000017346
nonlinear_quartic,coupling,4,QuadraticCoupling,0.7248761289129851,0.30164875579941985,0.2199999999996947,0.21999999999986122,0.21999999999977796,0.22,0.22,0.22,covered,0.9999999999993692
nonlinear_quartic,coupling,5,QuadraticCoupling,0.30164875579941985,0.9767187653365443,0.2800000000008327,0.27999999999961145,0.28000000000022207,0.28,0.28,0.28,covered,1.0000000000029738
nonlinear_quartic,coupling,6,QuadraticCoupling,0.9767187653365443,0.6355273580044537,0.15999999999977796,0.15999999999977796,0.15999999999977796,0.16,0.16,0.16,covered,0.9999999999986122
nonlinear_quartic,coupling,7,QuadraticCoupling,0.6355273580044537,0.2730217200964524,0.2199999999996947,0.21999999999986122,0.21999999999977796,0.22,0.22,0.22,covered,0.9999999999993692
nonlinear_quartic,coupling,8,QuadraticCoupling,0.2730217200964524,0.8211202878874092,0.27999999999805714,0.27999999999961145,0.2799999999988343,0.28,0.28,0.28,covered,0.9999999999986122
nonlinear_quartic,coupling,9,QuadraticCoupling,0.8211202878874092,0.21538572794158964,0.15999999999977796,0.16000000000027756,0.16000000000002776,0.16,0.16,0.16,covered,1.0000000000017346
nonlinear_quartic,coupling,10,QuadraticCoupling,0.21538572794158964,0.9560768393779935,0.2200000000005551,0.22000000000038858,0.22000000000047185,0.22,0.22,0.22,covered,1.0000000000025233
nonlinear_quartic,module,0,QuarticWell,0.8458825845449855,,4.0025683967085195,,,4.0025683965731345,,,covered,1.0000000000338245
nonlinear_quartic,module,1,QuarticWell,0.9371829140885858,,1.092166376977346,,,1.0921663767950605,,,covered,1.0000000001669027
nonlinear_quartic,module,2,QuarticWell,0.5823038514268204,,1.9229207528036278,,,1.9229207527372219,,,covered,1.000000000034534
nonlinear_quartic,module,3,QuarticWell,0.07168088876327872,,2.529170591917688,,,2.529170591691708,,,covered,1.0000000000893494
nonlinear_quartic,module,4,QuarticWell,0.9510465067136781,,1.2369033493026764,,,1.236903349087938,,,covered,1.0000000001736098
nonlinear_quartic,module,5,QuarticWell,0.438643364153401,,0.3072414722121422,,,0.3072414720952689,,,covered,1.0000000003803955
nonlinear_quartic,module,6,QuarticWell,0.6357280122557236,,0.5533155010843873,,,0.5533155009984398,,,covered,1.0000000001553317
nonlinear_quartic,module,7,QuarticWell,0.6252193746744394,,0.8566778486912693,,,0.8566778485554671,,,covered,1.0000000001585219
nonlinear_quartic,module,8,QuarticWell,0.244687620804801,,0.2195962712789209,,,0.21959627113243588,,,covered,1.000000000667065
nonlinear_quartic,module,9,QuarticWell,0.932983739136192,,1.646322697181622,,,1.6463226971012621,,,covered,1.0000000000488118
nonlinear_quartic,module,10,QuarticWell,0.775424807591335,,3.3175665607161333,,,3.3175665606188502,,,covered,1.0000000000293237
nonlinear_quartic,module,11,QuarticWell,0.45414765485074676,,0.6019277410393656,,,0.6019277408696933,,,covered,1.0000000002818816
nonlinear_quartic,coupling,0,QuadraticCoupling,0.8458825845449855,0.9371829140885858,0.16000000000003817,0.16000000000003817,0.16000000000003817,0.16,0.16,0.16,covered,1.0000000000002385
nonlinear_quartic,coupling,1,QuadraticCoupling,0.9371829140885858,0.5823038514268204,0.2199999999996947,0.2199999999996947,0.2199999999996947,0.22,0.22,0.22,covered,0.9999999999986122
nonlinear_quartic,coupling,2,QuadraticCoupling,0.5823038514268204,0.07168088876327872,0.27999999999961145,0.2799999999984457,0.2799999999990286,0.28,0.28,0.28,covered,0.9999999999986122
nonlinear_quartic,coupling,3,QuadraticCoupling,0.07168088876327872,0.9510465067136781,0.15999999999911182,0.15999999999977796,0.1599999999994449,0.16,0.16,0.16,covered,0.9999999999986122
nonlinear_quartic,coupling,4,QuadraticCoupling,0.9510465067136781,0.438643364153401,0.2199999999996947,0.220000000001249,0.22000000000047185,0.22,0.22,0.22,covered,1.0000000000056772
nonlinear_quartic,coupling,5,QuadraticCoupling,0.438643364153401,0.6357280122557236,0.27999999999979186,0.2799999999999584,0.2799999999998751,0.28,0.28,0.28,covered,0.9999999999998513
nonlinear_quartic,coupling,6,QuadraticCoupling,0.6357280122557236,0.6252193746744394,0.16000000000000564,0.16000000000000564,0.16000000000000564,0.16,0.16,0.16,covered,1.0000000000000353
nonlinear_quartic,coupling,7,QuadraticCoupling,0.6252193746744394,0.244687620804801,0.2199999999996947,0.21999999999986122,0.21999999999977796,0.22,0.22,0.22,covered,0.9999999999993692
nonlinear_quartic,coupling,8,QuadraticCoupling,0.244687620804801,0.932983739136192,0.27999999999805714,0.27999999999961145,0.2799999999988343,0.28,0.28,0.28,covered,0.9999999999986122
nonlinear_quartic,coupling,9,QuadraticCoupling,0.932983739136192,0.775424807591335,0.1600000000001249,0.1600000000001249,0.1600000000001249,0.16,0.16,0.16,covered,1.0000000000007807
nonlinear_quartic,coupling,10,QuadraticCoupling,0.775424807591335,0.45414765485074676,0.2199999999996947,0.21999999999986122,0.21999999999977796,0.22,0.22,0.22,covered,0.9999999999993692
nonlinear_quartic,module,0,QuarticWell,0.5083231808137046,,4.396191957709595,,,4.396191957571369,,,covered,1.0000000000314422
nonlinear_quartic,module,1,QuarticWell,0.08544547874376185,,4.013012609084711,,,4.013012608930965,,,covered,1.000000000038312
nonlinear_quartic,module,2,QuarticWell,0.523923591882077,,1.8653693790783816,,,1.8653693790110004,,,covered,1.0000000000361222
nonlinear_quartic,module,3,QuarticWell,0.8131294002121002,,4.460699257911355,,,4.460699257694456,,,covered,1.0000000000486244
nonlinear_quartic,module,4,QuarticWell,0.2191479670232385,,1.179354213228165,,,1.1793542130123669,,,covered,1.0000000001829799
nonlinear_quartic,module,5,QuarticWell,0.12145763440595406,,0.9114728545135046,,,0.911472854397726,,,covered,1.0000000001270237
nonlinear_quartic,module,6,QuarticWell,0.26601782510552213,,1.2798062674888557,,,1.2798062674061075,,,covered,1.000000000064657
nonlinear_quartic,module,7,QuarticWell,0.6914116887740674,,0.8008705214354266,,,0.8008705213004155,,,covered,1.0000000001685805
nonlinear_quartic,module,8,QuarticWell,0.5051821726029535,,0.6706769480234456,,,0.6706769478772869,,,covered,1.000000000217927
nonlinear_quartic,module,9,QuarticWell,0.47230831967324677,,1.3672295042483,,,1.3672295041738292,,,covered,1.0000000000544684
nonlinear_quartic,module,10,QuarticWell,0.6723391079246883,,3.1652873798337646,,,3.165287379730918,,,covered,1.000000000032492
nonlinear_quartic,module,11,QuarticWell,0.25580386537296207,,0.8794650082429942,,,0.8794650080732652,,,covered,1.0000000001929912
nonlinear_quartic,coupling,0,QuadraticCoupling,0.5083231808137046,0.08544547874376185,0.15999999999977796,0.1600000000004996,0.16000000000013878,0.16,0.16,0.16,covered,1.0000000000031224
nonlinear_quartic,coupling,1,QuadraticCoupling,0.08544547874376185,0.523923591882077,0.22000000000016653,0.2199999999996947,0.2199999999999306,0.22,0.22,0.22,covered,1.000000000000757
nonlinear_quartic,coupling,2,QuadraticCoupling,0.523923591882077,0.8131294002121002,0.27999999999961145,0.27999999999961145,0.27999999999961145,0.28,0.28,0.28,covered,0.9999999999986122
nonlinear_quartic,coupling,3,QuadraticCoupling,0.8131294002121002,0.2191479670232385,0.15999999999977796,0.16000000000027756,0.16000000000002776,0.16,0.16,0.16,covered,1.0000000000017346
nonlinear_quartic,coupling,4,QuadraticCoupling,0.2191479670232385,0.12145763440595406,0.2200000000000347,0.21999999999999306,0.22000000000001388,0.22,0.22,0.22,covered,1.0000000000001577
nonlinear_quartic,coupling,5,QuadraticCoupling,0.12145763440595406,0.26601782510552213,0.2799999999998335,0.2800000000001388,0.27999999999998615,0.28,0.28,0.28,covered,1.0000000000004956
nonlinear_quartic,coupling,6,QuadraticCoupling,0.26601782510552213,0.6914116887740674,0.16000000000027756,0.15999999999977796,0.16000000000002776,0.16,0.16,0.16,covered,1.0000000000017346
nonlinear_quartic,coupling,7,QuadraticCoupling,0.6914116887740674,0.5051821726029535,0.22000000000004163,0.22000000000004163,0.22000000000004163,0.22,0.22,0.22,covered,1.0000000000001892
nonlinear_quartic,coupling,8,QuadraticCoupling,0.5051821726029535,0.47230831967324677,0.2799999999999584,0.27999999999996533,0.27999999999996183,0.28,0.28,0.28,covered,0.9999999999998761
nonlinear_quartic,coupling,9,QuadraticCoupling,0.47230831967324677,0.6723391079246883,0.16000000000027756,0.15999999999977796,0.16000000000002776,0.16,0.16,0.16,covered,1.0000000000017346
nonlinear_quartic,coupling,10,QuadraticCoupling,0.6723391079246883,0.25580386537296207,0.22000000000038858,0.2200000000005551,0.22000000000047185,0.22,0.22,0.22,covered,1.0000000000025233
nonlinear_quartic,module,0,QuarticWell,0.7173679198499651,,4.043369286323511,,,4.043369286189325,,,covered,1.0000000000331868
nonlinear_quartic,module,1,QuarticWell,0.9236611221684711,,1.0767920869972791,,,1.0767920868157508,,,covered,1.0000000001685825
nonlinear_quartic,module,2,QuarticWell,0.5895227410524251,,1.9309538289024213,,,1.9309538288428856,,,covered,1.0000000000308322
nonlinear_quartic,module,3,QuarticWell,0.4074765379989339,,2.490236078806226,,,2.490236078582663,,,covered,1.0000000000897757
nonlinear_quartic,module,4,QuarticWell,0.9196980507924831,,1.092903478108176,,,1.0929034778940556,,,covered,1.0000000001959188
nonlinear_quartic,module,5,QuarticWell,0.46843071809545456,,0.2867751864253897,,,0.2867751863082372,,,covered,1.000000000408517
nonlinear_quartic,module,6,QuarticWell,0.5987846285608762,,0.5943571508417582,,,0.5943571507556222,,,covered,1.000000000144923
nonlinear_quartic,module,7,QuarticWell,0.8613811120274598,,0.8205588130787018,,,0.8205588129430557,,,covered,1.0000000001653095
nonlinear_quartic,module,8,QuarticWell,0.9513752314878738,,2.828968353792534,,,2.8289683536541412,,,covered,1.00000000004892
nonlinear_quartic,module,9,QuarticWell,0.27608953335345093,,1.5416280260123332,,,1.5416280259349544,,,covered,1.000000000050193
nonlinear_quartic,module,10,QuarticWell,0.4766653655929038,,3.046501712629108,,,3.046501712532046,,,covered,1.00000000003186
nonlinear_quartic,module,11,QuarticWell,0.14093663426240266,,1.2233380471864375,,,1.2233380470167505,,,covered,1.0000000001387082
nonlinear_quartic,coupling,0,QuadraticCoupling,0.7173679198499651,0.9236611221684711,0.15999999999977796,0.15999999999977796,0.15999999999977796,0.16,0.16,0.16,covered,0.9999999999986122
nonlinear_quartic,coupling,1,QuadraticCoupling,0.9236611221684711,0.5895227410524251,0.2199999999996947,0.2199999999996947,0.2199999999996947,0.22,0.22,0.22,covered,0.9999999999986122
nonlinear_quartic,coupling,2,QuadraticCoupling,0.5895227410524251,0.4074765379989339,0.2799999999999584,0.27999999999979186,0.2799999999998751,0.28,0.28,0.28,covered,0.9999999999998513
nonlinear_quartic,coupling,3,QuadraticCoupling,0.4074765379989339,0.9196980507924831,0.16000000000097145,0.15999999999977796,0.1600000000003747,0.16,0.16,0.16,covered,1.0000000000060716
nonlinear_quartic,coupling,4,QuadraticCoupling,0.9196980507924831,0.46843071809545456,0.2199999999996947,0.21999999999986122,0.21999999999977796,0.22,0.22,0.22,covered,0.9999999999993692
nonlinear_quartic,coupling,5,QuadraticCoupling,0.46843071809545456,0.5987846285608762,0.2800000000001388,0.2799999999999584,0.2800000000000486,0.28,0.28,0.28,covered,1.0000000000004956
nonlinear_quartic,coupling,6,QuadraticCoupling,0.5987846285608762,0.8613811120274598,0.1600000000001249,0.1600000000001249,0.1600000000001249,0.16,0.16,0.16,covered,1.0000000000007807
nonlinear_quartic,coupling,7,QuadraticCoupling,0.8613811120274598,0.9513752314878738,0.21999999999986816,0.21999999999986816,0.21999999999986816,0.22,0.22,0.22,covered,0.9999999999994007
nonlinear_quartic,coupling,8,QuadraticCoupling,0.9513752314878738,0.27608953335345093,0.27999999999961145,0.2799999999994449,0.2799999999995282,0.28,0.28,0.28,covered,0.9999999999986122
nonlinear_quartic,coupling,9,QuadraticCoupling,0.27608953335345093,0.4766653655929038,0.15999999999993061,0.15999999999993061,0.15999999999993061,0.16,0.16,0.16,covered,0.9999999999995663
nonlinear_quartic,coupling,10,QuadraticCoupling,0.4766653655929038,0.14093663426240266,0.21999999999986122,0.21999999999986122,0.21999999999986122,0.22,0.22,0.22,covered,0.9999999999993692
nonlinear_quartic,module,0,QuarticWell,0.6558318707835589,,4.110380906537758,,,4.1103809064038686,,,covered,1.0000000000325735
nonlinear_quartic,module,1,QuarticWell,0.24927999315106683,,2.8372190912478383,,,2.837219091065987,,,covered,1.000000000064095
nonlinear_quartic,module,2,QuarticWell,0.18186814583061353,,1.7933125902101883,,,1.7933125901473326,,,covered,1.00000000003505
nonlinear_quartic,module,3,QuarticWell,0.06296738130004165,,2.5503168056616348,,,2.550316805434622,,,covered,1.0000000000890135
nonlinear_quartic,module,4,QuarticWell,0.22854392149516764,,1.1363419501380938,,,1.1363419499225467,,,covered,1.0000000001896852
nonlinear_quartic,module,5,QuarticWell,0.5139788481544261,,0.26752438312856497,,,0.26752438301159237,,,covered,1.000000000437241
nonlinear_quartic,module,6,QuarticWell,0.34680265648882747,,1.0611543382322222,,,1.061154338146923,,,covered,1.0000000000803833
nonlinear_quartic,module,7,QuarticWell,0.8243474422693617,,0.7962786244848797,,,0.7962786243493969,,,covered,1.000000000170145
nonlinear_quartic,module,8,QuarticWell,0.21614339454612194,,0.20642397214328845,,,0.20642397199682674,,,covered,1.0000000007095189
nonlinear_quartic,module,9,QuarticWell,0.24333116254757198,,1.5878103793094065,,,1.5878103792332274,,,covered,1.0000000000479774
nonlinear_quartic,module,10,QuarticWell,0.6459318303218621,,3.136237903914436,,,3.1362379038128303,,,covered,1.0000000000323974
nonlinear_quartic,module,11,QuarticWell,0.6321597822866298,,0.6938789150732697,,,0.6938789149034565,,,covered,1.0000000002447302
nonlinear_quartic,coupling,0,QuadraticCoupling,0.6558318707835589,0.24927999315106683,0.15999999999977796,0.16000000000027756,0.16000000000002776,0.16,0.16,0.16,covered,1.0000000000017346
nonlinear_quartic,coupling,1,QuadraticCoupling,0.24927999315106683,0.18186814583061353,0.2200000000000347,0.2200000000000347,0.2200000000000347,0.22,0.22,0.22,covered,1.0000000000001577
nonlinear_quartic,coupling,2,QuadraticCoupling,0.18186814583061353,0.06296738130004165,0.2800000000001388,0.2799999999998335,0.27999999999998615,0.28,0.28,0.28,covered,1.0000000000004956
nonlinear_quartic,coupling,3,QuadraticCoupling,0.06296738130004165,0.22854392149516764,0.15999999999980571,0.1600000000001041,0.1599999999999549,0.16,0.16,0.16,covered,1.0000000000006506
nonlinear_quartic,coupling,4,QuadraticCoupling,0.22854392149516764,0.5139788481544261,0.21999999999986122,0.2199999999996947,0.21999999999977796,0.22,0.22,0.22,covered,0.9999999999993692
nonlinear_quartic,coupling,5,QuadraticCoupling,0.5139788481544261,0.34680265648882747,0.2799999999999584,0.2800000000001388,0.2800000000000486,0.28,0.28,0.28,covered,1.0000000000004956
nonlinear_quartic,coupling,6,QuadraticCoupling,0.34680265648882747,0.8243474422693617,0.16000000000027756,0.15999999999977796,0.16000000000002776,0.16,0.16,0.16,covered,1.0000000000017346
nonlinear_quartic,coupling,7,QuadraticCoupling,0.8243474422693617,0.21614339454612194,0.22000000000038858,0.2200000000005551,0.22000000000047185,0.22,0.22,0.22,covered,1.0000000000025233
nonlinear_quartic,coupling,8,QuadraticCoupling,0.21614339454612194,0.24333116254757198,0.2800000000000087,0.2800000000000087,0.2800000000000087,0.28,0.28,0.28,covered,1.0000000000000309
nonlinear_quartic,coupling,9,QuadraticCoupling,0.24333116254757198,0.6459318303218621,0.16000000000027756,0.15999999999977796,0.16000000000002776,0.16,0.16,0.16,covered,1.0000000000017346
nonlinear_quartic,coupling,10,QuadraticCoupling,0.6459318303218621,0.6321597822866298,0.21999999999999825,0.21999999999999825,0.21999999999999825,0.22,0.22,0.22,covered,0.999999999999992
nonlinear_quartic,module,0,QuarticWell,0.7666988651587043,,4.011850627701425,,,4.01185062756652,,,covered,1.0000000000336267
nonlinear_quartic,module,1,QuarticWell,0.8766322900884735,,1.0388330432641821,,,1.038833043082743,,,covered,1.0000000001746567
nonlinear_quartic,module,2,QuarticWell,0.49150412466375526,,1.8391084335859713,,,1.8391084335228327,,,covered,1.0000000000343312
nonlinear_quartic,module,3,QuarticWell,0.20706407639811983,,2.3314751898211306,,,2.3314751895973096,,,covered,1.0000000000959997
nonlinear_quartic,module,4,QuarticWell,0.5208924335712861,,0.3665693000701216,,,0.3665692998554534,,,covered,1.0000000005856142
nonlinear_quartic,module,5,QuarticWell,0.3009059045927336,,0.48287079512259196,,,0.48287079500539504,,,covered,1.0000000002427087
nonlinear_quartic,module,6,QuarticWell,0.161084399985371,,1.6138375921887451,,,1.613837592096176,,,covered,1.0000000000573597
nonlinear_quartic,module,7,QuarticWell,0.03519173710763493,,2.9263257407809915,,,2.926325740647657,,,covered,1.0000000000455638
nonlinear_quartic,module,8,QuarticWell,0.5173774586470903,,0.7064085218490509,,,0.7064085217018292,,,covered,1.0000000002084086
nonlinear_quartic,module,9,QuarticWell,0.93729930739227,,1.6535030627559988,,,1.6535030626837202,,,covered,1.0000000000437124
nonlinear_quartic,module,10,QuarticWell,0.9614112300376187,,3.748895960315321,,,3.7488959602208505,,,covered,1.0000000000251996
nonlinear_quartic,module,11,QuarticWell,0.02846280234438886,,1.6902082863285561,,,1.6902082861599987,,,covered,1.0000000000997258
nonlinear_quartic,coupling,0,QuadraticCoupling,0.7666988651587043,0.8766322900884735,0.15999999999995143,0.15999999999995143,0.15999999999995143,0.16,0.16,0.16,covered,0.9999999999996965
nonlinear_quartic,coupling,1,QuadraticCoupling,0.8766322900884735,0.49150412466375526,0.22000000000038858,0.2200000000005551,0.22000000000047185,0.22,0.22,0.22,covered,1.0000000000025233
nonlinear_quartic,coupling,2,QuadraticCoupling,0.49150412466375526,0.20706407639811983,0.2800000000001388,0.2800000000001388,0.2800000000001388,0.28,0.28,0.28,covered,1.0000000000004956
nonlinear_quartic,coupling,3,QuadraticCoupling,0.20706407639811983,0.5208924335712861,0.16000000000027756,0.1600000000001249,0.16000000000020123,0.16,0.16,0.16,covered,1.0000000000017346
nonlinear_quartic,coupling,4,QuadraticCoupling,0.5208924335712861,0.3009059045927336,0.22000000000004163,0.22000000000020817,0.2200000000001249,0.22,0.22,0.22,covered,1.0000000000009461
nonlinear_quartic,coupling,5,QuadraticCoupling,0.3009059045927336,0.161084399985371,0.2800000000001388,0.2800000000001388,0.2800000000001388,0.28,0.28,0.28,covered,1.0000000000004956
nonlinear_quartic,coupling,6,QuadraticCoupling,0.161084399985371,0.03519173710763493,0.15999999999993061,0.16000000000004164,0.15999999999998613,0.16,0.16,0.16,covered,1.0000000000002602
nonlinear_quartic,coupling,7,QuadraticCoupling,0.03519173710763493,0.5173774586470903,0.22000000000001388,0.22000000000038858,0.22000000000020123,0.22,0.22,0.22,covered,1.0000000000017664
nonlinear_quartic,coupling,8,QuadraticCoupling,0.5173774586470903,0.93729930739227,0.27999999999961145,0.27999999999961145,0.27999999999961145,0.28,0.28,0.28,covered,0.9999999999986122
nonlinear_quartic,coupling,9,QuadraticCoupling,0.93729930739227,0.9614112300376187,0.15999999999999479,0.15999999999999479,0.15999999999999479,0.16,0.16,0.16,covered,0.9999999999999674
nonlinear_quartic,coupling,10,QuadraticCoupling,0.9614112300376187,0.02846280234438886,0.2199999999990008,0.21999999999939632,0.21999999999919856,0.22,0.22,0.22,covered,0.999999999997256
nonlinear_quartic,module,0,QuarticWell,0.9358712065458,,4.053818936099593,,,4.053818935964304,,,covered,1.0000000000333733
nonlinear_quartic,module,1,QuarticWell,0.5410325242040144,,1.467485040952416,,,1.4674850407689792,,,covered,1.000000000125001
nonlinear_quartic,module,2,QuarticWell,0.516880210667973,,1.8593180011573749,,,1.8593180010921275,,,covered,1.0000000000350922
nonlinear_quartic,module,3,QuarticWell,0.8962947762652916,,5.137364839759083,,,5.137364839541336,,,covered,1.000000000042385
nonlinear_quartic,module,4,QuarticWell,0.3594722133870302,,0.6553921326549579,,,0.6553921324403094,,,covered,1.0000000003275116
nonlinear_quartic,module,5,QuarticWell,0.8862927342468248,,0.6562475929813184,,,0.6562475928654643,,,covered,1.0000000001765403
nonlinear_quartic,module,6,QuarticWell,0.3268090101492458,,1.1121494726695749,,,1.1121494725920504,,,covered,1.000000000069707
nonlinear_quartic,module,7,QuarticWell,0.7089530767836799,,0.7920453583055951,,,0.7920453581702229,,,covered,1.0000000001709146
nonlinear_quartic,module,8,QuarticWell,0.8040165947726414,,1.9226636731183093,,,1.922663672974564,,,covered,1.0000000000747635
nonlinear_quartic,module,9,QuarticWell,0.35743211891544113,,1.4480698982202118,,,1.448069898145171,,,covered,1.0000000000518212
nonlinear_quartic,module,10,QuarticWell,0.0880060192406566,,3.4720197446560657,,,3.4720197445571936,,,covered,1.0000000000284768
nonlinear_quartic,module,11,QuarticWell,0.23895955419147547,,0.9214861153951869,,,0.9214861152264422,,,covered,1.0000000001831224
nonlinear_quartic,coupling,0,QuadraticCoupling,0.9358712065458,0.5410325242040144,0.15999999999977796,0.15999999999977796,0.15999999999977796,0.16,0.16,0.16,covered,0.9999999999986122
nonlinear_quartic,coupling,1,QuadraticCoupling,0.5410325242040144,0.516880210667973,0.21999999999999825,0.21999999999999825,0.21999999999999825,0.22,0.22,0.22,covered,0.999999999999992
nonlinear_quartic,coupling,2,QuadraticCoupling,0.516880210667973,0.8962947762652916,0.28000000000030534,0.28000000000030534,0.28000000000030534,0.28,0.28,0.28,covered,1.0000000000010905
nonlinear_quartic,coupling,3,QuadraticCoupling,0.8962947762652916,0.3594722133870302,0.15999999999977796,0.16000000000027756,0.16000000000002776,0.16,0.16,0.16,covered,1.0000000000017346
nonlinear_quartic,coupling,4,QuadraticCoupling,0.3594722133870302,0.8862927342468248,0.21999999999986122,0.2199999999996947,0.21999999999977796,0.22,0.22,0.22,covered,0.9999999999993692
nonlinear_quartic,coupling,5,QuadraticCoupling,0.8862927342468248,0.3268090101492458,0.2800000000009992,0.2800000000022205,0.28000000000160985,0.28,0.28,0.28,covered,1.00000000000793
nonlinear_quartic,coupling,6,QuadraticCoupling,0.3268090101492458,0.7089530767836799,0.15999999999993061,0.1600000000001249,0.16000000000002776,0.16,0.16,0.16,covered,1.0000000000007807
nonlinear_quartic,coupling,7,QuadraticCoupling,0.7089530767836799,0.8040165947726414,0.22000000000004163,0.22000000000004163,0.22000000000004163,0.22,0.22,0.22,covered,1.0000000000001892
nonlinear_quartic,coupling,8,QuadraticCoupling,0.8040165947726414,0.35743211891544113,0.2800000000009992,0.2799999999994449,0.28000000000022207,0.28,0.28,0.28,covered,1.0000000000035685
nonlinear_quartic,coupling,9,QuadraticCoupling,0.35743211891544113,0.0880060192406566,0.15999999999993061,0.16000000000015266,0.16000000000004164,0.16,0.16,0.16,covered,1.0000000000009541
nonlinear_quartic,coupling,10,QuadraticCoupling,0.0880060192406566,0.23895955419147547,0.22000000000016653,0.21999999999986122,0.22000000000001388,0.22,0.22,0.22,covered,1.000000000000757
nonlinear_quartic,module,0,QuarticWell,0.5522234383723087,,4.2926672047500745,,,4.292667204623667,,,covered,1.0000000000294473
nonlinear_quartic,module,1,QuarticWell,0.21052456357636273,,3.0889484329690493,,,3.08894843276735,,,covered,1.000000000065297
nonlinear_quartic,module,2,QuarticWell,0.5519932942868712,,1.89139359356744,,,1.891393593505492,,,covered,1.0000000000327525
nonlinear_quartic,module,3,QuarticWell,0.8699728858958791,,4.913163448894298,,,4.91316344867865,,,covered,1.0000000000438918
nonlinear_quartic,module,4,QuarticWell,0.3928136034922274,,0.5682143703668188,,,0.5682143701524099,,,covered,1.000000000377338
nonlinear_quartic,module,5,QuarticWell,0.543542765840029,,0.26282373236396867,,,0.2628237322469566,,,covered,1.0000000004452112
nonlinear_quartic,module,6,QuarticWell,0.29904791840739725,,1.1863586581078238,,,1.1863586580220853,,,covered,1.0000000000722704
nonlinear_quartic,module,7,QuarticWell,0.545644147105777,,0.9708685542053395,,,0.9708685540696046,,,covered,1.0000000001398077
nonlinear_quartic,module,8,QuarticWell,0.6800380832837662,,1.3079832288768873,,,1.3079832287307016,,,covered,1.0000000001117642
nonlinear_quartic,module,9,QuarticWell,0.49852153747289557,,1.3571977888510471,,,1.3571977887757132,,,covered,1.000000000055507
nonlinear_quartic,module,10,QuarticWell,0.9517244364681879,,3.7214569084623226,,,3.7214569083543942,,,covered,1.0000000000290017
nonlinear_quartic,module,11,QuarticWell,0.5881924071435106,,0.641166799745869,,,0.6411667995760039,,,covered,1.0000000002649312
nonlinear_quartic,coupling,0,QuadraticCoupling,0.5522234383723087,0.21052456357636273,0.15999999999977796,0.16000000000027756,0.16000000000002776,0.16,0.16,0.16,covered,1.0000000000017346
nonlinear_quartic,coupling,1,QuadraticCoupling,0.21052456357636273,0.5519932942868712,0.21999999999986122,0.2199999999996947,0.21999999999977796,0.22,0.22,0.22,covered,0.9999999999993692
nonlinear_quartic,coupling,2,QuadraticCoupling,0.5519932942868712,0.8699728858958791,0.27999999999961145,0.27999999999961145,0.27999999999961145,0.28,0.28,0.28,covered,0.9999999999986122
nonlinear_quartic,coupling,3,QuadraticCoupling,0.8699728858958791,0.3928136034922274,0.15999999999977796,0.16000000000027756,0.16000000000002776,0.16,0.16,0.16,covered,1.0000000000017346
nonlinear_quartic,coupling,4,QuadraticCoupling,0.3928136034922274,0.543542765840029,0.22000000000020817,0.22000000000004163,0.2200000000001249,0.22,0.22,0.22,covered,1.0000000000009461
nonlinear_quartic,coupling,5,QuadraticCoupling,0.543542765840029,0.29904791840739725,0.28000000000030534,0.2800000000001388,0.28000000000022207,0.28,0.28,0.28,covered,1.0000000000010905
nonlinear_quartic,coupling,6,QuadraticCoupling,0.29904791840739725,0.545644147105777,0.16000000000027756,0.15999999999977796,0.16000000000002776,0.16,0.16,0.16,covered,1.0000000000017346
nonlinear_quartic,coupling,7,QuadraticCoupling,0.545644147105777,0.6800380832837662,0.22000000000004163,0.22000000000004163,0.22000000000004163,0.22,0.22,0.22,covered,1.0000000000001892
nonlinear_quartic,coupling,8,QuadraticCoupling,0.6800380832837662,0.49852153747289557,0.2799999999999584,0.2800000000001388,0.2800000000000486,0.28,0.28,0.28,covered,1.0000000000004956
nonlinear_quartic,coupling,9,QuadraticCoupling,0.49852153747289557,0.9517244364681879,0.16000000000027756,0.15999999999977796,0.16000000000002776,0.16,0.16,0.16,covered,1.0000000000017346
nonlinear_quartic,coupling,10,QuadraticCoupling,0.9517244364681879,0.5881924071435106,0.2199999999996947,0.2199999999996947,0.2199999999996947,0.22,0.22,0.22,covered,0.9999999999986122
nonlinear_quartic,module,0,QuarticWell,0.3592556517832945,,4.864491147988502,,,4.864491147845378,,,covered,1.0000000000294222
nonlinear_quartic,module,1,QuarticWell,0.05663931974015625,,4.249976329050251,,,4.249976328866097,,,covered,1.0000000000433307
nonlinear_quartic,module,2,QuarticWell,0.5963200687877347,,1.9387022214744611,,,1.938702221409534,,,covered,1.00000000003349
nonlinear_quartic,module,3,QuarticWell,0.7422868969708294,,3.9574810102818407,,,3.9574810100595528,,,covered,1.000000000056169
nonlinear_quartic,module,4,QuarticWell,0.47818324442727583,,0.4103117807112482,,,0.4103117804964996,,,covered,1.0000000005233791
nonlinear_quartic,module,5,QuarticWell,0.20551657769980403,,0.6825579976325993,,,0.6825579975159988,,,covered,1.0000000001708287
nonlinear_quartic,module,6,QuarticWell,0.7584843559944872,,0.4672582346668568,,,0.4672582345815036,,,covered,1.000000000182668
nonlinear_quartic,module,7,QuarticWell,0.7581774267645331,,0.7806252840501497,,,0.7806252839148321,,,covered,1.0000000001733451
nonlinear_quartic,module,8,QuarticWell,0.11737314703850664,,0.21610398317755253,,,0.21610398303115358,,,covered,1.0000000006774468
nonlinear_quartic,module,9,QuarticWell,0.9532490063353845,,1.6807760603553155,,,1.6807760602777073,,,covered,1.000000000046174
nonlinear_quartic,module,10,QuarticWell,0.8433305612757428,,3.4516960104859487,,,3.4516960103850987,,,covered,1.0000000000292175
nonlinear_quartic,module,11,QuarticWell,0.8837496992505413,,1.3740293684484732,,,1.3740293682796514,,,covered,1.0000000001228662
nonlinear_quartic,coupling,0,QuadraticCoupling,0.3592556517832945,0.05663931974015625,0.15999999999993061,0.16000000000004164,0.15999999999998613,0.16,0.16,0.16,covered,1.0000000000002602
nonlinear_quartic,coupling,1,QuadraticCoupling,0.05663931974015625,0.5963200687877347,0.22000000000070777,0.22000000000038858,0.22000000000054817,0.22,0.22,0.22,covered,1.0000000000032172
nonlinear_quartic,coupling,2,QuadraticCoupling,0.5963200687877347,0.7422868969708294,0.2799999999999584,0.2799999999999584,0.2799999999999584,0.28,0.28,0.28,covered,0.9999999999998513
nonlinear_quartic,coupling,3,QuadraticCoupling,0.7422868969708294,0.47818324442727583,0.15999999999977796,0.16000000000027756,0.16000000000002776,0.16,0.16,0.16,covered,1.0000000000017346
nonlinear_quartic,coupling,4,QuadraticCoupling,0.47818324442727583,0.20551657769980403,0.22000000000020817,0.22000000000020817,0.22000000000020817,0.22,0.22,0.22,covered,1.0000000000009461
nonlinear_quartic,coupling,5,QuadraticCoupling,0.20551657769980403,0.7584843559944872,0.2800000000022205,0.27999999999961145,0.28000000000091596,0.28,0.28,0.28,covered,1.00000000000793
nonlinear_quartic,coupling,6,QuadraticCoupling,0.7584843559944872,0.7581774267645331,0.16000000000000023,0.16000000000000023,0.16000000000000023,0.16,0.16,0.16,covered,1.0000000000000013
nonlinear_quartic,coupling,7,QuadraticCoupling,0.7581774267645331,0.11737314703850664,0.22000000000038858,0.22000000000086042,0.2200000000006245,0.22,0.22,0.22,covered,1.000000000003911
nonlinear_quartic,coupling,8,QuadraticCoupling,0.11737314703850664,0.9532490063353845,0.2799999999998335,0.27999999999961145,0.27999999999972247,0.28,0.28,0.28,covered,0.9999999999994053
nonlinear_quartic,coupling,9,QuadraticCoupling,0.9532490063353845,0.8433305612757428,0.15999999999995143,0.15999999999995143,0.15999999999995143,0.16,0.16,0.16,covered,0.9999999999996965
nonlinear_quartic,coupling,10,QuadraticCoupling,0.8433305612757428,0.8837496992505413,0.2199999999999549,0.2199999999999549,0.2199999999999549,0.22,0.22,0.22,covered,0.9999999999997949
nonlinear_quartic,module,0,QuarticWell,0.03735059013242463,,6.491210311774475,,,6.491210311628528,,,covered,1.0000000000224838
nonlinear_quartic,module,1,QuarticWell,0.18495514649617956,,3.2639902274612216,,,3.263990227282699,,,covered,1.0000000000546945
nonlinear_quartic,module,2,QuarticWell,0.06218851019389142,,1.8750712356291142,,,1.8750712355660872,,,covered,1.0000000000336131
nonlinear_quartic,module,3,QuarticWell,0.4520966200021803,,2.5989212276285687,,,2.5989212274060107,,,covered,1.0000000000856348
nonlinear_quartic,module,4,QuarticWell,0.5890748264528582,,0.34546538918910047,,,0.3454653889742802,,,covered,1.0000000006218286
nonlinear_quartic,module,5,QuarticWell,0.8496700945697585,,0.5748585067048634,,,0.5748585065873668,,,covered,1.000000000204392
nonlinear_quartic,module,6,QuarticWell,0.6364994497786791,,0.5525331607085681,,,0.5525331606228726,,,covered,1.0000000001550955
nonlinear_quartic,module,7,QuarticWell,0.2098288932553952,,2.0191867621013118,,,2.019186761963228,,,covered,1.0000000000683857
nonlinear_quartic,module,8,QuarticWell,0.24637085394727498,,0.22059662082109732,,,0.2205966206746077,,,covered,1.000000000664061
nonlinear_quartic,module,9,QuarticWell,0.7909096451917847,,1.457257851151776,,,1.457257851075427,,,covered,1.000000000052392
nonlinear_quartic,module,10,QuarticWell,0.6071815347826294,,3.100964228669691,,,3.1009642285751204,,,covered,1.0000000000304972
nonlinear_quartic,module,11,QuarticWell,0.24172148114188585,,0.914398010848834,,,0.9143980106785539,,,covered,1.000000000186221
nonlinear_quartic,coupling,0,QuadraticCoupling,0.03735059013242463,0.18495514649617956,0.15999999999986816,0.15999999999993061,0.1599999999998994,0.16,0.16,0.16,covered,0.9999999999995663
nonlinear_quartic,coupling,1,QuadraticCoupling,0.18495514649617956,0.06218851019389142,0.21999999999986122,0.2199999999998404,0.21999999999985081,0.22,0.22,0.22,covered,0.9999999999993692
nonlinear_quartic,coupling,2,QuadraticCoupling,0.06218851019389142,0.4520966200021803,0.2799999999996392,0.2799999999994449,0.27999999999954206,0.28,0.28,0.28,covered,0.9999999999987114
nonlinear_quartic,coupling,3,QuadraticCoupling,0.4520966200021803,0.5890748264528582,0.1600000000001041,0.15999999999995143,0.16000000000002776,0.16,0.16,0.16,covered,1.0000000000006506
nonlinear_quartic,coupling,4,QuadraticCoupling,0.5890748264528582,0.8496700945697585,0.2199999999996947,0.2199999999996947,0.2199999999996947,0.22,0.22,0.22,covered,0.9999999999986122
nonlinear_quartic,coupling,5,QuadraticCoupling,0.8496700945697585,0.6364994497786791,0.28000000000030534,0.28000000000030534,0.28000000000030534,0.28,0.28,0.28,covered,1.0000000000010905
nonlinear_quartic,coupling,6,QuadraticCoupling,0.6364994497786791,0.2098288932553952,0.15999999999977796,0.16000000000027756,0.16000000000002776,0.16,0.16,0.16,covered,1.0000000000017346
nonlinear_quartic,coupling,7,QuadraticCoupling,0.2098288932553952,0.24637085394727498,0.21999999999994796,0.21999999999994796,0.21999999999994796,0.22,0.22,0.22,covered,0.9999999999997634
nonlinear_quartic,coupling,8,QuadraticCoupling,0.24637085394727498,0.7909096451917847,0.27999999999805714,0.27999999999961145,0.2799999999988343,0.28,0.28,0.28,covered,0.9999999999986122
nonlinear_quartic,coupling,9,QuadraticCoupling,0.7909096451917847,0.6071815347826294,0.1600000000001249,0.1600000000001249,0.1600000000001249,0.16,0.16,0.16,covered,1.0000000000007807
nonlinear_quartic,coupling,10,QuadraticCoupling,0.6071815347826294,0.24172148114188585,0.22000000000038858,0.21999999999986122,0.2200000000001249,0.22,0.22,0.22,covered,1.0000000000017664
active_hinges,module,0,QuadraticWell,0.19722457359431705,,8.0,,,8.0,,,covered,1.0
active_hinges,module,1,QuadraticWell,0.8772468420823074,,1.6555065597694387,,,1.6555065597696212,,,covered,0.9999999999998898
active_hinges,module,2,QuadraticWell,0.07107628250945741,,3.108812563541547,,,3.1088125635418384,,,covered,0.9999999999999063
active_hinges,module,3,QuadraticWell,0.751126155560274,,4.260164357769395,,,4.260164357759851,,,covered,1.0000000000022404
active_hinges,module,4,QuadraticWell,0.10844273532474505,,0.4694654553301802,,,0.46946545533085315,,,covered,0.9999999999985666
active_hinges,module,5,QuadraticWell,0.7605504916426055,,0.3425877461800723,,,0.34258774618003096,,,covered,1.0000000000001208
active_hinges,module,6,QuadraticWell,0.2065514142346206,,0.6433324490039644,,,0.6433324490047159,,,covered,0.9999999999988318
active_hinges,module,7,QuadraticWell,0.8702089750722283,,1.2080894444043724,,,1.2080894444044474,,,covered,0.9999999999999378
active_hinges,module,8,QuadraticWell,0.12442194036290657,,0.25,,,0.25,,,covered,1.0
active_hinges,module,9,QuadraticWell,0.7548302444255913,,2.268625044390182,,,2.268625044390925,,,covered,0.9999999999996725
active_hinges,module,10,QuadraticWell,0.19819182823419002,,5.837920422718514,,,5.8379204227257855,,,covered,0.9999999999987544
active_hinges,module,11,QuadraticWell,0.9215846958268311,,0.881591254995999,,,0.8815912549960212,,,covered,0.9999999999999748
active_hinges,coupling,0,QuadraticCoupling,0.19722457359431705,0.8772468420823074,0.08000000000013878,0.08000000000023592,0.08000000000018735,0.08,0.08,0.08,covered,1.000000000002949
active_hinges,coupling,1,QuadraticCoupling,0.8772468420823074,0.07107628250945741,0.1400000000004996,0.13999999999991675,0.14000000000020818,0.14,0.14,0.14,covered,1.0000000000035685
active_hinges,coupling,2,QuadraticCoupling,0.07107628250945741,0.751126155560274,0.20000000000027757,0.20000000000111023,0.2000000000006939,0.2,0.2,0.2,covered,1.0000000000055511
active_hinges,coupling,3,QuadraticCoupling,0.751126155560274,0.10844273532474505,0.08000000000023592,0.0800000000002498,0.08000000000024286,0.08,0.08,0.08,covered,1.0000000000031224
active_hinges,coupling,4,QuadraticCoupling,0.10844273532474505,0.7605504916426055,0.14000000000061064,0.1400000000004996,0.14000000000055512,0.14,0.14,0.14,covered,1.0000000000043616
active_hinges,coupling,5,QuadraticCoupling,0.7605504916426055,0.2065514142346206,0.19999999999972246,0.2,0.19999999999986123,0.2,0.2,0.2,covered,1.0
active_hinges,coupling,6,QuadraticCoupling,0.2065514142346206,0.8702089750722283,0.07999999999979183,0.07999999999988898,0.07999999999984041,0.08,0.08,0.08,covered,0.9999999999986122
active_hinges,coupling,7,QuadraticCoupling,0.8702089750722283,0.12442194036290657,0.13999999999980572,0.13999999999991675,0.13999999999986124,0.14,0.14,0.14,covered,0.9999999999994053
active_hinges,coupling,8,QuadraticCoupling,0.12442194036290657,0.7548302444255913,0.20000000000027757,0.19999999999972246,0.2,0.2,0.2,0.2,covered,1.0000000000013878
active_hinges,coupling,9,QuadraticCoupling,0.7548302444255913,0.19819182823419002,0.07999999999988898,0.08000000000013878,0.08000000000001388,0.08,0.08,0.08,covered,1.0000000000017346
active_hinges,coupling,10,QuadraticCoupling,0.19819182823419002,0.9215846958268311,0.14000000000111024,0.1400000000004996,0.14000000000080493,0.14,0.14,0.14,covered,1.00000000000793
active_hinges,coupling,11,DirectedHingeCoupling,0.19722457359431705,0.8772468420823074,0.7,0.6999999999983346,0.6999999999991673,0.7,0.7,0.7,covered,1.0
active_hinges,coupling,12,AsymmetricHingeCoupling,0.07107628250945741,0.751126155560274,0.3839999999978684,0.8640000000043521,0.5759999999980016,0.38400000000000006,0.864,0.576,covered,1.000000000005037
active_hinges,coupling,13,DirectedHingeCoupling,0.10844273532474505,0.7605504916426055,0.7000000000009714,0.6999999999983346,0.699999999999653,0.7,0.7,0.7,covered,1.0000000000013878
active_hinges,coupling,14,AsymmetricHingeCoupling,0.2065514142346206,0.8702089750722283,0.3839999999973355,0.863999999998801,0.5759999999962141,0.38400000000000006,0.864,0.576,covered,0.9999999999986122
active_hinges,coupling,15,DirectedHingeCoupling,0.12442194036290657,0.7548302444255913,0.7000000000009714,0.7000000000011102,0.7000000000010408,0.7,0.7,0.7,covered,1.000000000001586
active_hinges,coupling,16,AsymmetricHingeCoupling,0.19819182823419002,0.9215846958268311,0.3839999999973355,0.8639999999932498,0.5759999999962141,0.38400000000000006,0.864,0.576,covered,0.9999999999934274
active_hinges,module,0,QuadraticWell,0.6667784865639145,,8.0,,,8.0,,,covered,1.0
active_hinges,module,1,QuadraticWell,0.7655834526657201,,1.6555065597694387,,,1.6555065597696212,,,covered,0.9999999999998898
active_hinges,module,2,QuadraticWell,0.9213715306504913,,3.108812563548939,,,3.1088125635418384,,,covered,1.000000000002284
active_hinges,module,3,QuadraticWell,0.02255809516410931,,4.2601643577668336,,,4.260164357759851,,,covered,1.0000000000016391
active_hinges,module,4,QuadraticWell,0.9514917746493409,,0.46946545533213474,,,0.46946545533085315,,,covered,1.0000000000027298
active_hinges,module,5,QuadraticWell,0.20378773136084052,,0.34258774617955834,,,0.34258774618003096,,,covered,0.9999999999986204
active_hinges,module,6,QuadraticWell,0.9149321528151847,,0.6433324490047599,,,0.6433324490047159,,,covered,1.0000000000000686
active_hinges,module,7,QuadraticWell,0.2714392981139846,,1.2080894444087684,,,1.2080894444044474,,,covered,1.0000000000035767
active_hinges,module,8,QuadraticWell,0.6672143256181333,,0.25,,,0.25,,,covered,1.0
active_hinges,module,9,QuadraticWell,0.36944436036709033,,2.268625044391466,,,2.268625044390925,,,covered,1.0000000000002387
active_hinges,module,10,QuadraticWell,0.2015211448522606,,5.837920422729616,,,5.8379204227257855,,,covered,1.0000000000006561
active_hinges,module,11,QuadraticWell,0.3863124683497448,,0.8815912549959625,,,0.8815912549960212,,,covered,0.9999999999999334
active_hinges,coupling,0,QuadraticCoupling,0.6667784865639145,0.7655834526657201,0.07999999999997572,0.07999999999997572,0.07999999999997572,0.08,0.08,0.08,covered,0.9999999999996965
active_hinges,coupling,1,QuadraticCoupling,0.7655834526657201,0.9213715306504913,0.1399999999999792,0.1399999999999792,0.1399999999999792,0.14,0.14,0.14,covered,0.9999999999998513
active_hinges,coupling,2,QuadraticCoupling,0.9213715306504913,0.02255809516410931,0.19999999999972246,0.20000000000020818,0.19999999999996532,0.2,0.2,0.2,covered,1.0000000000010407
active_hinges,coupling,3,QuadraticCoupling,0.02255809516410931,0.9514917746493409,0.08000000000022205,0.08000000000058287,0.08000000000040246,0.08,0.08,0.08,covered,1.0000000000072857
active_hinges,coupling,4,QuadraticCoupling,0.9514917746493409,0.20378773136084052,0.13999999999980572,0.13999999999972246,0.1399999999997641,0.14,0.14,0.14,covered,0.9999999999986122
active_hinges,coupling,5,QuadraticCoupling,0.20378773136084052,0.9149321528151847,0.2,0.19999999999972246,0.19999999999986123,0.2,0.2,0.2,covered,1.0
active_hinges,coupling,6,QuadraticCoupling,0.9149321528151847,0.2714392981139846,0.07999999999988898,0.07999999999944489,0.07999999999966693,0.08,0.08,0.08,covered,0.9999999999986122
active_hinges,coupling,7,QuadraticCoupling,0.2714392981139846,0.6672143256181333,0.1400000000000694,0.13999999999980572,0.13999999999993756,0.14,0.14,0.14,covered,1.0000000000004956
active_hinges,coupling,8,QuadraticCoupling,0.6672143256181333,0.36944436036709033,0.19999999999972246,0.2,0.19999999999986123,0.2,0.2,0.2,covered,1.0
active_hinges,coupling,9,QuadraticCoupling,0.36944436036709033,0.2015211448522606,0.08000000000005204,0.08000000000005204,0.08000000000005204,0.08,0.08,0.08,covered,1.0000000000006506
active_hinges,coupling,10,QuadraticCoupling,0.2015211448522606,0.3863124683497448,0.13999999999989593,0.13999999999989593,0.13999999999989593,0.14,0.14,0.14,covered,0.9999999999992566
active_hinges,coupling,11,DirectedHingeCoupling,0.6667784865639145,0.7655834526657201,0.7000000000004163,0.7000000000004163,0.7000000000004163,0.7,0.7,0.7,covered,1.0000000000005949
active_hinges,coupling,12,AsymmetricHingeCoupling,0.9213715306504913,0.02255809516410931,0.0,0.0,0.0,0.0,0.0,0.0,covered,0.0
active_hinges,coupling,13,DirectedHingeCoupling,0.9514917746493409,0.20378773136084052,0.0,0.0,0.0,0.0,0.0,0.0,covered,0.0
active_hinges,coupling,14,AsymmetricHingeCoupling,0.9149321528151847,0.2714392981139846,0.0,0.0,0.0,0.0,0.0,0.0,covered,0.0
active_hinges,coupling,15,DirectedHingeCoupling,0.6672143256181333,0.36944436036709033,0.0,0.0,0.0,0.0,0.0,0.0,covered,0.0
active_hinges,coupling,16,AsymmetricHingeCoupling,0.2015211448522606,0.3863124683497448,0.38400000000011103,0.8639999999995559,0.5760000000001665,0.38400000000000006,0.864,0.576,covered,1.000000000000289
active_hinges,module,0,QuadraticWell,0.1427850847972739,,8.0,,,8.0,,,covered,1.0
active_hinges,module,1,QuadraticWell,0.5091914838702748,,1.6555065597687448,,,1.6555065597696212,,,covered,0.9999999999994706
active_hinges,module,2,QuadraticWell,0.35827080373464276,,3.108812563542784,,,3.1088125635418384,,,covered,1.0000000000003042
active_hinges,module,3,QuadraticWell,0.19302789975333498,,4.260164357759624,,,4.260164357759851,,,covered,0.9999999999999468
active_hinges,module,4,QuadraticWell,0.2661740957289955,,0.46946545533091644,,,0.46946545533085315,,,covered,1.0000000000001348
active_hinges,module,5,QuadraticWell,0.929367326358928,,0.3425877461800723,,,0.34258774618003096,,,covered,1.0000000000001208
active_hinges,module,6,QuadraticWell,0.9786174296633183,,0.6433324490047599,,,0.6433324490047159,,,covered,1.0000000000000686
active_hinges,module,7,QuadraticWell,0.9373699183884828,,1.2080894444043724,,,1.2080894444044474,,,covered,0.9999999999999378
active_hinges,module,8,QuadraticWell,0.7221856591604212,,0.25,,,0.25,,,covered,1.0
active_hinges,module,9,QuadraticWell,0.8759353892103274,,2.2686250443929574,,,2.268625044390925,,,covered,1.000000000000896
active_hinges,module,10,QuadraticWell,0.9196670250609826,,5.8379204227287165,,,5.8379204227257855,,,covered,1.000000000000502
active_hinges,module,11,QuadraticWell,0.8624579423576398,,0.881591254995999,,,0.8815912549960212,,,covered,0.9999999999999748
active_hinges,coupling,0,QuadraticCoupling,0.1427850847972739,0.5091914838702748,0.07999999999996531,0.07999999999988898,0.07999999999992714,0.08,0.08,0.08,covered,0.9999999999995663
active_hinges,coupling,1,QuadraticCoupling,0.5091914838702748,0.35827080373464276,0.1399999999999792,0.13999999999989593,0.13999999999993756,0.14,0.14,0.14,covered,0.9999999999998513
active_hinges,coupling,2,QuadraticCoupling,0.35827080373464276,0.19302789975333498,0.2,0.2,0.2,0.2,0.2,0.2,covered,1.0
active_hinges,coupling,3,QuadraticCoupling,0.19302789975333498,0.2661740957289955,0.08000000000000868,0.08000000000000868,0.08000000000000868,0.08,0.08,0.08,covered,1.0000000000001084
active_hinges,coupling,4,QuadraticCoupling,0.2661740957289955,0.929367326358928,0.13999999999972246,0.13999999999980572,0.1399999999997641,0.14,0.14,0.14,covered,0.9999999999986122
active_hinges,coupling,5,QuadraticCoupling,0.929367326358928,0.9786174296633183,0.19999999999998266,0.19999999999998266,0.19999999999998266,0.2,0.2,0.2,covered,0.9999999999999133
active_hinges,coupling,6,QuadraticCoupling,0.9786174296633183,0.9373699183884828,0.07999999999999739,0.07999999999999739,0.07999999999999739,0.08,0.08,0.08,covered,0.9999999999999674
active_hinges,coupling,7,QuadraticCoupling,0.9373699183884828,0.7221856591604212,0.1399999999999792,0.1399999999999792,0.1399999999999792,0.14,0.14,0.14,covered,0.9999999999998513
active_hinges,coupling,8,QuadraticCoupling,0.7221856591604212,0.8759353892103274,0.2000000000000694,0.2000000000000694,0.2000000000000694,0.2,0.2,0.2,covered,1.0000000000003468
active_hinges,coupling,9,QuadraticCoupling,0.8759353892103274,0.9196670250609826,0.07999999999999739,0.07999999999999739,0.07999999999999739,0.08,0.08,0.08,covered,0.9999999999999674
active_hinges,coupling,10,QuadraticCoupling,0.9196670250609826,0.8624579423576398,0.1399999999999792,0.1399999999999792,0.1399999999999792,0.14,0.14,0.14,covered,0.9999999999998513
active_hinges,coupling,11,DirectedHingeCoupling,0.1427850847972739,0.5091914838702748,0.7,0.6999999999983346,0.6999999999991673,0.7,0.7,0.7,covered,1.0
active_hinges,coupling,12,AsymmetricHingeCoupling,0.35827080373464276,0.19302789975333498,0.0,0.0,0.0,0.0,0.0,0.0,covered,0.0
active_hinges,coupling,13,DirectedHingeCoupling,0.2661740957289955,0.929367326358928,0.7,0.7000000000011102,0.7000000000005551,0.7,0.7,0.7,covered,1.000000000001586
active_hinges,coupling,14,AsymmetricHingeCoupling,0.9786174296633183,0.9373699183884828,0.3839999999994671,0.8639999999974132,0.5759999999985067,0.38400000000000006,0.864,0.576,covered,0.9999999999986121
active_hinges,coupling,15,DirectedHingeCoupling,0.7221856591604212,0.8759353892103274,0.6999999999997224,0.6999999999997224,0.6999999999997224,0.7,0.7,0.7,covered,0.9999999999996035
active_hinges,coupling,16,AsymmetricHingeCoupling,0.9196670250609826,0.8624579423576398,0.3839999999994671,0.8640000000057398,0.5760000000012823,0.38400000000000006,0.864,0.576,covered,1.0000000000066434
active_hinges,module,0,QuadraticWell,0.5709780762576465,,8.0,,,8.0,,,covered,1.0
active_hinges,module,1,QuadraticWell,0.32050702523697316,,1.6555065597817595,,,1.6555065597696212,,,covered,1.0000000000073321
active_hinges,module,2,QuadraticWell,0.2807583856973678,,3.108812563541743,,,3.1088125635418384,,,covered,0.9999999999999692
active_hinges,module,3,QuadraticWell,0.21463611166699262,,4.260164357759624,,,4.260164357759851,,,covered,0.9999999999999468
active_hinges,module,4,QuadraticWell,0.7943047051033835,,0.46946545533074696,,,0.46946545533085315,,,covered,0.9999999999997738
active_hinges,module,5,QuadraticWell,0.811973113968578,,0.3425877461800723,,,0.34258774618003096,,,covered,1.0000000000001208
active_hinges,module,6,QuadraticWell,0.20531952067603632,,0.6433324490011888,,,0.6433324490047159,,,covered,0.9999999999945175
active_hinges,module,7,QuadraticWell,0.149144411864556,,1.2080894444032173,,,1.2080894444044474,,,covered,0.9999999999989817
active_hinges,module,8,QuadraticWell,0.32921667287339357,,0.25,,,0.25,,,covered,1.0
active_hinges,module,9,QuadraticWell,0.8370907090303251,,2.2686250443929574,,,2.268625044390925,,,covered,1.000000000000896
active_hinges,module,10,QuadraticWell,0.3482667980478465,,5.837920422724065,,,5.8379204227257855,,,covered,0.9999999999997053
active_hinges,module,11,QuadraticWell,0.31978912490942746,,0.8815912549952686,,,0.8815912549960212,,,covered,0.9999999999991462
active_hinges,coupling,0,QuadraticCoupling,0.5709780762576465,0.32050702523697316,0.08000000000006245,0.07999999999996531,0.08000000000001388,0.08,0.08,0.08,covered,1.0000000000007807
active_hinges,coupling,1,QuadraticCoupling,0.32050702523697316,0.2807583856973678,0.14000000000002602,0.14000000000002602,0.14000000000002602,0.14,0.14,0.14,covered,1.0000000000001859
active_hinges,coupling,2,QuadraticCoupling,0.2807583856973678,0.21463611166699262,0.2,0.2,0.2,0.2,0.2,0.2,covered,1.0
active_hinges,coupling,3,QuadraticCoupling,0.21463611166699262,0.7943047051033835,0.08000000000013878,0.08000000000023592,0.08000000000018735,0.08,0.08,0.08,covered,1.000000000002949
active_hinges,coupling,4,QuadraticCoupling,0.7943047051033835,0.811973113968578,0.14000000000000087,0.14000000000000087,0.14000000000000087,0.14,0.14,0.14,covered,1.0000000000000062
active_hinges,coupling,5,QuadraticCoupling,0.811973113968578,0.20531952067603632,0.19999999999972246,0.2000000000013878,0.20000000000055512,0.2,0.2,0.2,covered,1.000000000006939
active_hinges,coupling,6,QuadraticCoupling,0.20531952067603632,0.149144411864556,0.07999999999996531,0.07999999999996531,0.07999999999996531,0.08,0.08,0.08,covered,0.9999999999995663
active_hinges,coupling,7,QuadraticCoupling,0.149144411864556,0.32921667287339357,0.1400000000000694,0.1400000000000694,0.1400000000000694,0.14,0.14,0.14,covered,1.0000000000004956
active_hinges,coupling,8,QuadraticCoupling,0.32921667287339357,0.8370907090303251,0.2,0.19999999999972246,0.19999999999986123,0.2,0.2,0.2,covered,1.0
active_hinges,coupling,9,QuadraticCoupling,0.8370907090303251,0.3482667980478465,0.07999999999988898,0.08000000000013878,0.08000000000001388,0.08,0.08,0.08,covered,1.0000000000017346
active_hinges,coupling,10,QuadraticCoupling,0.3482667980478465,0.31978912490942746,0.14000000000002602,0.14000000000002602,0.14000000000002602,0.14,0.14,0.14,covered,1.0000000000001859
active_hinges,coupling,11,DirectedHingeCoupling,0.5709780762576465,0.32050702523697316,0.0,0.0,0.0,0.0,0.0,0.0,covered,0.0
active_hinges,coupling,12,AsymmetricHingeCoupling,0.2807583856973678,0.21463611166699262,0.38400000000011103,0.8639999999999028,0.575999999999993,0.38400000000000006,0.864,0.576,covered,1.0000000000002889
active_hinges,coupling,13,DirectedHingeCoupling,0.7943047051033835,0.811973113968578,0.6999999999999826,0.6999999999999826,0.6999999999999826,0.7,0.7,0.7,covered,0.9999999999999752
active_hinges,coupling,14,AsymmetricHingeCoupling,0.20531952067603632,0.149144411864556,0.38400000000002427,0.8639999999999896,0.5760000000000147,0.38400000000000006,0.864,0.576,covered,1.000000000000063
active_hinges,coupling,15,DirectedHingeCoupling,0.32921667287339357,0.8370907090303251,0.7,0.7000000000011102,0.7000000000005551,0.7,0.7,0.7,covered,1.000000000001586
active_hinges,coupling,16,AsymmetricHingeCoupling,0.3482667980478465,0.31978912490942746,0.38400000000011103,0.8639999999995559,0.575999999999993,0.38400000000000006,0.864,0.576,covered,1.0000000000002889
active_hinges,module,0,QuadraticWell,0.12907179432689406,,8.0,,,8.0,,,covered,1.0
active_hinges,module,1,QuadraticWell,0.2617012075368148,,1.655506559759555,,,1.6555065597696212,,,covered,0.9999999999939195
active_hinges,module,2,QuadraticWell,0.33531894070361007,,3.108812563541396,,,3.1088125635418384,,,covered,0.9999999999998577
active_hinges,module,3,QuadraticWell,0.9526555282348772,,4.260164357769395,,,4.260164357759851,,,covered,1.0000000000022404
active_hinges,module,4,QuadraticWell,0.14643388390189777,,0.46946545533091644,,,0.46946545533085315,,,covered,1.0000000000001348
active_hinges,module,5,QuadraticWell,0.533191462797233,,0.3425877461800289,,,0.34258774618003096,,,covered,0.999999999999994
active_hinges,module,6,QuadraticWell,0.4465242182571687,,0.6433324490039644,,,0.6433324490047159,,,covered,0.9999999999988318
active_hinges,module,7,QuadraticWell,0.7369109505549505,,1.2080894444043724,,,1.2080894444044474,,,covered,0.9999999999999378
active_hinges,module,8,QuadraticWell,0.8839030360540728,,0.25,,,0.25,,,covered,1.0
active_hinges,module,9,QuadraticWell,0.13270829975221257,,2.268625044391466,,,2.268625044390925,,,covered,1.0000000000002387
active_hinges,module,10,QuadraticWell,0.3468616316589119,,5.837920422729616,,,5.8379204227257855,,,covered,1.0000000000006561
active_hinges,module,11,QuadraticWell,0.07520321323404619,,0.8815912549951043,,,0.8815912549960212,,,covered,0.9999999999989599
active_hinges,coupling,0,QuadraticCoupling,0.12907179432689406,0.2617012075368148,0.08000000000005204,0.08000000000005204,0.08000000000005204,0.08,0.08,0.08,covered,1.0000000000006506
active_hinges,coupling,1,QuadraticCoupling,0.2617012075368148,0.33531894070361007,0.13999999999998267,0.13999999999998267,0.13999999999998267,0.14,0.14,0.14,covered,0.9999999999998761
active_hinges,coupling,2,QuadraticCoupling,0.33531894070361007,0.9526555282348772,0.2,0.20000000000041634,0.20000000000020818,0.2,0.2,0.2,covered,1.0000000000020817
active_hinges,coupling,3,QuadraticCoupling,0.9526555282348772,0.14643388390189777,0.07999999999988898,0.08000000000013878,0.08000000000001388,0.08,0.08,0.08,covered,1.0000000000017346
active_hinges,coupling,4,QuadraticCoupling,0.14643388390189777,0.533191462797233,0.1400000000000694,0.13999999999980572,0.13999999999993756,0.14,0.14,0.14,covered,1.0000000000004956
active_hinges,coupling,5,QuadraticCoupling,0.533191462797233,0.4465242182571687,0.2000000000000694,0.2,0.2000000000000347,0.2,0.2,0.2,covered,1.0000000000003468
active_hinges,coupling,6,QuadraticCoupling,0.4465242182571687,0.7369109505549505,0.07999999999996531,0.08000000000006245,0.08000000000001388,0.08,0.08,0.08,covered,1.0000000000007807
active_hinges,coupling,7,QuadraticCoupling,0.7369109505549505,0.8839030360540728,0.1399999999999792,0.1399999999999792,0.1399999999999792,0.14,0.14,0.14,covered,0.9999999999998513
active_hinges,coupling,8,QuadraticCoupling,0.8839030360540728,0.13270829975221257,0.20000000000111023,0.2,0.20000000000055512,0.2,0.2,0.2,covered,1.0000000000055511
active_hinges,coupling,9,QuadraticCoupling,0.13270829975221257,0.3468616316589119,0.08000000000013878,0.08000000000013878,0.08000000000013878,0.08,0.08,0.08,covered,1.0000000000017346
active_hinges,coupling,10,QuadraticCoupling,0.3468616316589119,0.07520321323404619,0.1400000000000694,0.13999999999991675,0.13999999999999307,0.14,0.14,0.14,covered,1.0000000000004956
active_hinges,coupling,11,DirectedHingeCoupling,0.12907179432689406,0.2617012075368148,0.7,0.7,0.7,0.7,0.7,0.7,covered,1.0
active_hinges,coupling,12,AsymmetricHingeCoupling,0.33531894070361007,0.9526555282348772,0.3840000000028866,0.863999999998801,0.5760000000017652,0.38400000000000006,0.864,0.576,covered,1.000000000007517
active_hinges,coupling,13,DirectedHingeCoupling,0.14643388390189777,0.533191462797233,0.7,0.6999999999983346,0.6999999999991673,0.7,0.7,0.7,covered,1.0
active_hinges,coupling,14,AsymmetricHingeCoupling,0.4465242182571687,0.7369109505549505,0.38400000000011103,0.8639999999960254,0.5759999999976019,0.38400000000000006,0.864,0.576,covered,1.0000000000002889
active_hinges,coupling,15,DirectedHingeCoupling,0.8839030360540728,0.13270829975221257,0.0,0.0,0.0,0.0,0.0,0.0,covered,0.0
active_hinges,coupling,16,AsymmetricHingeCoupling,0.3468616316589119,0.07520321323404619,0.0,0.0,0.0,0.0,0.0,0.0,covered,0.0
active_hinges,module,0,QuadraticWell,0.8158017075505319,,8.0,,,8.0,,,covered,1.0
active_hinges,module,1,QuadraticWell,0.8113946433097268,,1.6555065597696124,,,1.6555065597696212,,,covered,0.9999999999999947
active_hinges,module,2,QuadraticWell,0.29719449079062604,,3.10881256354183,,,3.1088125635418384,,,covered,0.9999999999999973
active_hinges,module,3,QuadraticWell,0.6805390983741761,,4.260164357758293,,,4.260164357759851,,,covered,0.9999999999996343
active_hinges,module,4,QuadraticWell,0.7859685767516782,,0.46946545533074696,,,0.46946545533085315,,,covered,0.9999999999997738
active_hinges,module,5,QuadraticWell,0.39081203023939604,,0.3425877461799053,,,0.34258774618003096,,,covered,0.9999999999996332
active_hinges,module,6,QuadraticWell,0.9109167563932553,,0.6433324490047599,,,0.6433324490047159,,,covered,1.0000000000000686
active_hinges,module,7,QuadraticWell,0.09691052238296162,,1.2080894444048937,,,1.2080894444044474,,,covered,1.0000000000003695
active_hinges,module,8,QuadraticWell,0.9717259315624603,,0.25,,,0.25,,,covered,1.0
active_hinges,module,9,QuadraticWell,0.39342397369110066,,2.268625044391466,,,2.268625044390925,,,covered,1.0000000000002387
active_hinges,module,10,QuadraticWell,0.2237867171680129,,5.837920422729616,,,5.8379204227257855,,,covered,1.0000000000006561
active_hinges,module,11,QuadraticWell,0.2530632167817319,,0.8815912549952686,,,0.8815912549960212,,,covered,0.9999999999991462
active_hinges,coupling,0,QuadraticCoupling,0.8158017075505319,0.8113946433097268,0.08000000000000011,0.08000000000000011,0.08000000000000011,0.08,0.08,0.08,covered,1.0000000000000013
active_hinges,coupling,1,QuadraticCoupling,0.8113946433097268,0.29719449079062604,0.13999999999980572,0.13999999999972246,0.1399999999997641,0.14,0.14,0.14,covered,0.9999999999986122
active_hinges,coupling,2,QuadraticCoupling,0.29719449079062604,0.6805390983741761,0.2,0.19999999999972246,0.19999999999986123,0.2,0.2,0.2,covered,1.0
active_hinges,coupling,3,QuadraticCoupling,0.6805390983741761,0.7859685767516782,0.07999999999997572,0.07999999999997572,0.07999999999997572,0.08,0.08,0.08,covered,0.9999999999996965
active_hinges,coupling,4,QuadraticCoupling,0.7859685767516782,0.39081203023939604,0.14000000000015267,0.1400000000000694,0.14000000000011104,0.14,0.14,0.14,covered,1.0000000000010905
active_hinges,coupling,5,QuadraticCoupling,0.39081203023939604,0.9109167563932553,0.19999999999861223,0.19999999999972246,0.19999999999916734,0.2,0.2,0.2,covered,0.9999999999986122
active_hinges,coupling,6,QuadraticCoupling,0.9109167563932553,0.09691052238296162,0.07999999999988898,0.07999999999955591,0.07999999999972245,0.08,0.08,0.08,covered,0.9999999999986122
active_hinges,coupling,7,QuadraticCoupling,0.09691052238296162,0.9717259315624603,0.13999999999991675,0.1400000000004996,0.14000000000020818,0.14,0.14,0.14,covered,1.0000000000035685
active_hinges,coupling,8,QuadraticCoupling,0.9717259315624603,0.39342397369110066,0.20000000000041634,0.2,0.20000000000020818,0.2,0.2,0.2,covered,1.0000000000020817
active_hinges,coupling,9,QuadraticCoupling,0.39342397369110066,0.2237867171680129,0.07999999999996531,0.07999999999996531,0.07999999999996531,0.08,0.08,0.08,covered,0.9999999999995663
active_hinges,coupling,10,QuadraticCoupling,0.2237867171680129,0.2530632167817319,0.13999999999998267,0.13999999999998267,0.13999999999998267,0.14,0.14,0.14,covered,0.9999999999998761
active_hinges,coupling,11,DirectedHingeCoupling,0.8158017075505319,0.8113946433097268,0.0,0.0,0.0,0.0,0.0,0.0,covered,0.0
active_hinges,coupling,12,AsymmetricHingeCoupling,0.29719449079062604,0.6805390983741761,0.38400000000011103,0.863999999998801,0.5759999999989897,0.38400000000000006,0.864,0.576,covered,1.0000000000002889
active_hinges,coupling,13,DirectedHingeCoupling,0.7859685767516782,0.39081203023939604,0.0,0.0,0.0,0.0,0.0,0.0,covered,0.0
active_hinges,coupling,14,AsymmetricHingeCoupling,0.9109167563932553,0.09691052238296162,0.0,0.0,0.0,0.0,0.0,0.0,covered,0.0
active_hinges,coupling,15,DirectedHingeCoupling,0.9717259315624603,0.39342397369110066,0.0,0.0,0.0,0.0,0.0,0.0,covered,0.0
active_hinges,coupling,16,AsymmetricHingeCoupling,0.2237867171680129,0.2530632167817319,0.38400000000011103,0.8639999999995559,0.5760000000001665,0.38400000000000006,0.864,0.576,covered,1.000000000000289
active_hinges,module,0,QuadraticWell,0.3868106837939229,,8.0,,,8.0,,,covered,1.0
active_hinges,module,1,QuadraticWell,0.8726000756194088,,1.6555065597701326,,,1.6555065597696212,,,covered,1.0000000000003089
active_hinges,module,2,QuadraticWell,0.4221299302204187,,3.1088125635400083,,,3.1088125635418384,,,covered,0.9999999999994114
active_hinges,module,3,QuadraticWell,0.6596743127059344,,4.260164357769395,,,4.260164357759851,,,covered,1.0000000000022404
active_hinges,module,4,QuadraticWell,0.5220755777553042,,0.46946545533074696,,,0.46946545533085315,,,covered,0.9999999999997738
active_hinges,module,5,QuadraticWell,0.07687728691285362,,0.3425877461800338,,,0.34258774618003096,,,covered,1.0000000000000082
active_hinges,module,6,QuadraticWell,0.7299121847882524,,0.6433324490047599,,,0.6433324490047159,,,covered,1.0000000000000686
active_hinges,module,7,QuadraticWell,0.7095385661541302,,1.2080894444043724,,,1.2080894444044474,,,covered,0.9999999999999378
active_hinges,module,8,QuadraticWell,0.4052615267605286,,0.25,,,0.25,,,covered,1.0
active_hinges,module,9,QuadraticWell,0.262580796263306,,2.268625044391466,,,2.268625044390925,,,covered,1.0000000000002387
active_hinges,module,10,QuadraticWell,0.5143539574085902,,5.837920422725941,,,5.8379204227257855,,,covered,1.0000000000000266
active_hinges,module,11,QuadraticWell,0.7501494176804004,,0.881591254995999,,,0.8815912549960212,,,covered,0.9999999999999748
active_hinges,coupling,0,QuadraticCoupling,0.3868106837939229,0.8726000756194088,0.08000000000013878,0.07999999999988898,0.08000000000001388,0.08,0.08,0.08,covered,1.0000000000017346
active_hinges,coupling,1,QuadraticCoupling,0.8726000756194088,0.4221299302204187,0.1400000000004996,0.13999999999972246,0.14000000000011104,0.14,0.14,0.14,covered,1.0000000000035685
active_hinges,coupling,2,QuadraticCoupling,0.4221299302204187,0.6596743127059344,0.2,0.19999999999972246,0.19999999999986123,0.2,0.2,0.2,covered,1.0
active_hinges,coupling,3,QuadraticCoupling,0.6596743127059344,0.5220755777553042,0.07999999999997572,0.07999999999997572,0.07999999999997572,0.08,0.08,0.08,covered,0.9999999999996965
active_hinges,coupling,4,QuadraticCoupling,0.5220755777553042,0.07687728691285362,0.13999999999980572,0.1400000000002637,0.1400000000000347,0.14,0.14,0.14,covered,1.0000000000018834
active_hinges,coupling,5,QuadraticCoupling,0.07687728691285362,0.7299121847882524,0.20000000000027757,0.20000000000111023,0.2000000000006939,0.2,0.2,0.2,covered,1.0000000000055511
active_hinges,coupling,6,QuadraticCoupling,0.7299121847882524,0.7095385661541302,0.08000000000000825,0.08000000000000825,0.08000000000000825,0.08,0.08,0.08,covered,1.000000000000103
active_hinges,coupling,7,QuadraticCoupling,0.7095385661541302,0.4052615267605286,0.13999999999980572,0.1400000000000694,0.13999999999993756,0.14,0.14,0.14,covered,1.0000000000004956
active_hinges,coupling,8,QuadraticCoupling,0.4052615267605286,0.262580796263306,0.2,0.2,0.2,0.2,0.2,0.2,covered,1.0
active_hinges,coupling,9,QuadraticCoupling,0.262580796263306,0.5143539574085902,0.07999999999996531,0.08000000000006245,0.08000000000001388,0.08,0.08,0.08,covered,1.0000000000007807
active_hinges,coupling,10,QuadraticCoupling,0.5143539574085902,0.7501494176804004,0.14000000000015267,0.14000000000015267,0.14000000000015267,0.14,0.14,0.14,covered,1.0000000000010905
active_hinges,coupling,11,DirectedHingeCoupling,0.3868106837939229,0.8726000756194088,0.7,0.7000000000011102,0.7000000000005551,0.7,0.7,0.7,covered,1.000000000001586
active_hinges,coupling,12,AsymmetricHingeCoupling,0.4221299302204187,0.6596743127059344,0.38399999999872325,0.8640000000015765,0.5760000000003774,0.38400000000000006,0.864,0.576,covered,1.0000000000018248
active_hinges,coupling,13,DirectedHingeCoupling,0.5220755777553042,0.07687728691285362,0.0,0.0,0.0,0.0,0.0,0.0,covered,0.0
active_hinges,coupling,14,AsymmetricHingeCoupling,0.7299121847882524,0.7095385661541302,0.38400000000224266,0.8640000000015765,0.5760000000019762,0.38400000000000006,0.864,0.576,covered,1.00000000000584
active_hinges,coupling,15,DirectedHingeCoupling,0.4052615267605286,0.262580796263306,0.0,0.0,0.0,0.0,0.0,0.0,covered,0.0
active_hinges,coupling,16,AsymmetricHingeCoupling,0.5143539574085902,0.7501494176804004,0.3839999999994671,0.8639999999960254,0.5759999999985067,0.38400000000000006,0.864,0.576,covered,0.9999999999986121
active_hinges,module,0,QuadraticWell,0.09134040162541592,,7.999999999966693,,,8.0,,,covered,0.9999999999958367
active_hinges,module,1,QuadraticWell,0.7311447118702878,,1.6555065597701326,,,1.6555065597696212,,,covered,1.0000000000003089
active_hinges,module,2,QuadraticWell,0.34041428830071346,,3.108812563542784,,,3.1088125635418384,,,covered,1.0000000000003042
active_hinges,module,3,QuadraticWell,0.5096790883086154,,4.260164357758293,,,4.260164357759851,,,covered,0.9999999999996343
active_hinges,module,4,QuadraticWell,0.6027482660392696,,0.46946545533083367,,,0.46946545533085315,,,covered,0.9999999999999585
active_hinges,module,5,QuadraticWell,0.5349925610236,,0.3425877461800289,,,0.34258774618003096,,,covered,0.999999999999994
active_hinges,module,6,QuadraticWell,0.8674130470793203,,0.6433324490047599,,,0.6433324490047159,,,covered,1.0000000000000686
active_hinges,module,7,QuadraticWell,0.4046496163920895,,1.2080894444032173,,,1.2080894444044474,,,covered,0.9999999999989817
active_hinges,module,8,QuadraticWell,0.15046841815514872,,0.25,,,0.25,,,covered,1.0
active_hinges,module,9,QuadraticWell,0.7406983742099892,,2.268625044390182,,,2.268625044390925,,,covered,0.9999999999996725
active_hinges,module,10,QuadraticWell,0.47683509946730157,,5.8379204227258,,,5.8379204227257855,,,covered,1.0000000000000024
active_hinges,module,11,QuadraticWell,0.08055323745262623,,0.8815912549923287,,,0.8815912549960212,,,covered,0.9999999999958116
active_hinges,coupling,0,QuadraticCoupling,0.09134040162541592,0.7311447118702878,0.07999999999955591,0.07999999999988898,0.07999999999972245,0.08,0.08,0.08,covered,0.9999999999986122
active_hinges,coupling,1,QuadraticCoupling,0.7311447118702878,0.34041428830071346,0.14000000000015267,0.1400000000000694,0.14000000000011104,0.14,0.14,0.14,covered,1.0000000000010905
active_hinges,coupling,2,QuadraticCoupling,0.34041428830071346,0.5096790883086154,0.2,0.2000000000000694,0.2000000000000347,0.2,0.2,0.2,covered,1.0000000000003468
active_hinges,coupling,3,QuadraticCoupling,0.5096790883086154,0.6027482660392696,0.08000000000001908,0.08000000000001908,0.08000000000001908,0.08,0.08,0.08,covered,1.0000000000002385
active_hinges,coupling,4,QuadraticCoupling,0.6027482660392696,0.5349925610236,0.1399999999999792,0.1399999999999792,0.1399999999999792,0.14,0.14,0.14,covered,0.9999999999998513
active_hinges,coupling,5,QuadraticCoupling,0.5349925610236,0.8674130470793203,0.20000000000041634,0.20000000000041634,0.20000000000041634,0.2,0.2,0.2,covered,1.0000000000020817
active_hinges,coupling,6,QuadraticCoupling,0.8674130470793203,0.4046496163920895,0.07999999999988898,0.08000000000013878,0.08000000000001388,0.08,0.08,0.08,covered,1.0000000000017346
active_hinges,coupling,7,QuadraticCoupling,0.4046496163920895,0.15046841815514872,0.1400000000000694,0.1400000000000694,0.1400000000000694,0.14,0.14,0.14,covered,1.0000000000004956
active_hinges,coupling,8,QuadraticCoupling,0.15046841815514872,0.7406983742099892,0.2,0.20000000000041634,0.20000000000020818,0.2,0.2,0.2,covered,1.0000000000020817
active_hinges,coupling,9,QuadraticCoupling,0.7406983742099892,0.47683509946730157,0.07999999999988898,0.08000000000013878,0.08000000000001388,0.08,0.08,0.08,covered,1.0000000000017346
active_hinges,coupling,10,QuadraticCoupling,0.47683509946730157,0.08055323745262623,0.1400000000000694,0.1400000000002637,0.14000000000016655,0.14,0.14,0.14,covered,1.0000000000018834
active_hinges,coupling,11,DirectedHingeCoupling,0.09134040162541592,0.7311447118702878,0.6999999999954203,0.6999999999983346,0.6999999999968775,0.7,0.7,0.7,covered,0.9999999999976209
active_hinges,coupling,12,AsymmetricHingeCoupling,0.34041428830071346,0.5096790883086154,0.38400000000011103,0.8640000000001887,0.5759999999996835,0.38400000000000006,0.864,0.576,covered,1.0000000000002889
active_hinges,coupling,13,DirectedHingeCoupling,0.6027482660392696,0.5349925610236,0.0,0.0,0.0,0.0,0.0,0.0,covered,0.0
active_hinges,coupling,14,AsymmetricHingeCoupling,0.8674130470793203,0.4046496163920895,0.0,0.0,0.0,0.0,0.0,0.0,covered,0.0
active_hinges,coupling,15,DirectedHingeCoupling,0.15046841815514872,0.7406983742099892,0.7,0.6999999999983346,0.6999999999991673,0.7,0.7,0.7,covered,1.0
active_hinges,coupling,16,AsymmetricHingeCoupling,0.47683509946730157,0.08055323745262623,0.0,0.0,0.0,0.0,0.0,0.0,covered,0.0
active_hinges,module,0,QuadraticWell,0.18440985382857197,,8.0,,,8.0,,,covered,1.0
active_hinges,module,1,QuadraticWell,0.25150575068119996,,1.655506559759555,,,1.6555065597696212,,,covered,0.9999999999939195
active_hinges,module,2,QuadraticWell,0.47869574526726977,,3.108812563537233,,,3.1088125635418384,,,covered,0.9999999999985185
active_hinges,module,3,QuadraticWell,0.2407967499940926,,4.2601643577599715,,,4.260164357759851,,,covered,1.0000000000000284
active_hinges,module,4,QuadraticWell,0.24960688300356823,,0.46946545533091644,,,0.46946545533085315,,,covered,1.0000000000001348
active_hinges,module,5,QuadraticWell,0.5746338360243157,,0.34258774617998555,,,0.34258774618003096,,,covered,0.9999999999998674
active_hinges,module,6,QuadraticWell,0.7310527683686878,,0.6433324490047599,,,0.6433324490047159,,,covered,1.0000000000000686
active_hinges,module,7,QuadraticWell,0.10949758421328322,,1.2080894444048937,,,1.2080894444044474,,,covered,1.0000000000003695
active_hinges,module,8,QuadraticWell,0.56300317799017,,0.25,,,0.25,,,covered,1.0
active_hinges,module,9,QuadraticWell,0.7523188068017214,,2.2686250443929574,,,2.268625044390925,,,covered,1.000000000000896
active_hinges,module,10,QuadraticWell,0.26842989558054214,,5.837920422718514,,,5.8379204227257855,,,covered,0.9999999999987544
active_hinges,module,11,QuadraticWell,0.28018141432033206,,0.8815912549966564,,,0.8815912549960212,,,covered,1.0000000000007205
active_hinges,coupling,0,QuadraticCoupling,0.18440985382857197,0.25150575068119996,0.08000000000000868,0.08000000000000868,0.08000000000000868,0.08,0.08,0.08,covered,1.0000000000001084
active_hinges,coupling,1,QuadraticCoupling,0.25150575068119996,0.47869574526726977,0.1400000000000694,0.1400000000000694,0.1400000000000694,0.14,0.14,0.14,covered,1.0000000000004956
active_hinges,coupling,2,QuadraticCoupling,0.47869574526726977,0.2407967499940926,0.2,0.2,0.2,0.2,0.2,0.2,covered,1.0
active_hinges,coupling,3,QuadraticCoupling,0.2407967499940926,0.24960688300356823,0.08000000000000325,0.08000000000000325,0.08000000000000325,0.08,0.08,0.08,covered,1.0000000000000406
active_hinges,coupling,4,QuadraticCoupling,0.24960688300356823,0.5746338360243157,0.1400000000000694,0.14000000000015267,0.14000000000011104,0.14,0.14,0.14,covered,1.0000000000010905
active_hinges,coupling,5,QuadraticCoupling,0.5746338360243157,0.7310527683686878,0.2000000000000694,0.2000000000000694,0.2000000000000694,0.2,0.2,0.2,covered,1.0000000000003468
active_hinges,coupling,6,QuadraticCoupling,0.7310527683686878,0.10949758421328322,0.07999999999988898,0.07999999999990286,0.07999999999989592,0.08,0.08,0.08,covered,0.9999999999987857
active_hinges,coupling,7,QuadraticCoupling,0.10949758421328322,0.56300317799017,0.14000000000061064,0.13999999999980572,0.14000000000020818,0.14,0.14,0.14,covered,1.0000000000043616
active_hinges,coupling,8,QuadraticCoupling,0.56300317799017,0.7523188068017214,0.19999999999972246,0.19999999999972246,0.19999999999972246,0.2,0.2,0.2,covered,0.9999999999986122
active_hinges,coupling,9,QuadraticCoupling,0.7523188068017214,0.26842989558054214,0.08000000000023592,0.07999999999979183,0.08000000000001388,0.08,0.08,0.08,covered,1.000000000002949
active_hinges,coupling,10,QuadraticCoupling,0.26842989558054214,0.28018141432033206,0.1399999999999935,0.1399999999999935,0.1399999999999935,0.14,0.14,0.14,covered,0.9999999999999534
active_hinges,coupling,11,DirectedHingeCoupling,0.18440985382857197,0.25150575068119996,0.7,0.7,0.7,0.7,0.7,0.7,covered,1.0
active_hinges,coupling,12,AsymmetricHingeCoupling,0.47869574526726977,0.2407967499940926,0.0,0.0,0.0,0.0,0.0,0.0,covered,0.0
active_hinges,coupling,13,DirectedHingeCoupling,0.24960688300356823,0.5746338360243157,0.7,0.7000000000011102,0.7000000000005551,0.7,0.7,0.7,covered,1.000000000001586
active_hinges,coupling,14,AsymmetricHingeCoupling,0.7310527683686878,0.10949758421328322,0.0,0.0,0.0,0.0,0.0,0.0,covered,0.0
active_hinges,coupling,15,DirectedHingeCoupling,0.56300317799017,0.7523188068017214,0.7000000000011102,0.7000000000011102,0.7000000000011102,0.7,0.7,0.7,covered,1.000000000001586
active_hinges,coupling,16,AsymmetricHingeCoupling,0.26842989558054214,0.28018141432033206,0.38400000000011103,0.8639999999995559,0.5760000000001665,0.38400000000000006,0.864,0.576,covered,1.000000000000289
active_hinges,module,0,QuadraticWell,0.6851887508096554,,8.0,,,8.0,,,covered,1.0
active_hinges,module,1,QuadraticWell,0.6500819761527012,,1.6555065597715204,,,1.6555065597696212,,,covered,1.000000000001147
active_hinges,module,2,QuadraticWell,0.1540614275859719,,3.1088125635400083,,,3.1088125635418384,,,covered,0.9999999999994114
active_hinges,module,3,QuadraticWell,0.7956840830449471,,4.260164357747191,,,4.260164357759851,,,covered,0.9999999999970283
active_hinges,module,4,QuadraticWell,0.8097960099328082,,0.46946545533144085,,,0.46946545533085315,,,covered,1.0000000000012519
active_hinges,module,5,QuadraticWell,0.4184864815342253,,0.3425877461799053,,,0.34258774618003096,,,covered,0.9999999999996332
active_hinges,module,6,QuadraticWell,0.5047756563094588,,0.6433324490047599,,,0.6433324490047159,,,covered,1.0000000000000686
active_hinges,module,7,QuadraticWell,0.8211400692917148,,1.2080894444043724,,,1.2080894444044474,,,covered,0.9999999999999378
active_hinges,module,8,QuadraticWell,0.45819725185261684,,0.25,,,0.25,,,covered,1.0
active_hinges,module,9,QuadraticWell,0.457590153051764,,2.268625044391466,,,2.268625044390925,,,covered,1.0000000000002387
active_hinges,module,10,QuadraticWell,0.5142616805814237,,5.837920422723165,,,5.8379204227257855,,,covered,0.9999999999995511
active_hinges,module,11,QuadraticWell,0.354334614616692,,0.8815912549959625,,,0.8815912549960212,,,covered,0.9999999999999334
active_hinges,coupling,0,QuadraticCoupling,0.6851887508096554,0.6500819761527012,0.07999999999999739,0.07999999999999739,0.07999999999999739,0.08,0.08,0.08,covered,0.9999999999999674
active_hinges,coupling,1,QuadraticCoupling,0.6500819761527012,0.1540614275859719,0.13999999999980572,0.14000000000041635,0.14000000000011104,0.14,0.14,0.14,covered,1.0000000000029738
active_hinges,coupling,2,QuadraticCoupling,0.1540614275859719,0.7956840830449471,0.2,0.19999999999972246,0.19999999999986123,0.2,0.2,0.2,covered,1.0
active_hinges,coupling,3,QuadraticCoupling,0.7956840830449471,0.8097960099328082,0.07999999999999739,0.07999999999999739,0.07999999999999739,0.08,0.08,0.08,covered,0.9999999999999674
active_hinges,coupling,4,QuadraticCoupling,0.8097960099328082,0.4184864815342253,0.14000000000015267,0.1400000000000694,0.14000000000011104,0.14,0.14,0.14,covered,1.0000000000010905
active_hinges,coupling,5,QuadraticCoupling,0.4184864815342253,0.5047756563094588,0.2,0.19999999999989593,0.19999999999994797,0.2,0.2,0.2,covered,1.0
active_hinges,coupling,6,QuadraticCoupling,0.5047756563094588,0.8211400692917148,0.07999999999988898,0.07999999999988898,0.07999999999988898,0.08,0.08,0.08,covered,0.9999999999986122
active_hinges,coupling,7,QuadraticCoupling,0.8211400692917148,0.45819725185261684,0.13999999999980572,0.13999999999972246,0.1399999999997641,0.14,0.14,0.14,covered,0.9999999999986122
active_hinges,coupling,8,QuadraticCoupling,0.45819725185261684,0.457590153051764,0.19999999999999932,0.19999999999999932,0.19999999999999932,0.2,0.2,0.2,covered,0.9999999999999966
active_hinges,coupling,9,QuadraticCoupling,0.457590153051764,0.5142616805814237,0.08000000000000868,0.08000000000001908,0.08000000000001388,0.08,0.08,0.08,covered,1.0000000000002385
active_hinges,coupling,10,QuadraticCoupling,0.5142616805814237,0.354334614616692,0.1399999999999792,0.1400000000000694,0.1400000000000243,0.14,0.14,0.14,covered,1.0000000000004956
active_hinges,coupling,11,DirectedHingeCoupling,0.6851887508096554,0.6500819761527012,0.0,0.0,0.0,0.0,0.0,0.0,covered,0.0
active_hinges,coupling,12,AsymmetricHingeCoupling,0.1540614275859719,0.7956840830449471,0.3839999999973355,0.863999999998801,0.5760000000003774,0.38400000000000006,0.864,0.576,covered,1.0000000000006553
active_hinges,coupling,13,DirectedHingeCoupling,0.8097960099328082,0.4184864815342253,0.0,0.0,0.0,0.0,0.0,0.0,covered,0.0
active_hinges,coupling,14,AsymmetricHingeCoupling,0.5047756563094588,0.8211400692917148,0.38400000000224266,0.8640000000015765,0.5760000000019762,0.38400000000000006,0.864,0.576,covered,1.00000000000584
active_hinges,coupling,15,DirectedHingeCoupling,0.45819725185261684,0.457590153051764,0.0,0.0,0.0,0.0,0.0,0.0,covered,0.0
active_hinges,coupling,16,AsymmetricHingeCoupling,0.5142616805814237,0.354334614616692,0.3840000000007681,0.8640000000000764,0.576000000000616,0.38400000000000006,0.864,0.576,covered,1.0000000000020002
active_hinges,module,0,QuadraticWell,0.4423158795324472,,8.0,,,8.0,,,covered,1.0
active_hinges,module,1,QuadraticWell,0.8710417951254148,,1.6555065597694387,,,1.6555065597696212,,,covered,0.9999999999998898
active_hinges,module,2,QuadraticWell,0.039864914384204406,,3.108812563544941,,,3.1088125635418384,,,covered,1.0000000000009979
active_hinges,module,3,QuadraticWell,0.3594165639352267,,4.260164357759624,,,4.260164357759851,,,covered,0.9999999999999468
active_hinges,module,4,QuadraticWell,0.8018258288594313,,0.46946545533144085,,,0.46946545533085315,,,covered,1.0000000000012519
active_hinges,module,5,QuadraticWell,0.0480117648225308,,0.3425877461811838,,,0.34258774618003096,,,covered,1.000000000003365
active_hinges,module,6,QuadraticWell,0.40011030030086336,,0.6433324490039644,,,0.6433324490047159,,,covered,0.9999999999988318
active_hinges,module,7,QuadraticWell,0.9790165839433578,,1.2080894444043724,,,1.2080894444044474,,,covered,0.9999999999999378
active_hinges,module,8,QuadraticWell,0.2540334052197647,,0.25,,,0.25,,,covered,1.0
active_hinges,module,9,QuadraticWell,0.9300736923088914,,2.2686250443929574,,,2.268625044390925,,,covered,1.000000000000896
active_hinges,module,10,QuadraticWell,0.2285718909460478,,5.837920422718514,,,5.8379204227257855,,,covered,0.9999999999987544
active_hinges,module,11,QuadraticWell,0.7418615654828873,,0.881591254995999,,,0.8815912549960212,,,covered,0.9999999999999748
active_hinges,coupling,0,QuadraticCoupling,0.4423158795324472,0.8710417951254148,0.07999999999979183,0.07999999999988898,0.07999999999984041,0.08,0.08,0.08,covered,0.9999999999986122
active_hinges,coupling,1,QuadraticCoupling,0.8710417951254148,0.039864914384204406,0.13999999999980572,0.1399999999998196,0.13999999999981266,0.14,0.14,0.14,covered,0.9999999999987114
active_hinges,coupling,2,QuadraticCoupling,0.039864914384204406,0.3594165639352267,0.2000000000001388,0.2,0.2000000000000694,0.2,0.2,0.2,covered,1.000000000000694
active_hinges,coupling,3,QuadraticCoupling,0.3594165639352267,0.8018258288594313,0.08000000000013878,0.07999999999988898,0.08000000000001388,0.08,0.08,0.08,covered,1.0000000000017346
active_hinges,coupling,4,QuadraticCoupling,0.8018258288594313,0.0480117648225308,0.13999999999980572,0.1399999999998196,0.13999999999981266,0.14,0.14,0.14,covered,0.9999999999987114
active_hinges,coupling,5,QuadraticCoupling,0.0480117648225308,0.40011030030086336,0.2000000000001388,0.2,0.2000000000000694,0.2,0.2,0.2,covered,1.000000000000694
active_hinges,coupling,6,QuadraticCoupling,0.40011030030086336,0.9790165839433578,0.07999999999944489,0.07999999999988898,0.07999999999966693,0.08,0.08,0.08,covered,0.9999999999986122
active_hinges,coupling,7,QuadraticCoupling,0.9790165839433578,0.2540334052197647,0.1400000000004996,0.13999999999972246,0.14000000000011104,0.14,0.14,0.14,covered,1.0000000000035685
active_hinges,coupling,8,QuadraticCoupling,0.2540334052197647,0.9300736923088914,0.2000000000013878,0.19999999999972246,0.20000000000055512,0.2,0.2,0.2,covered,1.000000000006939
active_hinges,coupling,9,QuadraticCoupling,0.9300736923088914,0.2285718909460478,0.07999999999988898,0.08000000000048572,0.08000000000018735,0.08,0.08,0.08,covered,1.0000000000060716
active_hinges,coupling,10,QuadraticCoupling,0.2285718909460478,0.7418615654828873,0.13999999999902857,0.13999999999980572,0.13999999999941715,0.14,0.14,0.14,covered,0.9999999999986122
active_hinges,coupling,11,DirectedHingeCoupling,0.4423158795324472,0.8710417951254148,0.7,0.6999999999983346,0.6999999999991673,0.7,0.7,0.7,covered,1.0
active_hinges,coupling,12,AsymmetricHingeCoupling,0.039864914384204406,0.3594165639352267,0.38400000000176526,0.8639999999995559,0.5760000000010602,0.38400000000000006,0.864,0.576,covered,1.0000000000045968
active_hinges,coupling,13,DirectedHingeCoupling,0.8018258288594313,0.0480117648225308,0.0,0.0,0.0,0.0,0.0,0.0,covered,0.0
active_hinges,coupling,14,AsymmetricHingeCoupling,0.40011030030086336,0.9790165839433578,0.3840000000028866,0.8639999999932498,0.5760000000003774,0.38400000000000006,0.864,0.576,covered,1.000000000007517
active_hinges,coupling,15,DirectedHingeCoupling,0.2540334052197647,0.9300736923088914,0.7000000000055511,0.6999999999983346,0.7000000000019428,0.7,0.7,0.7,covered,1.00000000000793
active_hinges,coupling,16,AsymmetricHingeCoupling,0.2285718909460478,0.7418615654828873,0.38400000000011103,0.863999999998801,0.5760000000017652,0.38400000000000006,0.864,0.576,covered,1.0000000000030647
active_hinges,module,0,QuadraticWell,0.29152208810309643,,8.000000000044409,,,8.0,,,covered,1.0000000000055511
active_hinges,module,1,QuadraticWell,0.5071610827508681,,1.6555065597687448,,,1.6555065597696212,,,covered,0.9999999999994706
active_hinges,module,2,QuadraticWell,0.2533680601683802,,3.108812563541396,,,3.1088125635418384,,,covered,0.9999999999998577
active_hinges,module,3,QuadraticWell,0.23354141827464592,,4.2601643577599715,,,4.260164357759851,,,covered,1.0000000000000284
active_hinges,module,4,QuadraticWell,0.8715355044482715,,0.46946545533074696,,,0.46946545533085315,,,covered,0.9999999999997738
active_hinges,module,5,QuadraticWell,0.8707725003866618,,0.3425877461800723,,,0.34258774618003096,,,covered,1.0000000000001208
active_hinges,module,6,QuadraticWell,0.10613990950420554,,0.6433324490048572,,,0.6433324490047159,,,covered,1.0000000000002196
active_hinges,module,7,QuadraticWell,0.9259779216986839,,1.2080894444043724,,,1.2080894444044474,,,covered,0.9999999999999378
active_hinges,module,8,QuadraticWell,0.49243083804609955,,0.25,,,0.25,,,covered,1.0
active_hinges,module,9,QuadraticWell,0.7585732845384007,,2.268625044390182,,,2.268625044390925,,,covered,0.9999999999996725
active_hinges,module,10,QuadraticWell,0.09114742142841535,,5.837920422726615,,,5.8379204227257855,,,covered,1.000000000000142
active_hinges,module,11,QuadraticWell,0.860048114922237,,0.881591254995999,,,0.8815912549960212,,,covered,0.9999999999999748
active_hinges,coupling,0,QuadraticCoupling,0.29152208810309643,0.5071610827508681,0.07999999999996531,0.08000000000006245,0.08000000000001388,0.08,0.08,0.08,covered,1.0000000000007807
active_hinges,coupling,1,QuadraticCoupling,0.5071610827508681,0.2533680601683802,0.14000000000015267,0.1400000000000694,0.14000000000011104,0.14,0.14,0.14,covered,1.0000000000010905
active_hinges,coupling,2,QuadraticCoupling,0.2533680601683802,0.23354141827464592,0.2,0.2,0.2,0.2,0.2,0.2,covered,1.0
active_hinges,coupling,3,QuadraticCoupling,0.23354141827464592,0.8715355044482715,0.07999999999979183,0.08000000000023592,0.08000000000001388,0.08,0.08,0.08,covered,1.000000000002949
active_hinges,coupling,4,QuadraticCoupling,0.8715355044482715,0.8707725003866618,0.14000000000000018,0.14000000000000018,0.14000000000000018,0.14,0.14,0.14,covered,1.000000000000001
active_hinges,coupling,5,QuadraticCoupling,0.8707725003866618,0.10613990950420554,0.19999999999972246,0.20000000000027757,0.2,0.2,0.2,0.2,covered,1.0000000000013878
active_hinges,coupling,6,QuadraticCoupling,0.10613990950420554,0.9259779216986839,0.0800000000002498,0.07999999999988898,0.08000000000006939,0.08,0.08,0.08,covered,1.0000000000031224
active_hinges,coupling,7,QuadraticCoupling,0.9259779216986839,0.49243083804609955,0.13999999999980572,0.13999999999972246,0.1399999999997641,0.14,0.14,0.14,covered,0.9999999999986122
active_hinges,coupling,8,QuadraticCoupling,0.49243083804609955,0.7585732845384007,0.2,0.2000000000000694,0.2000000000000347,0.2,0.2,0.2,covered,1.0000000000003468
active_hinges,coupling,9,QuadraticCoupling,0.7585732845384007,0.09114742142841535,0.08000000000023592,0.07999999999990286,0.08000000000006939,0.08,0.08,0.08,covered,1.000000000002949
active_hinges,coupling,10,QuadraticCoupling,0.09114742142841535,0.860048114922237,0.13999999999991675,0.13999999999980572,0.13999999999986124,0.14,0.14,0.14,covered,0.9999999999994053
active_hinges,coupling,11,DirectedHingeCoupling,0.29152208810309643,0.5071610827508681,0.7,0.6999999999997224,0.6999999999998612,0.7,0.7,0.7,covered,1.0
active_hinges,coupling,12,AsymmetricHingeCoupling,0.2533680601683802,0.23354141827464592,0.38400000000011103,0.8639999999995559,0.5760000000001665,0.38400000000000006,0.864,0.576,covered,1.000000000000289
active_hinges,coupling,13,DirectedHingeCoupling,0.8715355044482715,0.8707725003866618,0.0,0.0,0.0,0.0,0.0,0.0,covered,0.0
active_hinges,coupling,14,AsymmetricHingeCoupling,0.10613990950420554,0.9259779216986839,0.3840000000034195,0.8640000000099032,0.5760000000063282,0.38400000000000006,0.864,0.576,covered,1.000000000011462
active_hinges,coupling,15,DirectedHingeCoupling,0.49243083804609955,0.7585732845384007,0.7,0.6999999999997224,0.6999999999998612,0.7,0.7,0.7,covered,1.0
active_hinges,coupling,16,AsymmetricHingeCoupling,0.09114742142841535,0.860048114922237,0.3839999999978684,0.8640000000043521,0.5759999999993893,0.38400000000000006,0.864,0.576,covered,1.000000000005037
active_hinges,module,0,QuadraticWell,0.168619570788797,,8.0,,,8.0,,,covered,1.0
active_hinges,module,1,QuadraticWell,0.4416096042564418,,1.6555065597706573,,,1.6555065597696212,,,covered,1.0000000000006257
active_hinges,module,2,QuadraticWell,0.2796032643049361,,3.108812563541743,,,3.1088125635418384,,,covered,0.9999999999999692
active_hinges,module,3,QuadraticWell,0.9675115806035522,,4.260164357747191,,,4.260164357759851,,,covered,0.9999999999970283
active_hinges,module,4,QuadraticWell,0.5227100995219326,,0.46946545533092043,,,0.46946545533085315,,,covered,1.0000000000001432
active_hinges,module,5,QuadraticWell,0.5471584284825588,,0.3425877461800398,,,0.34258774618003096,,,covered,1.0000000000000258
active_hinges,module,6,QuadraticWell,0.4551380112697787,,0.6433324490053521,,,0.6433324490047159,,,covered,1.000000000000989
active_hinges,module,7,QuadraticWell,0.13881248423178363,,1.2080894444032173,,,1.2080894444044474,,,covered,0.9999999999989817
active_hinges,module,8,QuadraticWell,0.6451808040904031,,0.25,,,0.25,,,covered,1.0
active_hinges,module,9,QuadraticWell,0.4998601501937284,,2.268625044391466,,,2.268625044390925,,,covered,1.0000000000002387
active_hinges,module,10,QuadraticWell,0.11932279249043695,,5.837920422726615,,,5.8379204227257855,,,covered,1.000000000000142
active_hinges,module,11,QuadraticWell,0.95141030174118,,0.881591254995999,,,0.8815912549960212,,,covered,0.9999999999999748
active_hinges,coupling,0,QuadraticCoupling,0.168619570788797,0.4416096042564418,0.07999999999996531,0.07999999999996531,0.07999999999996531,0.08,0.08,0.08,covered,0.9999999999995663
active_hinges,coupling,1,QuadraticCoupling,0.4416096042564418,0.2796032643049361,0.1400000000000694,0.1400000000000694,0.1400000000000694,0.14,0.14,0.14,covered,1.0000000000004956
active_hinges,coupling,2,QuadraticCoupling,0.2796032643049361,0.9675115806035522,0.2,0.20000000000111023,0.20000000000055512,0.2,0.2,0.2,covered,1.0000000000055511
active_hinges,coupling,3,QuadraticCoupling,0.9675115806035522,0.5227100995219326,0.07999999999988898,0.07999999999988898,0.07999999999988898,0.08,0.08,0.08,covered,0.9999999999986122
active_hinges,coupling,4,QuadraticCoupling,0.5227100995219326,0.5471584284825588,0.14000000000000087,0.14000000000000087,0.14000000000000087,0.14,0.14,0.14,covered,1.0000000000000062
active_hinges,coupling,5,QuadraticCoupling,0.5471584284825588,0.4551380112697787,0.19999999999989593,0.2,0.19999999999994797,0.2,0.2,0.2,covered,1.0
active_hinges,coupling,6,QuadraticCoupling,0.4551380112697787,0.13881248423178363,0.07999999999996531,0.07999999999996531,0.07999999999996531,0.08,0.08,0.08,covered,0.9999999999995663
active_hinges,coupling,7,QuadraticCoupling,0.13881248423178363,0.6451808040904031,0.14000000000041635,0.13999999999980572,0.14000000000011104,0.14,0.14,0.14,covered,1.0000000000029738
active_hinges,coupling,8,QuadraticCoupling,0.6451808040904031,0.4998601501937284,0.2000000000000694,0.2,0.2000000000000347,0.2,0.2,0.2,covered,1.0000000000003468
active_hinges,coupling,9,QuadraticCoupling,0.4998601501937284,0.11932279249043695,0.07999999999996531,0.07999999999990286,0.07999999999993408,0.08,0.08,0.08,covered,0.9999999999995663
active_hinges,coupling,10,QuadraticCoupling,0.11932279249043695,0.95141030174118,0.13999999999991675,0.13999999999980572,0.13999999999986124,0.14,0.14,0.14,covered,0.9999999999994053
active_hinges,coupling,11,DirectedHingeCoupling,0.168619570788797,0.4416096042564418,0.7,0.7,0.7,0.7,0.7,0.7,covered,1.0
active_hinges,coupling,12,AsymmetricHingeCoupling,0.2796032643049361,0.9675115806035522,0.38400000000011103,0.863999999998801,0.5759999999989897,0.38400000000000006,0.864,0.576,covered,1.0000000000002889
active_hinges,coupling,13,DirectedHingeCoupling,0.5227100995219326,0.5471584284825588,0.6999999999998959,0.6999999999998959,0.6999999999998959,0.7,0.7,0.7,covered,0.9999999999998513
active_hinges,coupling,14,AsymmetricHingeCoupling,0.4551380112697787,0.13881248423178363,0.0,0.0,0.0,0.0,0.0,0.0,covered,0.0
active_hinges,coupling,15,DirectedHingeCoupling,0.6451808040904031,0.4998601501937284,0.0,0.0,0.0,0.0,0.0,0.0,covered,0.0
active_hinges,coupling,16,AsymmetricHingeCoupling,0.11932279249043695,0.95141030174118,0.3839999999978684,0.8639999999932498,0.5759999999980016,0.38400000000000006,0.864,0.576,covered,0.9999999999965306
active_hinges,module,0,QuadraticWell,0.3833730218567504,,8.0,,,8.0,,,covered,1.0
active_hinges,module,1,QuadraticWell,0.3843059993176232,,1.6555065597651062,,,1.6555065597696212,,,covered,0.9999999999972727
active_hinges,module,2,QuadraticWell,0.20611642505748443,,3.1088125635400083,,,3.1088125635418384,,,covered,0.9999999999994114
active_hinges,module,3,QuadraticWell,0.11850582880863207,,4.260164357762761,,,4.260164357759851,,,covered,1.0000000000006832
active_hinges,module,4,QuadraticWell,0.32621775843811324,,0.46946545533091644,,,0.46946545533085315,,,covered,1.0000000000001348
active_hinges,module,5,QuadraticWell,0.5992910396747712,,0.3425877461800723,,,0.34258774618003096,,,covered,1.0000000000001208
active_hinges,module,6,QuadraticWell,0.20114279423539602,,0.6433324490067399,,,0.6433324490047159,,,covered,1.0000000000031462
active_hinges,module,7,QuadraticWell,0.9142490955397283,,1.2080894444043724,,,1.2080894444044474,,,covered,0.9999999999999378
active_hinges,module,8,QuadraticWell,0.16221656701957332,,0.25,,,0.25,,,covered,1.0
active_hinges,module,9,QuadraticWell,0.8546884502674416,,2.2686250443929574,,,2.268625044390925,,,covered,1.000000000000896
active_hinges,module,10,QuadraticWell,0.5042411286757039,,5.837920422725941,,,5.8379204227257855,,,covered,1.0000000000000266
active_hinges,module,11,QuadraticWell,0.7139770292973966,,0.881591254995999,,,0.8815912549960212,,,covered,0.9999999999999748
active_hinges,coupling,0,QuadraticCoupling,0.3833730218567504,0.3843059993176232,0.07999999999999986,0.07999999999999986,0.07999999999999986,0.08,0.08,0.08,covered,0.9999999999999982
active_hinges,coupling,1,QuadraticCoupling,0.3843059993176232,0.20611642505748443,0.13999999999989593,0.13999999999989593,0.13999999999989593,0.14,0.14,0.14,covered,0.9999999999992566
active_hinges,coupling,2,QuadraticCoupling,0.20611642505748443,0.11850582880863207,0.2,0.19999999999993062,0.19999999999996532,0.2,0.2,0.2,covered,1.0
active_hinges,coupling,3,QuadraticCoupling,0.11850582880863207,0.32621775843811324,0.07999999999990286,0.07999999999996531,0.07999999999993408,0.08,0.08,0.08,covered,0.9999999999995663
active_hinges,coupling,4,QuadraticCoupling,0.32621775843811324,0.5992910396747712,0.1400000000000694,0.13999999999980572,0.13999999999993756,0.14,0.14,0.14,covered,1.0000000000004956
active_hinges,coupling,5,QuadraticCoupling,0.5992910396747712,0.20114279423539602,0.19999999999972246,0.2,0.19999999999986123,0.2,0.2,0.2,covered,1.0
active_hinges,coupling,6,QuadraticCoupling,0.20114279423539602,0.9142490955397283,0.08000000000013878,0.08000000000023592,0.08000000000018735,0.08,0.08,0.08,covered,1.000000000002949
active_hinges,coupling,7,QuadraticCoupling,0.9142490955397283,0.16221656701957332,0.13999999999980572,0.14000000000041635,0.14000000000011104,0.14,0.14,0.14,covered,1.0000000000029738
active_hinges,coupling,8,QuadraticCoupling,0.16221656701957332,0.8546884502674416,0.2000000000013878,0.19999999999972246,0.20000000000055512,0.2,0.2,0.2,covered,1.000000000006939
active_hinges,coupling,9,QuadraticCoupling,0.8546884502674416,0.5042411286757039,0.08000000000006245,0.08000000000006245,0.08000000000006245,0.08,0.08,0.08,covered,1.0000000000007807
active_hinges,coupling,10,QuadraticCoupling,0.5042411286757039,0.7139770292973966,0.1399999999999792,0.1399999999999792,0.1399999999999792,0.14,0.14,0.14,covered,0.9999999999998513
active_hinges,coupling,11,DirectedHingeCoupling,0.3833730218567504,0.3843059993176232,0.7,0.7,0.7,0.7,0.7,0.7,covered,1.0
active_hinges,coupling,12,AsymmetricHingeCoupling,0.20611642505748443,0.11850582880863207,0.0,0.0,0.0,0.0,0.0,0.0,covered,0.0
active_hinges,coupling,13,DirectedHingeCoupling,0.32621775843811324,0.5992910396747712,0.7,0.6999999999997224,0.6999999999998612,0.7,0.7,0.7,covered,1.0
active_hinges,coupling,14,AsymmetricHingeCoupling,0.20114279423539602,0.9142490955397283,0.3839999999973355,0.8639999999932498,0.5759999999962141,0.38400000000000006,0.864,0.576,covered,0.9999999999934274
active_hinges,coupling,15,DirectedHingeCoupling,0.16221656701957332,0.8546884502674416,0.7000000000055511,0.6999999999983346,0.7000000000019428,0.7,0.7,0.7,covered,1.00000000000793
active_hinges,coupling,16,AsymmetricHingeCoupling,0.5042411286757039,0.7139770292973966,0.3840000000008549,0.863999999998801,0.5760000000005884,0.38400000000000006,0.864,0.576,covered,1.000000000002226
active_hinges,module,0,QuadraticWell,0.8269319564290264,,8.0,,,8.0,,,covered,1.0
active_hinges,module,1,QuadraticWell,0.5062583860553806,,1.6555065597687448,,,1.6555065597696212,,,covered,0.9999999999994706
active_hinges,module,2,QuadraticWell,0.6333277261735106,,3.108812563548939,,,3.1088125635418384,,,covered,1.000000000002284
active_hinges,module,3,QuadraticWell,0.09063272882001379,,4.260164357762761,,,4.260164357759851,,,covered,1.0000000000006832
active_hinges,module,4,QuadraticWell,0.4500284936844006,,0.46946545533091644,,,0.46946545533085315,,,covered,1.0000000000001348
active_hinges,module,5,QuadraticWell,0.0611366574502414,,0.3425877461811838,,,0.34258774618003096,,,covered,1.000000000003365
active_hinges,module,6,QuadraticWell,0.49466372918378937,,0.6433324490053521,,,0.6433324490047159,,,covered,1.000000000000989
active_hinges,module,7,QuadraticWell,0.20540178015106333,,1.2080894444032173,,,1.2080894444044474,,,covered,0.9999999999989817
active_hinges,module,8,QuadraticWell,0.26874682974735786,,0.25,,,0.25,,,covered,1.0
active_hinges,module,9,QuadraticWell,0.029564671469924766,,2.2686250443882763,,,2.268625044390925,,,covered,0.9999999999988325
active_hinges,module,10,QuadraticWell,0.2636676872487344,,5.837920422729616,,,5.8379204227257855,,,covered,1.0000000000006561
active_hinges,module,11,QuadraticWell,0.5608377007634547,,0.881591254995999,,,0.8815912549960212,,,covered,0.9999999999999748
active_hinges,coupling,0,QuadraticCoupling,0.8269319564290264,0.5062583860553806,0.08000000000006245,0.08000000000006245,0.08000000000006245,0.08,0.08,0.08,covered,1.0000000000007807
active_hinges,coupling,1,QuadraticCoupling,0.5062583860553806,0.6333277261735106,0.1399999999999792,0.1399999999999792,0.1399999999999792,0.14,0.14,0.14,covered,0.9999999999998513
active_hinges,coupling,2,QuadraticCoupling,0.6333277261735106,0.09063272882001379,0.19999999999972246,0.20000000000027757,0.2,0.2,0.2,0.2,covered,1.0000000000013878
active_hinges,coupling,3,QuadraticCoupling,0.09063272882001379,0.4500284936844006,0.07999999999990286,0.07999999999996531,0.07999999999993408,0.08,0.08,0.08,covered,0.9999999999995663
active_hinges,coupling,4,QuadraticCoupling,0.4500284936844006,0.0611366574502414,0.1400000000000694,0.14000000000016655,0.14000000000011797,0.14,0.14,0.14,covered,1.0000000000011895
active_hinges,coupling,5,QuadraticCoupling,0.0611366574502414,0.49466372918378937,0.2000000000001388,0.2,0.2000000000000694,0.2,0.2,0.2,covered,1.000000000000694
active_hinges,coupling,6,QuadraticCoupling,0.49466372918378937,0.20540178015106333,0.07999999999996531,0.07999999999996531,0.07999999999996531,0.08,0.08,0.08,covered,0.9999999999995663
active_hinges,coupling,7,QuadraticCoupling,0.20540178015106333,0.26874682974735786,0.13999999999998267,0.13999999999998267,0.13999999999998267,0.14,0.14,0.14,covered,0.9999999999998761
active_hinges,coupling,8,QuadraticCoupling,0.26874682974735786,0.029564671469924766,0.2,0.20000000000020818,0.2000000000001041,0.2,0.2,0.2,covered,1.0000000000010407
active_hinges,coupling,9,QuadraticCoupling,0.029564671469924766,0.2636676872487344,0.0799999999998751,0.07999999999996531,0.0799999999999202,0.08,0.08,0.08,covered,0.9999999999995663
active_hinges,coupling,10,QuadraticCoupling,0.2636676872487344,0.5608377007634547,0.1400000000000694,0.13999999999980572,0.13999999999993756,0.14,0.14,0.14,covered,1.0000000000004956
active_hinges,coupling,11,DirectedHingeCoupling,0.8269319564290264,0.5062583860553806,0.0,0.0,0.0,0.0,0.0,0.0,covered,0.0
active_hinges,coupling,12,AsymmetricHingeCoupling,0.6333277261735106,0.09063272882001379,0.0,0.0,0.0,0.0,0.0,0.0,covered,0.0
active_hinges,coupling,13,DirectedHingeCoupling,0.4500284936844006,0.0611366574502414,0.0,0.0,0.0,0.0,0.0,0.0,covered,0.0
active_hinges,coupling,14,AsymmetricHingeCoupling,0.49466372918378937,0.20540178015106333,0.0,0.0,0.0,0.0,0.0,0.0,covered,0.0
active_hinges,coupling,15,DirectedHingeCoupling,0.26874682974735786,0.029564671469924766,0.0,0.0,0.0,0.0,0.0,0.0,covered,0.0
active_hinges,coupling,16,AsymmetricHingeCoupling,0.2636676872487344,0.5608377007634547,0.38400000000011103,0.863999999998801,0.5760000000003774,0.38400000000000006,0.864,0.576,covered,1.0000000000006553
active_hinges,module,0,QuadraticWell,0.298004080016882,,8.0,,,8.0,,,covered,1.0
active_hinges,module,1,QuadraticWell,0.9597446495873982,,1.6555065597701326,,,1.6555065597696212,,,covered,1.0000000000003089
active_hinges,module,2,QuadraticWell,0.20108997690504496,,3.108812563542784,,,3.1088125635418384,,,covered,1.0000000000003042
active_hinges,module,3,QuadraticWell,0.7321832745429875,,4.260164357769395,,,4.260164357759851,,,covered,1.0000000000022404
active_hinges,module,4,QuadraticWell,0.7484058739006111,,0.46946545533074696,,,0.46946545533085315,,,covered,0.9999999999997738
active_hinges,module,5,QuadraticWell,0.6563219582099303,,0.3425877461800723,,,0.34258774618003096,,,covered,1.0000000000001208
active_hinges,module,6,QuadraticWell,0.6232648646437062,,0.6433324490047599,,,0.6433324490047159,,,covered,1.0000000000000686
active_hinges,module,7,QuadraticWell,0.5888358418986791,,1.2080894444043724,,,1.2080894444044474,,,covered,0.9999999999999378
active_hinges,module,8,QuadraticWell,0.8040684586683582,,0.25,,,0.25,,,covered,1.0
active_hinges,module,9,QuadraticWell,0.11994326032818535,,2.2686250443890636,,,2.268625044390925,,,covered,0.9999999999991797
active_hinges,module,10,QuadraticWell,0.9341253889727973,,5.8379204227287165,,,5.8379204227257855,,,covered,1.000000000000502
active_hinges,module,11,QuadraticWell,0.9266033300643939,,0.881591254995999,,,0.8815912549960212,,,covered,0.9999999999999748
active_hinges,coupling,0,QuadraticCoupling,0.298004080016882,0.9597446495873982,0.08000000000013878,0.08000000000023592,0.08000000000018735,0.08,0.08,0.08,covered,1.000000000002949
active_hinges,coupling,1,QuadraticCoupling,0.9597446495873982,0.20108997690504496,0.13999999999980572,0.13999999999972246,0.1399999999997641,0.14,0.14,0.14,covered,0.9999999999986122
active_hinges,coupling,2,QuadraticCoupling,0.20108997690504496,0.7321832745429875,0.2,0.20000000000041634,0.20000000000020818,0.2,0.2,0.2,covered,1.0000000000020817
active_hinges,coupling,3,QuadraticCoupling,0.7321832745429875,0.7484058739006111,0.07999999999999739,0.07999999999999739,0.07999999999999739,0.08,0.08,0.08,covered,0.9999999999999674
active_hinges,coupling,4,QuadraticCoupling,0.7484058739006111,0.6563219582099303,0.14000000000006593,0.14000000000006593,0.14000000000006593,0.14,0.14,0.14,covered,1.000000000000471
active_hinges,coupling,5,QuadraticCoupling,0.6563219582099303,0.6232648646437062,0.20000000000002602,0.20000000000002602,0.20000000000002602,0.2,0.2,0.2,covered,1.0000000000001301
active_hinges,coupling,6,QuadraticCoupling,0.6232648646437062,0.5888358418986791,0.07999999999999739,0.07999999999999739,0.07999999999999739,0.08,0.08,0.08,covered,0.9999999999999674
active_hinges,coupling,7,QuadraticCoupling,0.5888358418986791,0.8040684586683582,0.1399999999999792,0.1399999999999792,0.1399999999999792,0.14,0.14,0.14,covered,0.9999999999998513
active_hinges,coupling,8,QuadraticCoupling,0.8040684586683582,0.11994326032818535,0.19999999999972246,0.20000000000027757,0.2,0.2,0.2,0.2,covered,1.0000000000013878
active_hinges,coupling,9,QuadraticCoupling,0.11994326032818535,0.9341253889727973,0.07999999999955591,0.07999999999988898,0.07999999999972245,0.08,0.08,0.08,covered,0.9999999999986122
active_hinges,coupling,10,QuadraticCoupling,0.9341253889727973,0.9266033300643939,0.14000000000000087,0.14000000000000087,0.14000000000000087,0.14,0.14,0.14,covered,1.0000000000000062
active_hinges,coupling,11,DirectedHingeCoupling,0.298004080016882,0.9597446495873982,0.7,0.6999999999983346,0.6999999999991673,0.7,0.7,0.7,covered,1.0
active_hinges,coupling,12,AsymmetricHingeCoupling,0.20108997690504496,0.7321832745429875,0.38400000000011103,0.8639999999932498,0.5759999999989897,0.38400000000000006,0.864,0.576,covered,1.0000000000002889
active_hinges,coupling,13,DirectedHingeCoupling,0.7484058739006111,0.6563219582099303,0.0,0.0,0.0,0.0,0.0,0.0,covered,0.0
active_hinges,coupling,14,AsymmetricHingeCoupling,0.6232648646437062,0.5888358418986791,0.3839999999994671,0.8640000000015765,0.5759999999998945,0.38400000000000006,0.864,0.576,covered,1.0000000000018248
active_hinges,coupling,15,DirectedHingeCoupling,0.8040684586683582,0.11994326032818535,0.0,0.0,0.0,0.0,0.0,0.0,covered,0.0
active_hinges,coupling,16,AsymmetricHingeCoupling,0.9341253889727973,0.9266033300643939,0.3839999999994671,0.8639999999960254,0.5759999999992006,0.38400000000000006,0.864,0.576,covered,0.9999999999986122
active_hinges,module,0,QuadraticWell,0.29416182800368834,,8.0,,,8.0,,,covered,1.0
active_hinges,module,1,QuadraticWell,0.27554806348085786,,1.6555065597706573,,,1.6555065597696212,,,covered,1.0000000000006257
active_hinges,module,2,QuadraticWell,0.9367151515540637,,3.1088125635378367,,,3.1088125635418384,,,covered,0.9999999999987128
active_hinges,module,3,QuadraticWell,0.5723749438459304,,4.260164357769395,,,4.260164357759851,,,covered,1.0000000000022404
active_hinges,module,4,QuadraticWell,0.07749418571078984,,0.46946545533156797,,,0.46946545533085315,,,covered,1.0000000000015226
active_hinges,module,5,QuadraticWell,0.9229569144616668,,0.3425877461800723,,,0.34258774618003096,,,covered,1.0000000000001208
active_hinges,module,6,QuadraticWell,0.9003052590648715,,0.6433324490047599,,,0.6433324490047159,,,covered,1.0000000000000686
active_hinges,module,7,QuadraticWell,0.8212412634259885,,1.2080894444043724,,,1.2080894444044474,,,covered,0.9999999999999378
active_hinges,module,8,QuadraticWell,0.4627288651506238,,0.25,,,0.25,,,covered,1.0
active_hinges,module,9,QuadraticWell,0.039317279750418196,,2.2686250443874894,,,2.268625044390925,,,covered,0.9999999999984857
active_hinges,module,10,QuadraticWell,0.25227353905203165,,5.837920422729616,,,5.8379204227257855,,,covered,1.0000000000006561
active_hinges,module,11,QuadraticWell,0.2761971998016306,,0.8815912549966564,,,0.8815912549960212,,,covered,1.0000000000007205
active_hinges,coupling,0,QuadraticCoupling,0.29416182800368834,0.27554806348085786,0.07999999999999784,0.07999999999999784,0.07999999999999784,0.08,0.08,0.08,covered,0.9999999999999729
active_hinges,coupling,1,QuadraticCoupling,0.27554806348085786,0.9367151515540637,0.14000000000041635,0.13999999999980572,0.14000000000011104,0.14,0.14,0.14,covered,1.0000000000029738
active_hinges,coupling,2,QuadraticCoupling,0.9367151515540637,0.5723749438459304,0.20000000000041634,0.20000000000041634,0.20000000000041634,0.2,0.2,0.2,covered,1.0000000000020817
active_hinges,coupling,3,QuadraticCoupling,0.5723749438459304,0.07749418571078984,0.07999999999988898,0.07999999999990286,0.07999999999989592,0.08,0.08,0.08,covered,0.9999999999987857
active_hinges,coupling,4,QuadraticCoupling,0.07749418571078984,0.9229569144616668,0.14000000000061064,0.1400000000004996,0.14000000000055512,0.14,0.14,0.14,covered,1.0000000000043616
active_hinges,coupling,5,QuadraticCoupling,0.9229569144616668,0.9003052590648715,0.19999999999998266,0.19999999999998266,0.19999999999998266,0.2,0.2,0.2,covered,0.9999999999999133
active_hinges,coupling,6,QuadraticCoupling,0.9003052590648715,0.8212412634259885,0.08000000000001908,0.08000000000001908,0.08000000000001908,0.08,0.08,0.08,covered,1.0000000000002385
active_hinges,coupling,7,QuadraticCoupling,0.8212412634259885,0.4627288651506238,0.14000000000015267,0.1400000000000694,0.14000000000011104,0.14,0.14,0.14,covered,1.0000000000010905
active_hinges,coupling,8,QuadraticCoupling,0.4627288651506238,0.039317279750418196,0.2,0.2000000000001388,0.2000000000000694,0.2,0.2,0.2,covered,1.000000000000694
active_hinges,coupling,9,QuadraticCoupling,0.039317279750418196,0.25227353905203165,0.08000000000002082,0.07999999999996531,0.07999999999999306,0.08,0.08,0.08,covered,1.0000000000002602
active_hinges,coupling,10,QuadraticCoupling,0.25227353905203165,0.2761971998016306,0.14000000000000434,0.14000000000000434,0.14000000000000434,0.14,0.14,0.14,covered,1.0000000000000309
active_hinges,coupling,11,DirectedHingeCoupling,0.29416182800368834,0.27554806348085786,0.0,0.0,0.0,0.0,0.0,0.0,covered,0.0
active_hinges,coupling,12,AsymmetricHingeCoupling,0.9367151515540637,0.5723749438459304,0.0,0.0,0.0,0.0,0.0,0.0,covered,0.0
active_hinges,coupling,13,DirectedHingeCoupling,0.07749418571078984,0.9229569144616668,0.6999999999981958,0.7000000000011102,0.699999999999653,0.7,0.7,0.7,covered,1.000000000001586
active_hinges,coupling,14,AsymmetricHingeCoupling,0.9003052590648715,0.8212412634259885,0.3839999999994671,0.8640000000001887,0.5759999999998945,0.38400000000000006,0.864,0.576,covered,1.0000000000002185
active_hinges,coupling,15,DirectedHingeCoupling,0.4627288651506238,0.039317279750418196,0.0,0.0,0.0,0.0,0.0,0.0,covered,0.0
active_hinges,coupling,16,AsymmetricHingeCoupling,0.25227353905203165,0.2761971998016306,0.38400000000011103,0.8639999999995559,0.5760000000001665,0.38400000000000006,0.864,0.576,covered,1.000000000000289
active_hinges,module,0,QuadraticWell,0.09977215665710482,,7.999999999966693,,,8.0,,,covered,0.9999999999958367
active_hinges,module,1,QuadraticWell,0.43730068040743186,,1.6555065597706573,,,1.6555065597696212,,,covered,1.0000000000006257
active_hinges,module,2,QuadraticWell,0.22493071198066425,,3.108812563541396,,,3.1088125635418384,,,covered,0.9999999999998577
active_hinges,module,3,QuadraticWell,0.21899221748597134,,4.260164357759624,,,4.260164357759851,,,covered,0.9999999999999468
active_hinges,module,4,QuadraticWell,0.7439696127481238,,0.46946545533074696,,,0.46946545533085315,,,covered,0.9999999999997738
active_hinges,module,5,QuadraticWell,0.444573416556784,,0.3425877461799053,,,0.34258774618003096,,,covered,0.9999999999996332
active_hinges,module,6,QuadraticWell,0.04495475900493979,,0.6433324490071863,,,0.6433324490047159,,,covered,1.00000000000384
active_hinges,module,7,QuadraticWell,0.5323033037025326,,1.2080894444043724,,,1.2080894444044474,,,covered,0.9999999999999378
active_hinges,module,8,QuadraticWell,0.47855321040631277,,0.25,,,0.25,,,covered,1.0
active_hinges,module,9,QuadraticWell,0.9618431062626834,,2.2686250443929574,,,2.268625044390925,,,covered,1.000000000000896
active_hinges,module,10,QuadraticWell,0.02388706108167856,,5.8379204227023855,,,5.8379204227257855,,,covered,0.9999999999959918
active_hinges,module,11,QuadraticWell,0.929439803105589,,0.881591254995999,,,0.8815912549960212,,,covered,0.9999999999999748
active_hinges,coupling,0,QuadraticCoupling,0.09977215665710482,0.43730068040743186,0.0800000000002498,0.08000000000013878,0.08000000000019429,0.08,0.08,0.08,covered,1.0000000000031224
active_hinges,coupling,1,QuadraticCoupling,0.43730068040743186,0.22493071198066425,0.13999999999989593,0.13999999999989593,0.13999999999989593,0.14,0.14,0.14,covered,0.9999999999992566
active_hinges,coupling,2,QuadraticCoupling,0.22493071198066425,0.21899221748597134,0.2,0.2,0.2,0.2,0.2,0.2,covered,1.0
active_hinges,coupling,3,QuadraticCoupling,0.21899221748597134,0.7439696127481238,0.08000000000013878,0.07999999999988898,0.08000000000001388,0.08,0.08,0.08,covered,1.0000000000017346
active_hinges,coupling,4,QuadraticCoupling,0.7439696127481238,0.444573416556784,0.13999999999980572,0.1400000000000694,0.13999999999993756,0.14,0.14,0.14,covered,1.0000000000004956
active_hinges,coupling,5,QuadraticCoupling,0.444573416556784,0.04495475900493979,0.2,0.2000000000001388,0.2000000000000694,0.2,0.2,0.2,covered,1.000000000000694
active_hinges,coupling,6,QuadraticCoupling,0.04495475900493979,0.5323033037025326,0.08000000000019429,0.07999999999988898,0.08000000000004164,0.08,0.08,0.08,covered,1.0000000000024285
active_hinges,coupling,7,QuadraticCoupling,0.5323033037025326,0.47855321040631277,0.1399999999999792,0.13999999999998267,0.13999999999998092,0.14,0.14,0.14,covered,0.9999999999998761
active_hinges,coupling,8,QuadraticCoupling,0.47855321040631277,0.9618431062626834,0.2,0.19999999999972246,0.19999999999986123,0.2,0.2,0.2,covered,1.0
active_hinges,coupling,9,QuadraticCoupling,0.9618431062626834,0.02388706108167856,0.07999999999988898,0.08000000000022205,0.08000000000005551,0.08,0.08,0.08,covered,1.0000000000027756
active_hinges,coupling,10,QuadraticCoupling,0.02388706108167856,0.929439803105589,0.13999999999986817,0.13999999999911183,0.13999999999949,0.14,0.14,0.14,covered,0.9999999999990583
active_hinges,coupling,11,DirectedHingeCoupling,0.09977215665710482,0.43730068040743186,0.7000000000009714,0.7,0.7000000000004857,0.7,0.7,0.7,covered,1.0000000000013878
active_hinges,coupling,12,AsymmetricHingeCoupling,0.22493071198066425,0.21899221748597134,0.38400000000011103,0.8639999999995559,0.5760000000001665,0.38400000000000006,0.864,0.576,covered,1.000000000000289
active_hinges,coupling,13,DirectedHingeCoupling,0.7439696127481238,0.444573416556784,0.0,0.0,0.0,0.0,0.0,0.0,covered,0.0
active_hinges,coupling,14,AsymmetricHingeCoupling,0.04495475900493979,0.5323033037025326,0.3840000000003775,0.8640000000043521,0.5759999999991895,0.38400000000000006,0.864,0.576,covered,1.000000000005037
active_hinges,coupling,15,DirectedHingeCoupling,0.47855321040631277,0.9618431062626834,0.7,0.6999999999983346,0.6999999999991673,0.7,0.7,0.7,covered,1.0
active_hinges,coupling,16,AsymmetricHingeCoupling,0.02388706108167856,0.929439803105589,0.38399999999773515,0.8640000000099032,0.5760000000062283,0.38400000000000006,0.864,0.576,covered,1.000000000011462
active_hinges,module,0,QuadraticWell,0.7049931885047263,,8.0,,,8.0,,,covered,1.0
active_hinges,module,1,QuadraticWell,0.14562180116040868,,1.655506559759555,,,1.6555065597696212,,,covered,0.9999999999939195
active_hinges,module,2,QuadraticWell,0.9102170532042123,,3.1088125635378367,,,3.1088125635418384,,,covered,0.9999999999987128
active_hinges,module,3,QuadraticWell,0.9069447885691161,,4.260164357769395,,,4.260164357759851,,,covered,1.0000000000022404
active_hinges,module,4,QuadraticWell,0.8599571788896939,,0.46946545533213474,,,0.46946545533085315,,,covered,1.0000000000027298
active_hinges,module,5,QuadraticWell,0.7485275872316329,,0.3425877461800723,,,0.34258774618003096,,,covered,1.0000000000001208
active_hinges,module,6,QuadraticWell,0.23072302038558368,,0.6433324490011888,,,0.6433324490047159,,,covered,0.9999999999945175
active_hinges,module,7,QuadraticWell,0.7345968050034957,,1.2080894444043724,,,1.2080894444044474,,,covered,0.9999999999999378
active_hinges,module,8,QuadraticWell,0.9744406599250304,,0.25,,,0.25,,,covered,1.0
active_hinges,module,9,QuadraticWell,0.9320095310041497,,2.2686250443874063,,,2.268625044390925,,,covered,0.999999999998449
active_hinges,module,10,QuadraticWell,0.2053479263491102,,5.837920422718514,,,5.8379204227257855,,,covered,0.9999999999987544
active_hinges,module,11,QuadraticWell,0.11079955796096819,,0.8815912549978798,,,0.8815912549960212,,,covered,1.0000000000021083
active_hinges,coupling,0,QuadraticCoupling,0.7049931885047263,0.14562180116040868,0.07999999999988898,0.08000000000048572,0.08000000000018735,0.08,0.08,0.08,covered,1.0000000000060716
active_hinges,coupling,1,QuadraticCoupling,0.14562180116040868,0.9102170532042123,0.13999999999902857,0.13999999999980572,0.13999999999941715,0.14,0.14,0.14,covered,0.9999999999986122
active_hinges,coupling,2,QuadraticCoupling,0.9102170532042123,0.9069447885691161,0.19999999999999893,0.19999999999999893,0.19999999999999893,0.2,0.2,0.2,covered,0.9999999999999946
active_hinges,coupling,3,QuadraticCoupling,0.9069447885691161,0.8599571788896939,0.07999999999999739,0.07999999999999739,0.07999999999999739,0.08,0.08,0.08,covered,0.9999999999999674
active_hinges,coupling,4,QuadraticCoupling,0.8599571788896939,0.7485275872316329,0.1399999999999792,0.1399999999999792,0.1399999999999792,0.14,0.14,0.14,covered,0.9999999999998513
active_hinges,coupling,5,QuadraticCoupling,0.7485275872316329,0.23072302038558368,0.20000000000041634,0.19999999999930612,0.19999999999986123,0.2,0.2,0.2,covered,1.0000000000020817
active_hinges,coupling,6,QuadraticCoupling,0.23072302038558368,0.7345968050034957,0.08000000000048572,0.08000000000023592,0.08000000000036082,0.08,0.08,0.08,covered,1.0000000000060716
active_hinges,coupling,7,QuadraticCoupling,0.7345968050034957,0.9744406599250304,0.14000000000015267,0.14000000000015267,0.14000000000015267,0.14,0.14,0.14,covered,1.0000000000010905
active_hinges,coupling,8,QuadraticCoupling,0.9744406599250304,0.9320095310041497,0.19999999999998266,0.19999999999998266,0.19999999999998266,0.2,0.2,0.2,covered,0.9999999999999133
active_hinges,coupling,9,QuadraticCoupling,0.9320095310041497,0.2053479263491102,0.08000000000023592,0.08000000000013878,0.08000000000018735,0.08,0.08,0.08,covered,1.000000000002949
active_hinges,coupling,10,QuadraticCoupling,0.2053479263491102,0.11079955796096819,0.13999999999998267,0.14000000000000348,0.13999999999999307,0.14,0.14,0.14,covered,1.0000000000000249
active_hinges,coupling,11,DirectedHingeCoupling,0.7049931885047263,0.14562180116040868,0.0,0.0,0.0,0.0,0.0,0.0,covered,0.0
active_hinges,coupling,12,AsymmetricHingeCoupling,0.9102170532042123,0.9069447885691161,0.3839999999994671,0.8639999999960254,0.5759999999978128,0.38400000000000006,0.864,0.576,covered,0.9999999999986121
active_hinges,coupling,13,DirectedHingeCoupling,0.8599571788896939,0.7485275872316329,0.0,0.0,0.0,0.0,0.0,0.0,covered,0.0
active_hinges,coupling,14,AsymmetricHingeCoupling,0.23072302038558368,0.7345968050034957,0.38400000000011103,0.863999999998801,0.5759999999989897,0.38400000000000006,0.864,0.576,covered,1.0000000000002889
active_hinges,coupling,15,DirectedHingeCoupling,0.9744406599250304,0.9320095310041497,0.0,0.0,0.0,0.0,0.0,0.0,covered,0.0
active_hinges,coupling,16,AsymmetricHingeCoupling,0.2053479263491102,0.11079955796096819,0.0,0.0,0.0,0.0,0.0,0.0,covered,0.0
active_hinges,module,0,QuadraticWell,0.4585956691779967,,8.0,,,8.0,,,covered,1.0
active_hinges,module,1,QuadraticWell,0.24970968237298302,,1.6555065597706573,,,1.6555065597696212,,,covered,1.0000000000006257
active_hinges,module,2,QuadraticWell,0.7730013577207342,,3.1088125635378367,,,3.1088125635418384,,,covered,0.9999999999987128
active_hinges,module,3,QuadraticWell,0.3448351963457891,,4.260164357759624,,,4.260164357759851,,,covered,0.9999999999999468
active_hinges,module,4,QuadraticWell,0.20978636357734326,,0.46946545533091644,,,0.46946545533085315,,,covered,1.0000000000001348
active_hinges,module,5,QuadraticWell,0.22245550703218614,,0.34258774618025223,,,0.34258774618003096,,,covered,1.000000000000646
active_hinges,module,6,QuadraticWell,0.9193277598313171,,0.6433324490047599,,,0.6433324490047159,,,covered,1.0000000000000686
active_hinges,module,7,QuadraticWell,0.02989742443211288,,1.2080894444044747,,,1.2080894444044474,,,covered,1.0000000000000226
active_hinges,module,8,QuadraticWell,0.9795259849040029,,0.25,,,0.25,,,covered,1.0
active_hinges,module,9,QuadraticWell,0.44864138892406175,,2.268625044391466,,,2.268625044390925,,,covered,1.0000000000002387
active_hinges,module,10,QuadraticWell,0.7236585677689809,,5.837920422717614,,,5.8379204227257855,,,covered,0.9999999999986003
active_hinges,module,11,QuadraticWell,0.6406715945208281,,0.881591254995999,,,0.8815912549960212,,,covered,0.9999999999999748
active_hinges,coupling,0,QuadraticCoupling,0.4585956691779967,0.24970968237298302,0.07999999999996531,0.07999999999996531,0.07999999999996531,0.08,0.08,0.08,covered,0.9999999999995663
active_hinges,coupling,1,QuadraticCoupling,0.24970968237298302,0.7730013577207342,0.14000000000041635,0.1400000000004996,0.14000000000045798,0.14,0.14,0.14,covered,1.0000000000035685
active_hinges,coupling,2,QuadraticCoupling,0.7730013577207342,0.3448351963457891,0.20000000000041634,0.2,0.20000000000020818,0.2,0.2,0.2,covered,1.0000000000020817
active_hinges,coupling,3,QuadraticCoupling,0.3448351963457891,0.20978636357734326,0.08000000000005204,0.08000000000005204,0.08000000000005204,0.08,0.08,0.08,covered,1.0000000000006506
active_hinges,coupling,4,QuadraticCoupling,0.20978636357734326,0.22245550703218614,0.14000000000000434,0.14000000000000434,0.14000000000000434,0.14,0.14,0.14,covered,1.0000000000000309
active_hinges,coupling,5,QuadraticCoupling,0.22245550703218614,0.9193277598313171,0.2,0.19999999999972246,0.19999999999986123,0.2,0.2,0.2,covered,1.0
active_hinges,coupling,6,QuadraticCoupling,0.9193277598313171,0.02989742443211288,0.07999999999988898,0.08000000000022205,0.08000000000005551,0.08,0.08,0.08,covered,1.0000000000027756
active_hinges,coupling,7,QuadraticCoupling,0.02989742443211288,0.9795259849040029,0.13999999999986817,0.13999999999911183,0.13999999999949,0.14,0.14,0.14,covered,0.9999999999990583
active_hinges,coupling,8,QuadraticCoupling,0.9795259849040029,0.44864138892406175,0.19999999999972246,0.2,0.19999999999986123,0.2,0.2,0.2,covered,1.0
active_hinges,coupling,9,QuadraticCoupling,0.44864138892406175,0.7236585677689809,0.07999999999996531,0.08000000000006245,0.08000000000001388,0.08,0.08,0.08,covered,1.0000000000007807
active_hinges,coupling,10,QuadraticCoupling,0.7236585677689809,0.6406715945208281,0.1399999999999792,0.1399999999999792,0.1399999999999792,0.14,0.14,0.14,covered,0.9999999999998513
active_hinges,coupling,11,DirectedHingeCoupling,0.4585956691779967,0.24970968237298302,0.0,0.0,0.0,0.0,0.0,0.0,covered,0.0
active_hinges,coupling,12,AsymmetricHingeCoupling,0.7730013577207342,0.3448351963457891,0.0,0.0,0.0,0.0,0.0,0.0,covered,0.0
active_hinges,coupling,13,DirectedHingeCoupling,0.20978636357734326,0.22245550703218614,0.7,0.7,0.7,0.7,0.7,0.7,covered,1.0
active_hinges,coupling,14,AsymmetricHingeCoupling,0.9193277598313171,0.02989742443211288,0.0,0.0,0.0,0.0,0.0,0.0,covered,0.0
active_hinges,coupling,15,DirectedHingeCoupling,0.9795259849040029,0.44864138892406175,0.0,0.0,0.0,0.0,0.0,0.0,covered,0.0
active_hinges,coupling,16,AsymmetricHingeCoupling,0.7236585677689809,0.6406715945208281,0.3839999999994671,0.8639999999960254,0.5759999999985067,0.38400000000000006,0.864,0.576,covered,0.9999999999986121
active_hinges,module,0,QuadraticWell,0.7123206777993017,,8.0,,,8.0,,,covered,1.0
active_hinges,module,1,QuadraticWell,0.9514468220092421,,1.6555065597701326,,,1.6555065597696212,,,covered,1.0000000000003089
active_hinges,module,2,QuadraticWell,0.9052113090196392,,3.108812563548939,,,3.1088125635418384,,,covered,1.000000000002284
active_hinges,module,3,QuadraticWell,0.17705309751373774,,4.260164357759624,,,4.260164357759851,,,covered,0.9999999999999468
active_hinges,module,4,QuadraticWell,0.6217394640185487,,0.46946545533074696,,,0.46946545533085315,,,covered,0.9999999999997738
active_hinges,module,5,QuadraticWell,0.16193323287184727,,0.34258774617955834,,,0.34258774618003096,,,covered,0.9999999999986204
active_hinges,module,6,QuadraticWell,0.6548049605325093,,0.6433324490047599,,,0.6433324490047159,,,covered,1.0000000000000686
active_hinges,module,7,QuadraticWell,0.825229517126509,,1.2080894444043724,,,1.2080894444044474,,,covered,0.9999999999999378
active_hinges,module,8,QuadraticWell,0.30007325887156594,,0.25,,,0.25,,,covered,1.0
active_hinges,module,9,QuadraticWell,0.669355664207401,,2.268625044390182,,,2.268625044390925,,,covered,0.9999999999996725
active_hinges,module,10,QuadraticWell,0.7943113933758774,,5.837920422717614,,,5.8379204227257855,,,covered,0.9999999999986003
active_hinges,module,11,QuadraticWell,0.3243896987911585,,0.8815912549952686,,,0.8815912549960212,,,covered,0.9999999999991462
active_hinges,coupling,0,QuadraticCoupling,0.7123206777993017,0.9514468220092421,0.07999999999988898,0.07999999999988898,0.07999999999988898,0.08,0.08,0.08,covered,0.9999999999986122
active_hinges,coupling,1,QuadraticCoupling,0.9514468220092421,0.9052113090196392,0.1399999999999792,0.1399999999999792,0.1399999999999792,0.14,0.14,0.14,covered,0.9999999999998513
active_hinges,coupling,2,QuadraticCoupling,0.9052113090196392,0.17705309751373774,0.19999999999972246,0.2,0.19999999999986123,0.2,0.2,0.2,covered,1.0
active_hinges,coupling,3,QuadraticCoupling,0.17705309751373774,0.6217394640185487,0.07999999999979183,0.07999999999988898,0.07999999999984041,0.08,0.08,0.08,covered,0.9999999999986122
active_hinges,coupling,4,QuadraticCoupling,0.6217394640185487,0.16193323287184727,0.13999999999980572,0.13999999999972246,0.1399999999997641,0.14,0.14,0.14,covered,0.9999999999986122
active_hinges,coupling,5,QuadraticCoupling,0.16193323287184727,0.6548049605325093,0.2,0.20000000000041634,0.20000000000020818,0.2,0.2,0.2,covered,1.0000000000020817
active_hinges,coupling,6,QuadraticCoupling,0.6548049605325093,0.825229517126509,0.07999999999997572,0.07999999999997572,0.07999999999997572,0.08,0.08,0.08,covered,0.9999999999996965
active_hinges,coupling,7,QuadraticCoupling,0.825229517126509,0.30007325887156594,0.13999999999980572,0.13999999999972246,0.1399999999997641,0.14,0.14,0.14,covered,0.9999999999986122
active_hinges,coupling,8,QuadraticCoupling,0.30007325887156594,0.669355664207401,0.2,0.20000000000041634,0.20000000000020818,0.2,0.2,0.2,covered,1.0000000000020817
active_hinges,coupling,9,QuadraticCoupling,0.669355664207401,0.7943113933758774,0.07999999999997572,0.07999999999997572,0.07999999999997572,0.08,0.08,0.08,covered,0.9999999999996965
active_hinges,coupling,10,QuadraticCoupling,0.7943113933758774,0.3243896987911585,0.13999999999980572,0.14000000000041635,0.14000000000011104,0.14,0.14,0.14,covered,1.0000000000029738
active_hinges,coupling,11,DirectedHingeCoupling,0.7123206777993017,0.9514468220092421,0.6999999999997224,0.6999999999997224,0.6999999999997224,0.7,0.7,0.7,covered,0.9999999999996035
active_hinges,coupling,12,AsymmetricHingeCoupling,0.9052113090196392,0.17705309751373774,0.0,0.0,0.0,0.0,0.0,0.0,covered,0.0
active_hinges,coupling,13,DirectedHingeCoupling,0.6217394640185487,0.16193323287184727,0.0,0.0,0.0,0.0,0.0,0.0,covered,0.0
active_hinges,coupling,14,AsymmetricHingeCoupling,0.6548049605325093,0.825229517126509,0.3839999999994671,0.8640000000015765,0.5760000000005884,0.38400000000000006,0.864,0.576,covered,1.0000000000018248
active_hinges,coupling,15,DirectedHingeCoupling,0.30007325887156594,0.669355664207401,0.7,0.7000000000011102,0.7000000000005551,0.7,0.7,0.7,covered,1.000000000001586
active_hinges,coupling,16,AsymmetricHingeCoupling,0.7943113933758774,0.3243896987911585,0.0,0.0,0.0,0.0,0.0,0.0,covered,0.0
active_hinges,module,0,QuadraticWell,0.8974863269042718,,8.0,,,8.0,,,covered,1.0
active_hinges,module,1,QuadraticWell,0.24918565378494045,,1.6555065597651062,,,1.6555065597696212,,,covered,0.9999999999972727
active_hinges,module,2,QuadraticWell,0.6473146931518743,,3.1088125635378367,,,3.1088125635418384,,,covered,0.9999999999987128
active_hinges,module,3,QuadraticWell,0.5683174239544249,,4.260164357758293,,,4.260164357759851,,,covered,0.9999999999996343
active_hinges,module,4,QuadraticWell,0.06934825883362922,,0.46946545533156797,,,0.46946545533085315,,,covered,1.0000000000015226
active_hinges,module,5,QuadraticWell,0.8893769383835796,,0.3425877461800723,,,0.34258774618003096,,,covered,1.0000000000001208
active_hinges,module,6,QuadraticWell,0.7689049167421401,,0.6433324490047599,,,0.6433324490047159,,,covered,1.0000000000000686
active_hinges,module,7,QuadraticWell,0.9299511608047558,,1.2080894444043724,,,1.2080894444044474,,,covered,0.9999999999999378
active_hinges,module,8,QuadraticWell,0.6337526052629223,,0.25,,,0.25,,,covered,1.0
active_hinges,module,9,QuadraticWell,0.026701992593602418,,2.2686250443882763,,,2.268625044390925,,,covered,0.9999999999988325
active_hinges,module,10,QuadraticWell,0.7612697546082341,,5.8379204227287165,,,5.8379204227257855,,,covered,1.000000000000502
active_hinges,module,11,QuadraticWell,0.16271322969909827,,0.8815912549966564,,,0.8815912549960212,,,covered,1.0000000000007205
active_hinges,coupling,0,QuadraticCoupling,0.8974863269042718,0.24918565378494045,0.07999999999988898,0.07999999999979183,0.07999999999984041,0.08,0.08,0.08,covered,0.9999999999986122
active_hinges,coupling,1,QuadraticCoupling,0.24918565378494045,0.6473146931518743,0.1400000000000694,0.13999999999980572,0.13999999999993756,0.14,0.14,0.14,covered,1.0000000000004956
active_hinges,coupling,2,QuadraticCoupling,0.6473146931518743,0.5683174239544249,0.2000000000000694,0.2000000000000694,0.2000000000000694,0.2,0.2,0.2,covered,1.0000000000003468
active_hinges,coupling,3,QuadraticCoupling,0.5683174239544249,0.06934825883362922,0.07999999999988898,0.0800000000002498,0.08000000000006939,0.08,0.08,0.08,covered,1.0000000000031224
active_hinges,coupling,4,QuadraticCoupling,0.06934825883362922,0.8893769383835796,0.14000000000061064,0.13999999999980572,0.14000000000020818,0.14,0.14,0.14,covered,1.0000000000043616
active_hinges,coupling,5,QuadraticCoupling,0.8893769383835796,0.7689049167421401,0.2000000000000694,0.2000000000000694,0.2000000000000694,0.2,0.2,0.2,covered,1.0000000000003468
active_hinges,coupling,6,QuadraticCoupling,0.7689049167421401,0.9299511608047558,0.07999999999997572,0.07999999999997572,0.07999999999997572,0.08,0.08,0.08,covered,0.9999999999996965
active_hinges,coupling,7,QuadraticCoupling,0.9299511608047558,0.6337526052629223,0.13999999999980572,0.13999999999980572,0.13999999999980572,0.14,0.14,0.14,covered,0.9999999999986122
active_hinges,coupling,8,QuadraticCoupling,0.6337526052629223,0.026701992593602418,0.19999999999972246,0.20000000000020818,0.19999999999996532,0.2,0.2,0.2,covered,1.0000000000010407
active_hinges,coupling,9,QuadraticCoupling,0.026701992593602418,0.7612697546082341,0.08000000000022205,0.07999999999988898,0.08000000000005551,0.08,0.08,0.08,covered,1.0000000000027756
active_hinges,coupling,10,QuadraticCoupling,0.7612697546082341,0.16271322969909827,0.13999999999980572,0.13999999999972246,0.1399999999997641,0.14,0.14,0.14,covered,0.9999999999986122
active_hinges,coupling,11,DirectedHingeCoupling,0.8974863269042718,0.24918565378494045,0.0,0.0,0.0,0.0,0.0,0.0,covered,0.0
active_hinges,coupling,12,AsymmetricHingeCoupling,0.6473146931518743,0.5683174239544249,0.38400000000154877,0.8639999999967193,0.5760000000005884,0.38400000000000006,0.864,0.576,covered,1.000000000004033
active_hinges,coupling,13,DirectedHingeCoupling,0.06934825883362922,0.8893769383835796,0.700000000003747,0.7000000000011102,0.7000000000024286,0.7,0.7,0.7,covered,1.0000000000053528
active_hinges,coupling,14,AsymmetricHingeCoupling,0.7689049167421401,0.9299511608047558,0.3839999999994671,0.863999999998801,0.5759999999992006,0.38400000000000006,0.864,0.576,covered,0.9999999999986122
active_hinges,coupling,15,DirectedHingeCoupling,0.6337526052629223,0.026701992593602418,0.0,0.0,0.0,0.0,0.0,0.0,covered,0.0
active_hinges,coupling,16,AsymmetricHingeCoupling,0.7612697546082341,0.16271322969909827,0.0,0.0,0.0,0.0,0.0,0.0,covered,0.0
active_hinges,module,0,QuadraticWell,0.7988726862255235,,8.0,,,8.0,,,covered,1.0
active_hinges,module,1,QuadraticWell,0.10467910958649335,,1.6555065597729548,,,1.6555065597696212,,,covered,1.0000000000020137
active_hinges,module,2,QuadraticWell,0.8493293488030944,,3.1088125635378367,,,3.1088125635418384,,,covered,0.9999999999987128
active_hinges,module,3,QuadraticWell,0.1597073876702837,,4.260164357759624,,,4.260164357759851,,,covered,0.9999999999999468
active_hinges,module,4,QuadraticWell,0.9268589368021344,,0.46946545533074696,,,0.46946545533085315,,,covered,0.9999999999997738
active_hinges,module,5,QuadraticWell,0.4875300238229236,,0.34258774618007876,,,0.34258774618003096,,,covered,1.0000000000001394
active_hinges,module,6,QuadraticWell,0.4308630097567101,,0.6433324490039644,,,0.6433324490047159,,,covered,0.9999999999988318
active_hinges,module,7,QuadraticWell,0.39539345563668993,,1.2080894444032173,,,1.2080894444044474,,,covered,0.9999999999989817
active_hinges,module,8,QuadraticWell,0.584797132597491,,0.25,,,0.25,,,covered,1.0
active_hinges,module,9,QuadraticWell,0.6502760589115517,,2.2686250443915696,,,2.268625044390925,,,covered,1.0000000000002842
active_hinges,module,10,QuadraticWell,0.9758770013358137,,5.8379204227287165,,,5.8379204227257855,,,covered,1.000000000000502
active_hinges,module,11,QuadraticWell,0.3774193023918528,,0.8815912549959625,,,0.8815912549960212,,,covered,0.9999999999999334
active_hinges,coupling,0,QuadraticCoupling,0.7988726862255235,0.10467910958649335,0.07999999999988898,0.07999999999990286,0.07999999999989592,0.08,0.08,0.08,covered,0.9999999999987857
active_hinges,coupling,1,QuadraticCoupling,0.10467910958649335,0.8493293488030944,0.14000000000061064,0.13999999999980572,0.14000000000020818,0.14,0.14,0.14,covered,1.0000000000043616
active_hinges,coupling,2,QuadraticCoupling,0.8493293488030944,0.1597073876702837,0.19999999999972246,0.2000000000013878,0.20000000000055512,0.2,0.2,0.2,covered,1.000000000006939
active_hinges,coupling,3,QuadraticCoupling,0.1597073876702837,0.9268589368021344,0.07999999999944489,0.07999999999988898,0.07999999999966693,0.08,0.08,0.08,covered,0.9999999999986122
active_hinges,coupling,4,QuadraticCoupling,0.9268589368021344,0.4875300238229236,0.13999999999980572,0.13999999999972246,0.1399999999997641,0.14,0.14,0.14,covered,0.9999999999986122
active_hinges,coupling,5,QuadraticCoupling,0.4875300238229236,0.4308630097567101,0.2,0.2,0.2,0.2,0.2,0.2,covered,1.0
active_hinges,coupling,6,QuadraticCoupling,0.4308630097567101,0.39539345563668993,0.08000000000000868,0.08000000000000868,0.08000000000000868,0.08,0.08,0.08,covered,1.0000000000001084
active_hinges,coupling,7,QuadraticCoupling,0.39539345563668993,0.584797132597491,0.13999999999989593,0.1399999999999792,0.13999999999993756,0.14,0.14,0.14,covered,0.9999999999998513
active_hinges,coupling,8,QuadraticCoupling,0.584797132597491,0.6502760589115517,0.19999999999998266,0.19999999999998266,0.19999999999998266,0.2,0.2,0.2,covered,0.9999999999999133
active_hinges,coupling,9,QuadraticCoupling,0.6502760589115517,0.9758770013358137,0.08000000000006245,0.08000000000006245,0.08000000000006245,0.08,0.08,0.08,covered,1.0000000000007807
active_hinges,coupling,10,QuadraticCoupling,0.9758770013358137,0.3774193023918528,0.1400000000004996,0.14000000000041635,0.14000000000045798,0.14,0.14,0.14,covered,1.0000000000035685
active_hinges,coupling,11,DirectedHingeCoupling,0.7988726862255235,0.10467910958649335,0.0,0.0,0.0,0.0,0.0,0.0,covered,0.0
active_hinges,coupling,12,AsymmetricHingeCoupling,0.8493293488030944,0.1597073876702837,0.0,0.0,0.0,0.0,0.0,0.0,covered,0.0
active_hinges,coupling,13,DirectedHingeCoupling,0.9268589368021344,0.4875300238229236,0.0,0.0,0.0,0.0,0.0,0.0,covered,0.0
active_hinges,coupling,14,AsymmetricHingeCoupling,0.4308630097567101,0.39539345563668993,0.38400000000011103,0.8640000000002498,0.575999999999993,0.38400000000000006,0.864,0.576,covered,1.000000000000289
active_hinges,coupling,15,DirectedHingeCoupling,0.584797132597491,0.6502760589115517,0.7000000000000693,0.7000000000000693,0.7000000000000693,0.7,0.7,0.7,covered,1.000000000000099
active_hinges,coupling,16,AsymmetricHingeCoupling,0.9758770013358137,0.3774193023918528,0.0,0.0,0.0,0.0,0.0,0.0,covered,0.0
active_hinges,module,0,QuadraticWell,0.26901937480886745,,8.0,,,8.0,,,covered,1.0
active_hinges,module,1,QuadraticWell,0.9737060968971657,,1.6555065597701326,,,1.6555065597696212,,,covered,1.0000000000003089
active_hinges,module,2,QuadraticWell,0.8391571421584023,,3.1088125635378367,,,3.1088125635418384,,,covered,0.9999999999987128
active_hinges,module,3,QuadraticWell,0.4528466786099366,,4.2601643577624,,,4.260164357759851,,,covered,1.0000000000005984
active_hinges,module,4,QuadraticWell,0.3115916050006247,,0.46946545533091644,,,0.46946545533085315,,,covered,1.0000000000001348
active_hinges,module,5,QuadraticWell,0.7125641154395881,,0.3425877461800723,,,0.34258774618003096,,,covered,1.0000000000001208
active_hinges,module,6,QuadraticWell,0.06826310146146497,,0.6433324490020816,,,0.6433324490047159,,,covered,0.9999999999959054
active_hinges,module,7,QuadraticWell,0.18987783377251322,,1.2080894443976662,,,1.2080894444044474,,,covered,0.9999999999943868
active_hinges,module,8,QuadraticWell,0.24722068822723492,,0.25,,,0.25,,,covered,1.0
active_hinges,module,9,QuadraticWell,0.33447917098620256,,2.268625044391466,,,2.268625044390925,,,covered,1.0000000000002387
active_hinges,module,10,QuadraticWell,0.9753745425076246,,5.8379204227287165,,,5.8379204227257855,,,covered,1.000000000000502
active_hinges,module,11,QuadraticWell,0.5577942329018709,,0.881591254995999,,,0.8815912549960212,,,covered,0.9999999999999748
active_hinges,coupling,0,QuadraticCoupling,0.26901937480886745,0.9737060968971657,0.07999999999979183,0.07999999999988898,0.07999999999984041,0.08,0.08,0.08,covered,0.9999999999986122
active_hinges,coupling,1,QuadraticCoupling,0.9737060968971657,0.8391571421584023,0.1399999999999792,0.1399999999999792,0.1399999999999792,0.14,0.14,0.14,covered,0.9999999999998513
active_hinges,coupling,2,QuadraticCoupling,0.8391571421584023,0.4528466786099366,0.20000000000041634,0.2,0.20000000000020818,0.2,0.2,0.2,covered,1.0000000000020817
active_hinges,coupling,3,QuadraticCoupling,0.4528466786099366,0.3115916050006247,0.08000000000005204,0.08000000000005204,0.08000000000005204,0.08,0.08,0.08,covered,1.0000000000006506
active_hinges,coupling,4,QuadraticCoupling,0.3115916050006247,0.7125641154395881,0.13999999999972246,0.13999999999980572,0.1399999999997641,0.14,0.14,0.14,covered,0.9999999999986122
active_hinges,coupling,5,QuadraticCoupling,0.7125641154395881,0.06826310146146497,0.20000000000111023,0.20000000000027757,0.2000000000006939,0.2,0.2,0.2,covered,1.0000000000055511
active_hinges,coupling,6,QuadraticCoupling,0.06826310146146497,0.18987783377251322,0.08000000000007633,0.07999999999996531,0.08000000000002082,0.08,0.08,0.08,covered,1.0000000000009541
active_hinges,coupling,7,QuadraticCoupling,0.18987783377251322,0.24722068822723492,0.13999999999998267,0.13999999999998267,0.13999999999998267,0.14,0.14,0.14,covered,0.9999999999998761
active_hinges,coupling,8,QuadraticCoupling,0.24722068822723492,0.33447917098620256,0.2,0.2,0.2,0.2,0.2,0.2,covered,1.0
active_hinges,coupling,9,QuadraticCoupling,0.33447917098620256,0.9753745425076246,0.07999999999979183,0.07999999999988898,0.07999999999984041,0.08,0.08,0.08,covered,0.9999999999986122
active_hinges,coupling,10,QuadraticCoupling,0.9753745425076246,0.5577942329018709,0.14000000000015267,0.14000000000015267,0.14000000000015267,0.14,0.14,0.14,covered,1.0000000000010905
active_hinges,coupling,11,DirectedHingeCoupling,0.26901937480886745,0.9737060968971657,0.7,0.6999999999983346,0.6999999999991673,0.7,0.7,0.7,covered,1.0
active_hinges,coupling,12,AsymmetricHingeCoupling,0.8391571421584023,0.4528466786099366,0.0,0.0,0.0,0.0,0.0,0.0,covered,0.0
active_hinges,coupling,13,DirectedHingeCoupling,0.3115916050006247,0.7125641154395881,0.7,0.6999999999983346,0.6999999999991673,0.7,0.7,0.7,covered,1.0
active_hinges,coupling,14,AsymmetricHingeCoupling,0.06826310146146497,0.18987783377251322,0.38399999999925616,0.8640000000009437,0.5759999999998723,0.38400000000000006,0.864,0.576,covered,1.0000000000010922
active_hinges,coupling,15,DirectedHingeCoupling,0.24722068822723492,0.33447917098620256,0.7,0.7,0.7,0.7,0.7,0.7,covered,1.0
active_hinges,coupling,16,AsymmetricHingeCoupling,0.9753745425076246,0.5577942329018709,0.0,0.0,0.0,0.0,0.0,0.0,covered,0.0
active_hinges,module,0,QuadraticWell,0.19396425259047673,,8.0,,,8.0,,,covered,1.0
active_hinges,module,1,QuadraticWell,0.568498262855941,,1.6555065597715204,,,1.6555065597696212,,,covered,1.000000000001147
active_hinges,module,2,QuadraticWell,0.32098969604686794,,3.108812563541396,,,3.1088125635418384,,,covered,0.9999999999998577
active_hinges,module,3,QuadraticWell,0.5816563872777912,,4.260164357758293,,,4.260164357759851,,,covered,0.9999999999996343
active_hinges,module,4,QuadraticWell,0.08465477710218927,,0.46946545533156797,,,0.46946545533085315,,,covered,1.0000000000015226
active_hinges,module,5,QuadraticWell,0.9723447093029721,,0.3425877461800723,,,0.34258774618003096,,,covered,1.0000000000001208
active_hinges,module,6,QuadraticWell,0.4568993463433984,,0.6433324490039644,,,0.6433324490047159,,,covered,0.9999999999988318
active_hinges,module,7,QuadraticWell,0.6706031093801247,,1.2080894444043724,,,1.2080894444044474,,,covered,0.9999999999999378
active_hinges,module,8,QuadraticWell,0.4699521822563192,,0.25,,,0.25,,,covered,1.0
active_hinges,module,9,QuadraticWell,0.7186101130538383,,2.268625044390182,,,2.268625044390925,,,covered,0.9999999999996725
active_hinges,module,10,QuadraticWell,0.39765540136545363,,5.837920422726841,,,5.8379204227257855,,,covered,1.0000000000001807
active_hinges,module,11,QuadraticWell,0.21471847339768288,,0.8815912549966564,,,0.8815912549960212,,,covered,1.0000000000007205
active_hinges,coupling,0,QuadraticCoupling,0.19396425259047673,0.568498262855941,0.08000000000013878,0.07999999999988898,0.08000000000001388,0.08,0.08,0.08,covered,1.0000000000017346
active_hinges,coupling,1,QuadraticCoupling,0.568498262855941,0.32098969604686794,0.13999999999980572,0.13999999999972246,0.1399999999997641,0.14,0.14,0.14,covered,0.9999999999986122
active_hinges,coupling,2,QuadraticCoupling,0.32098969604686794,0.5816563872777912,0.2,0.2000000000000694,0.2000000000000347,0.2,0.2,0.2,covered,1.0000000000003468
active_hinges,coupling,3,QuadraticCoupling,0.5816563872777912,0.08465477710218927,0.08000000000023592,0.07999999999990286,0.08000000000006939,0.08,0.08,0.08,covered,1.000000000002949
active_hinges,coupling,4,QuadraticCoupling,0.08465477710218927,0.9723447093029721,0.13999999999922286,0.13999999999980572,0.1399999999995143,0.14,0.14,0.14,covered,0.9999999999986122
active_hinges,coupling,5,QuadraticCoupling,0.9723447093029721,0.4568993463433984,0.19999999999972246,0.2,0.19999999999986123,0.2,0.2,0.2,covered,1.0
active_hinges,coupling,6,QuadraticCoupling,0.4568993463433984,0.6706031093801247,0.07999999999996531,0.07999999999988898,0.07999999999992714,0.08,0.08,0.08,covered,0.9999999999995663
active_hinges,coupling,7,QuadraticCoupling,0.6706031093801247,0.4699521822563192,0.1399999999999792,0.1400000000000694,0.1400000000000243,0.14,0.14,0.14,covered,1.0000000000004956
active_hinges,coupling,8,QuadraticCoupling,0.4699521822563192,0.7186101130538383,0.2,0.2000000000000694,0.2000000000000347,0.2,0.2,0.2,covered,1.0000000000003468
active_hinges,coupling,9,QuadraticCoupling,0.7186101130538383,0.39765540136545363,0.07999999999988898,0.07999999999996531,0.07999999999992714,0.08,0.08,0.08,covered,0.9999999999995663
active_hinges,coupling,10,QuadraticCoupling,0.39765540136545363,0.21471847339768288,0.1400000000000694,0.1400000000000694,0.1400000000000694,0.14,0.14,0.14,covered,1.0000000000004956
active_hinges,coupling,11,DirectedHingeCoupling,0.19396425259047673,0.568498262855941,0.7,0.7000000000011102,0.7000000000005551,0.7,0.7,0.7,covered,1.000000000001586
active_hinges,coupling,12,AsymmetricHingeCoupling,0.32098969604686794,0.5816563872777912,0.38400000000011103,0.8640000000015765,0.5759999999996835,0.38400000000000006,0.864,0.576,covered,1.0000000000018248
active_hinges,coupling,13,DirectedHingeCoupling,0.08465477710218927,0.9723447093029721,0.6999999999981958,0.7000000000011102,0.699999999999653,0.7,0.7,0.7,covered,1.000000000001586
active_hinges,coupling,14,AsymmetricHingeCoupling,0.4568993463433984,0.6706031093801247,0.38400000000011103,0.8639999999960254,0.5759999999989897,0.38400000000000006,0.864,0.576,covered,1.0000000000002889
active_hinges,coupling,15,DirectedHingeCoupling,0.4699521822563192,0.7186101130538383,0.7,0.6999999999997224,0.6999999999998612,0.7,0.7,0.7,covered,1.0
active_hinges,coupling,16,AsymmetricHingeCoupling,0.39765540136545363,0.21471847339768288,0.0,0.0,0.0,0.0,0.0,0.0,covered,0.0
active_hinges,module,0,QuadraticWell,0.12089245182125896,,7.999999999966693,,,8.0,,,covered,0.9999999999958367
active_hinges,module,1,QuadraticWell,0.6447732249764732,,1.6555065597687448,,,1.6555065597696212,,,covered,0.9999999999994706
active_hinges,module,2,QuadraticWell,0.23334826900078534,,3.108812563541396,,,3.1088125635418384,,,covered,0.9999999999998577
active_hinges,module,3,QuadraticWell,0.40656808773239594,,4.260164357756849,,,4.260164357759851,,,covered,0.9999999999992953
active_hinges,module,4,QuadraticWell,0.8074784543489762,,0.46946545533074696,,,0.46946545533085315,,,covered,0.9999999999997738
active_hinges,module,5,QuadraticWell,0.8068900872696356,,0.3425877461800723,,,0.34258774618003096,,,covered,1.0000000000001208
active_hinges,module,6,QuadraticWell,0.9351358325127708,,0.6433324490047599,,,0.6433324490047159,,,covered,1.0000000000000686
active_hinges,module,7,QuadraticWell,0.27459101475426306,,1.2080894444032173,,,1.2080894444044474,,,covered,0.9999999999989817
active_hinges,module,8,QuadraticWell,0.5939707847934553,,0.25,,,0.25,,,covered,1.0
active_hinges,module,9,QuadraticWell,0.48047154204016895,,2.268625044391466,,,2.268625044390925,,,covered,1.0000000000002387
active_hinges,module,10,QuadraticWell,0.2127798894242551,,5.837920422729616,,,5.8379204227257855,,,covered,1.0000000000006561
active_hinges,module,11,QuadraticWell,0.1595405067415105,,0.8815912549966564,,,0.8815912549960212,,,covered,1.0000000000007205
active_hinges,coupling,0,QuadraticCoupling,0.12089245182125896,0.6447732249764732,0.07999999999990286,0.08000000000023592,0.08000000000006939,0.08,0.08,0.08,covered,1.000000000002949
active_hinges,coupling,1,QuadraticCoupling,0.6447732249764732,0.23334826900078534,0.14000000000015267,0.1400000000000694,0.14000000000011104,0.14,0.14,0.14,covered,1.0000000000010905
active_hinges,coupling,2,QuadraticCoupling,0.23334826900078534,0.40656808773239594,0.2,0.2,0.2,0.2,0.2,0.2,covered,1.0
active_hinges,coupling,3,QuadraticCoupling,0.40656808773239594,0.8074784543489762,0.08000000000013878,0.07999999999988898,0.08000000000001388,0.08,0.08,0.08,covered,1.0000000000017346
active_hinges,coupling,4,QuadraticCoupling,0.8074784543489762,0.8068900872696356,0.14000000000000018,0.14000000000000018,0.14000000000000018,0.14,0.14,0.14,covered,1.000000000000001
active_hinges,coupling,5,QuadraticCoupling,0.8068900872696356,0.9351358325127708,0.19999999999989593,0.19999999999989593,0.19999999999989593,0.2,0.2,0.2,covered,0.9999999999994796
active_hinges,coupling,6,QuadraticCoupling,0.9351358325127708,0.27459101475426306,0.08000000000023592,0.07999999999979183,0.08000000000001388,0.08,0.08,0.08,covered,1.000000000002949
active_hinges,coupling,7,QuadraticCoupling,0.27459101475426306,0.5939707847934553,0.1400000000000694,0.14000000000015267,0.14000000000011104,0.14,0.14,0.14,covered,1.0000000000010905
active_hinges,coupling,8,QuadraticCoupling,0.5939707847934553,0.48047154204016895,0.19999999999989593,0.2,0.19999999999994797,0.2,0.2,0.2,covered,1.0
active_hinges,coupling,9,QuadraticCoupling,0.48047154204016895,0.2127798894242551,0.07999999999996531,0.07999999999996531,0.07999999999996531,0.08,0.08,0.08,covered,0.9999999999995663
active_hinges,coupling,10,QuadraticCoupling,0.2127798894242551,0.1595405067415105,0.13999999999998267,0.13999999999998267,0.13999999999998267,0.14,0.14,0.14,covered,0.9999999999998761
active_hinges,coupling,11,DirectedHingeCoupling,0.12089245182125896,0.6447732249764732,0.6999999999954203,0.6999999999983346,0.6999999999968775,0.7,0.7,0.7,covered,0.9999999999976209
active_hinges,coupling,12,AsymmetricHingeCoupling,0.23334826900078534,0.40656808773239594,0.38399999999872325,0.8640000000009437,0.5760000000001665,0.38400000000000006,0.864,0.576,covered,1.0000000000010922
active_hinges,coupling,13,DirectedHingeCoupling,0.8074784543489762,0.8068900872696356,0.0,0.0,0.0,0.0,0.0,0.0,covered,0.0
active_hinges,coupling,14,AsymmetricHingeCoupling,0.9351358325127708,0.27459101475426306,0.0,0.0,0.0,0.0,0.0,0.0,covered,0.0
active_hinges,coupling,15,DirectedHingeCoupling,0.5939707847934553,0.48047154204016895,0.0,0.0,0.0,0.0,0.0,0.0,covered,0.0
active_hinges,coupling,16,AsymmetricHingeCoupling,0.2127798894242551,0.1595405067415105,0.38400000000002427,0.8639999999999028,0.5760000000000365,0.38400000000000006,0.864,0.576,covered,1.0000000000000635
active_hinges,module,0,QuadraticWell,0.1545850858900386,,8.000000000044409,,,8.0,,,covered,1.0000000000055511
active_hinges,module,1,QuadraticWell,0.5243785481968668,,1.6555065597687448,,,1.6555065597696212,,,covered,0.9999999999994706
active_hinges,module,2,QuadraticWell,0.5586761761737766,,3.1088125635378367,,,3.1088125635418384,,,covered,0.9999999999987128
active_hinges,module,3,QuadraticWell,0.35336141773398416,,4.260164357759624,,,4.260164357759851,,,covered,0.9999999999999468
active_hinges,module,4,QuadraticWell,0.7367754615362875,,0.46946545533074696,,,0.46946545533085315,,,covered,0.9999999999997738
active_hinges,module,5,QuadraticWell,0.5351667445106778,,0.3425877461800289,,,0.34258774618003096,,,covered,0.999999999999994
active_hinges,module,6,QuadraticWell,0.38857218773594104,,0.6433324490039644,,,0.6433324490047159,,,covered,0.9999999999988318
active_hinges,module,7,QuadraticWell,0.29715056012375196,,1.2080894444087684,,,1.2080894444044474,,,covered,1.0000000000035767
active_hinges,module,8,QuadraticWell,0.1639345726722977,,0.25,,,0.25,,,covered,1.0
active_hinges,module,9,QuadraticWell,0.41658841715552664,,2.268625044391466,,,2.268625044390925,,,covered,1.0000000000002387
active_hinges,module,10,QuadraticWell,0.4028165529057251,,5.837920422726841,,,5.8379204227257855,,,covered,1.0000000000001807
active_hinges,module,11,QuadraticWell,0.5223911969669399,,0.881591254995999,,,0.8815912549960212,,,covered,0.9999999999999748
active_hinges,coupling,0,QuadraticCoupling,0.1545850858900386,0.5243785481968668,0.07999999999996531,0.08000000000006245,0.08000000000001388,0.08,0.08,0.08,covered,1.0000000000007807
active_hinges,coupling,1,QuadraticCoupling,0.5243785481968668,0.5586761761737766,0.1399999999999792,0.1399999999999792,0.1399999999999792,0.14,0.14,0.14,covered,0.9999999999998513
active_hinges,coupling,2,QuadraticCoupling,0.5586761761737766,0.35336141773398416,0.19999999999972246,0.2,0.19999999999986123,0.2,0.2,0.2,covered,1.0
active_hinges,coupling,3,QuadraticCoupling,0.35336141773398416,0.7367754615362875,0.07999999999996531,0.08000000000006245,0.08000000000001388,0.08,0.08,0.08,covered,1.0000000000007807
active_hinges,coupling,4,QuadraticCoupling,0.7367754615362875,0.5351667445106778,0.1399999999999792,0.1399999999999792,0.1399999999999792,0.14,0.14,0.14,covered,0.9999999999998513
active_hinges,coupling,5,QuadraticCoupling,0.5351667445106778,0.38857218773594104,0.19999999999989593,0.2,0.19999999999994797,0.2,0.2,0.2,covered,1.0
active_hinges,coupling,6,QuadraticCoupling,0.38857218773594104,0.29715056012375196,0.08000000000000868,0.08000000000000868,0.08000000000000868,0.08,0.08,0.08,covered,1.0000000000001084
active_hinges,coupling,7,QuadraticCoupling,0.29715056012375196,0.1639345726722977,0.1400000000000694,0.1400000000000694,0.1400000000000694,0.14,0.14,0.14,covered,1.0000000000004956
active_hinges,coupling,8,QuadraticCoupling,0.1639345726722977,0.41658841715552664,0.2,0.2,0.2,0.2,0.2,0.2,covered,1.0
active_hinges,coupling,9,QuadraticCoupling,0.41658841715552664,0.4028165529057251,0.07999999999999784,0.07999999999999784,0.07999999999999784,0.08,0.08,0.08,covered,0.9999999999999729
active_hinges,coupling,10,QuadraticCoupling,0.4028165529057251,0.5223911969669399,0.13999999999989593,0.1399999999999792,0.13999999999993756,0.14,0.14,0.14,covered,0.9999999999998513
active_hinges,coupling,11,DirectedHingeCoupling,0.1545850858900386,0.5243785481968668,0.7,0.6999999999983346,0.6999999999991673,0.7,0.7,0.7,covered,1.0
active_hinges,coupling,12,AsymmetricHingeCoupling,0.5586761761737766,0.35336141773398416,0.0,0.0,0.0,0.0,0.0,0.0,covered,0.0
active_hinges,coupling,13,DirectedHingeCoupling,0.7367754615362875,0.5351667445106778,0.0,0.0,0.0,0.0,0.0,0.0,covered,0.0
active_hinges,coupling,14,AsymmetricHingeCoupling,0.38857218773594104,0.29715056012375196,0.38399999999993756,0.8640000000002498,0.5760000000000798,0.38400000000000006,0.864,0.576,covered,1.000000000000289
active_hinges,coupling,15,DirectedHingeCoupling,0.1639345726722977,0.41658841715552664,0.7,0.7,0.7,0.7,0.7,0.7,covered,1.0
active_hinges,coupling,16,AsymmetricHingeCoupling,0.4028165529057251,0.5223911969669399,0.38400000000011103,0.8639999999974132,0.5759999999982958,0.38400000000000006,0.864,0.576,covered,1.0000000000002889
active_hinges,module,0,QuadraticWell,0.810718758030209,,8.0,,,8.0,,,covered,1.0
active_hinges,module,1,QuadraticWell,0.23659024948305643,,1.6555065597706573,,,1.6555065597696212,,,covered,1.0000000000006257
active_hinges,module,2,QuadraticWell,0.7604215059039979,,3.108812563548939,,,3.1088125635418384,,,covered,1.000000000002284
active_hinges,module,3,QuadraticWell,0.932386920074912,,4.260164357769395,,,4.260164357759851,,,covered,1.0000000000022404
active_hinges,module,4,QuadraticWell,0.43886562803898066,,0.46946545533091644,,,0.46946545533085315,,,covered,1.0000000000001348
active_hinges,module,5,QuadraticWell,0.09201294372767162,,0.3425877461800338,,,0.34258774618003096,,,covered,1.0000000000000082
active_hinges,module,6,QuadraticWell,0.7062289659030105,,0.6433324490047599,,,0.6433324490047159,,,covered,1.0000000000000686
active_hinges,module,7,QuadraticWell,0.8574377493494064,,1.2080894444050663,,,1.2080894444044474,,,covered,1.0000000000005123
active_hinges,module,8,QuadraticWell,0.11910727544597745,,0.25,,,0.25,,,covered,1.0
active_hinges,module,9,QuadraticWell,0.5397293163057764,,2.2686250443908755,,,2.268625044390925,,,covered,0.9999999999999782
active_hinges,module,10,QuadraticWell,0.6899169914348067,,5.8379204227287165,,,5.8379204227257855,,,covered,1.000000000000502
active_hinges,module,11,QuadraticWell,0.08123674454309544,,0.8815912549978798,,,0.8815912549960212,,,covered,1.0000000000021083
active_hinges,coupling,0,QuadraticCoupling,0.810718758030209,0.23659024948305643,0.07999999999988898,0.08000000000013878,0.08000000000001388,0.08,0.08,0.08,covered,1.0000000000017346
active_hinges,coupling,1,QuadraticCoupling,0.23659024948305643,0.7604215059039979,0.13999999999972246,0.13999999999980572,0.1399999999997641,0.14,0.14,0.14,covered,0.9999999999986122
active_hinges,coupling,2,QuadraticCoupling,0.7604215059039979,0.932386920074912,0.2000000000000694,0.2000000000000694,0.2000000000000694,0.2,0.2,0.2,covered,1.0000000000003468
active_hinges,coupling,3,QuadraticCoupling,0.932386920074912,0.43886562803898066,0.07999999999988898,0.07999999999979183,0.07999999999984041,0.08,0.08,0.08,covered,0.9999999999986122
active_hinges,coupling,4,QuadraticCoupling,0.43886562803898066,0.09201294372767162,0.1400000000000694,0.1400000000002637,0.14000000000016655,0.14,0.14,0.14,covered,1.0000000000018834
active_hinges,coupling,5,QuadraticCoupling,0.09201294372767162,0.7062289659030105,0.20000000000027757,0.19999999999972246,0.2,0.2,0.2,0.2,covered,1.0000000000013878
active_hinges,coupling,6,QuadraticCoupling,0.7062289659030105,0.8574377493494064,0.07999999999997572,0.07999999999997572,0.07999999999997572,0.08,0.08,0.08,covered,0.9999999999996965
active_hinges,coupling,7,QuadraticCoupling,0.8574377493494064,0.11910727544597745,0.13999999999980572,0.13999999999922286,0.1399999999995143,0.14,0.14,0.14,covered,0.9999999999986122
active_hinges,coupling,8,QuadraticCoupling,0.11910727544597745,0.5397293163057764,0.19999999999958368,0.19999999999972246,0.19999999999965307,0.2,0.2,0.2,covered,0.9999999999986122
active_hinges,coupling,9,QuadraticCoupling,0.5397293163057764,0.6899169914348067,0.07999999999997572,0.07999999999997572,0.07999999999997572,0.08,0.08,0.08,covered,0.9999999999996965
active_hinges,coupling,10,QuadraticCoupling,0.6899169914348067,0.08123674454309544,0.13999999999980572,0.13999999999991675,0.13999999999986124,0.14,0.14,0.14,covered,0.9999999999994053
active_hinges,coupling,11,DirectedHingeCoupling,0.810718758030209,0.23659024948305643,0.0,0.0,0.0,0.0,0.0,0.0,covered,0.0
active_hinges,coupling,12,AsymmetricHingeCoupling,0.7604215059039979,0.932386920074912,0.3839999999994671,0.8640000000071276,0.5760000000012823,0.38400000000000006,0.864,0.576,covered,1.0000000000082496
active_hinges,coupling,13,DirectedHingeCoupling,0.43886562803898066,0.09201294372767162,0.0,0.0,0.0,0.0,0.0,0.0,covered,0.0
active_hinges,coupling,14,AsymmetricHingeCoupling,0.7062289659030105,0.8574377493494064,0.3839999999994671,0.8639999999960254,0.5759999999978128,0.38400000000000006,0.864,0.576,covered,0.9999999999986121
active_hinges,coupling,15,DirectedHingeCoupling,0.11910727544597745,0.5397293163057764,0.6999999999981958,0.7000000000011102,0.699999999999653,0.7,0.7,0.7,covered,1.000000000001586
active_hinges,coupling,16,AsymmetricHingeCoupling,0.6899169914348067,0.08123674454309544,0.0,0.0,0.0,0.0,0.0,0.0,covered,0.0
active_hinges,module,0,QuadraticWell,0.3102043488296332,,7.999999999955591,,,8.0,,,covered,0.9999999999944489
active_hinges,module,1,QuadraticWell,0.9055178397608162,,1.6555065597687448,,,1.6555065597696212,,,covered,0.9999999999994706
active_hinges,module,2,QuadraticWell,0.08370695059888497,,3.108812563541547,,,3.1088125635418384,,,covered,0.9999999999999063
active_hinges,module,3,QuadraticWell,0.9212034168690107,,4.260164357747191,,,4.260164357759851,,,covered,0.9999999999970283
active_hinges,module,4,QuadraticWell,0.1372745060803128,,0.46946545533091644,,,0.46946545533085315,,,covered,1.0000000000001348
active_hinges,module,5,QuadraticWell,0.735032922706608,,0.3425877461800723,,,0.34258774618003096,,,covered,1.0000000000001208
active_hinges,module,6,QuadraticWell,0.9382060766382284,,0.6433324490047599,,,0.6433324490047159,,,covered,1.0000000000000686
active_hinges,module,7,QuadraticWell,0.44773881037523905,,1.2080894444032173,,,1.2080894444044474,,,covered,0.9999999999989817
active_hinges,module,8,QuadraticWell,0.18628899814678368,,0.25,,,0.25,,,covered,1.0
active_hinges,module,9,QuadraticWell,0.6391220084418214,,2.2686250443915696,,,2.268625044390925,,,covered,1.0000000000002842
active_hinges,module,10,QuadraticWell,0.6190051998985278,,5.837920422723165,,,5.8379204227257855,,,covered,0.9999999999995511
active_hinges,module,11,QuadraticWell,0.5557951168547798,,0.881591254995999,,,0.8815912549960212,,,covered,0.9999999999999748
active_hinges,coupling,0,QuadraticCoupling,0.3102043488296332,0.9055178397608162,0.08000000000013878,0.07999999999988898,0.08000000000001388,0.08,0.08,0.08,covered,1.0000000000017346
active_hinges,coupling,1,QuadraticCoupling,0.9055178397608162,0.08370695059888497,0.13999999999980572,0.13999999999991675,0.13999999999986124,0.14,0.14,0.14,covered,0.9999999999994053
active_hinges,coupling,2,QuadraticCoupling,0.08370695059888497,0.9212034168690107,0.20000000000027757,0.19999999999972246,0.2,0.2,0.2,0.2,covered,1.0000000000013878
active_hinges,coupling,3,QuadraticCoupling,0.9212034168690107,0.1372745060803128,0.07999999999988898,0.08000000000013878,0.08000000000001388,0.08,0.08,0.08,covered,1.0000000000017346
active_hinges,coupling,4,QuadraticCoupling,0.1372745060803128,0.735032922706608,0.14000000000041635,0.13999999999980572,0.14000000000011104,0.14,0.14,0.14,covered,1.0000000000029738
active_hinges,coupling,5,QuadraticCoupling,0.735032922706608,0.9382060766382284,0.19999999999972246,0.19999999999972246,0.19999999999972246,0.2,0.2,0.2,covered,0.9999999999986122
active_hinges,coupling,6,QuadraticCoupling,0.9382060766382284,0.44773881037523905,0.08000000000023592,0.07999999999979183,0.08000000000001388,0.08,0.08,0.08,covered,1.000000000002949
active_hinges,coupling,7,QuadraticCoupling,0.44773881037523905,0.18628899814678368,0.1400000000000694,0.1400000000000694,0.1400000000000694,0.14,0.14,0.14,covered,1.0000000000004956
active_hinges,coupling,8,QuadraticCoupling,0.18628899814678368,0.6391220084418214,0.2,0.19999999999972246,0.19999999999986123,0.2,0.2,0.2,covered,1.0
active_hinges,coupling,9,QuadraticCoupling,0.6391220084418214,0.6190051998985278,0.07999999999999739,0.07999999999999739,0.07999999999999739,0.08,0.08,0.08,covered,0.9999999999999674
active_hinges,coupling,10,QuadraticCoupling,0.6190051998985278,0.5557951168547798,0.1399999999999792,0.1399999999999792,0.1399999999999792,0.14,0.14,0.14,covered,0.9999999999998513
active_hinges,coupling,11,DirectedHingeCoupling,0.3102043488296332,0.9055178397608162,0.7000000000055511,0.6999999999983346,0.7000000000019428,0.7,0.7,0.7,covered,1.00000000000793
active_hinges,coupling,12,AsymmetricHingeCoupling,0.08370695059888497,0.9212034168690107,0.3839999999978684,0.8639999999932498,0.5759999999980016,0.38400000000000006,0.864,0.576,covered,0.9999999999965306
active_hinges,coupling,13,DirectedHingeCoupling,0.1372745060803128,0.735032922706608,0.7,0.6999999999983346,0.6999999999991673,0.7,0.7,0.7,covered,1.0
active_hinges,coupling,14,AsymmetricHingeCoupling,0.9382060766382284,0.44773881037523905,0.0,0.0,0.0,0.0,0.0,0.0,covered,0.0
active_hinges,coupling,15,DirectedHingeCoupling,0.18628899814678368,0.6391220084418214,0.7,0.7000000000011102,0.7000000000005551,0.7,0.7,0.7,covered,1.000000000001586
active_hinges,coupling,16,AsymmetricHingeCoupling,0.6190051998985278,0.5557951168547798,0.3839999999994671,0.8640000000008826,0.5760000000002414,0.38400000000000006,0.864,0.576,covered,1.0000000000010216
active_hinges,module,0,QuadraticWell,0.6083865483089214,,8.0,,,8.0,,,covered,1.0
active_hinges,module,1,QuadraticWell,0.9517818025052434,,1.6555065597687448,,,1.6555065597696212,,,covered,0.9999999999994706
active_hinges,module,2,QuadraticWell,0.1145748837261721,,3.108812563541547,,,3.1088125635418384,,,covered,0.9999999999999063
active_hinges,module,3,QuadraticWell,0.8774504697002402,,4.260164357769395,,,4.260164357759851,,,covered,1.0000000000022404
active_hinges,module,4,QuadraticWell,0.25678453079556646,,0.46946545533091644,,,0.46946545533085315,,,covered,1.0000000000001348
active_hinges,module,5,QuadraticWell,0.07365337057412447,,0.3425877461800338,,,0.34258774618003096,,,covered,1.0000000000000082
active_hinges,module,6,QuadraticWell,0.8082387337423239,,0.6433324490047599,,,0.6433324490047159,,,covered,1.0000000000000686
active_hinges,module,7,QuadraticWell,0.4580908260135179,,1.2080894444059929,,,1.2080894444044474,,,covered,1.0000000000012792
active_hinges,module,8,QuadraticWell,0.6344656841130417,,0.25,,,0.25,,,covered,1.0
active_hinges,module,9,QuadraticWell,0.051822610331875754,,2.2686250443874894,,,2.268625044390925,,,covered,0.9999999999984857
active_hinges,module,10,QuadraticWell,0.7925378629639872,,5.837920422717614,,,5.8379204227257855,,,covered,0.9999999999986003
active_hinges,module,11,QuadraticWell,0.8503891856001667,,0.881591254995999,,,0.8815912549960212,,,covered,0.9999999999999748
active_hinges,coupling,0,QuadraticCoupling,0.6083865483089214,0.9517818025052434,0.07999999999988898,0.07999999999988898,0.07999999999988898,0.08,0.08,0.08,covered,0.9999999999986122
active_hinges,coupling,1,QuadraticCoupling,0.9517818025052434,0.1145748837261721,0.13999999999980572,0.13999999999922286,0.1399999999995143,0.14,0.14,0.14,covered,0.9999999999986122
active_hinges,coupling,2,QuadraticCoupling,0.1145748837261721,0.8774504697002402,0.20000000000027757,0.19999999999972246,0.2,0.2,0.2,0.2,covered,1.0000000000013878
active_hinges,coupling,3,QuadraticCoupling,0.8774504697002402,0.25678453079556646,0.07999999999988898,0.07999999999979183,0.07999999999984041,0.08,0.08,0.08,covered,0.9999999999986122
active_hinges,coupling,4,QuadraticCoupling,0.25678453079556646,0.07365337057412447,0.1400000000000694,0.1400000000002637,0.14000000000016655,0.14,0.14,0.14,covered,1.0000000000018834
active_hinges,coupling,5,QuadraticCoupling,0.07365337057412447,0.8082387337423239,0.1999999999988898,0.19999999999972246,0.19999999999930612,0.2,0.2,0.2,covered,0.9999999999986122
active_hinges,coupling,6,QuadraticCoupling,0.8082387337423239,0.4580908260135179,0.08000000000006245,0.07999999999996531,0.08000000000001388,0.08,0.08,0.08,covered,1.0000000000007807
active_hinges,coupling,7,QuadraticCoupling,0.4580908260135179,0.6344656841130417,0.13999999999989593,0.1399999999999792,0.13999999999993756,0.14,0.14,0.14,covered,0.9999999999998513
active_hinges,coupling,8,QuadraticCoupling,0.6344656841130417,0.051822610331875754,0.19999999999972246,0.2000000000001388,0.19999999999993062,0.2,0.2,0.2,covered,1.000000000000694
active_hinges,coupling,9,QuadraticCoupling,0.051822610331875754,0.7925378629639872,0.08000000000019429,0.08000000000023592,0.08000000000021511,0.08,0.08,0.08,covered,1.000000000002949
active_hinges,coupling,10,QuadraticCoupling,0.7925378629639872,0.8503891856001667,0.1399999999999792,0.1399999999999792,0.1399999999999792,0.14,0.14,0.14,covered,0.9999999999998513
active_hinges,coupling,11,DirectedHingeCoupling,0.6083865483089214,0.9517818025052434,0.6999999999997224,0.6999999999997224,0.6999999999997224,0.7,0.7,0.7,covered,0.9999999999996035
active_hinges,coupling,12,AsymmetricHingeCoupling,0.1145748837261721,0.8774504697002402,0.3839999999978684,0.863999999998801,0.5759999999966138,0.38400000000000006,0.864,0.576,covered,0.9999999999986122
active_hinges,coupling,13,DirectedHingeCoupling,0.25678453079556646,0.07365337057412447,0.0,0.0,0.0,0.0,0.0,0.0,covered,0.0
active_hinges,coupling,14,AsymmetricHingeCoupling,0.8082387337423239,0.4580908260135179,0.0,0.0,0.0,0.0,0.0,0.0,covered,0.0
active_hinges,coupling,15,DirectedHingeCoupling,0.6344656841130417,0.051822610331875754,0.0,0.0,0.0,0.0,0.0,0.0,covered,0.0
active_hinges,coupling,16,AsymmetricHingeCoupling,0.7925378629639872,0.8503891856001667,0.3839999999994671,0.8640000000043521,0.5760000000019762,0.38400000000000006,0.864,0.576,covered,1.000000000005037
active_hinges,module,0,QuadraticWell,0.28163375044781336,,7.999999999955591,,,8.0,,,covered,0.9999999999944489
active_hinges,module,1,QuadraticWell,0.1479296144487454,,1.6555065597706573,,,1.6555065597696212,,,covered,1.0000000000006257
active_hinges,module,2,QuadraticWell,0.3010424634119346,,3.10881256354183,,,3.1088125635418384,,,covered,0.9999999999999973
active_hinges,module,3,QuadraticWell,0.0832640642597496,,4.26016435775721,,,4.260164357759851,,,covered,0.9999999999993802
active_hinges,module,4,QuadraticWell,0.18642796935283323,,0.46946545533091644,,,0.46946545533085315,,,covered,1.0000000000001348
active_hinges,module,5,QuadraticWell,0.866134806863202,,0.3425877461800723,,,0.34258774618003096,,,covered,1.0000000000001208
active_hinges,module,6,QuadraticWell,0.41448415746245915,,0.6433324490067399,,,0.6433324490047159,,,covered,1.0000000000031462
active_hinges,module,7,QuadraticWell,0.7471609061318712,,1.2080894444043724,,,1.2080894444044474,,,covered,0.9999999999999378
active_hinges,module,8,QuadraticWell,0.5870700268502448,,0.25,,,0.25,,,covered,1.0
active_hinges,module,9,QuadraticWell,0.5490591345683391,,2.2686250443908755,,,2.268625044390925,,,covered,0.9999999999999782
active_hinges,module,10,QuadraticWell,0.6024235505820907,,5.8379204227287165,,,5.8379204227257855,,,covered,1.000000000000502
active_hinges,module,11,QuadraticWell,0.2585115139935402,,0.8815912549952686,,,0.8815912549960212,,,covered,0.9999999999991462
active_hinges,coupling,0,QuadraticCoupling,0.28163375044781336,0.1479296144487454,0.08000000000005204,0.08000000000005204,0.08000000000005204,0.08,0.08,0.08,covered,1.0000000000006506
active_hinges,coupling,1,QuadraticCoupling,0.1479296144487454,0.3010424634119346,0.13999999999989593,0.13999999999989593,0.13999999999989593,0.14,0.14,0.14,covered,0.9999999999992566
active_hinges,coupling,2,QuadraticCoupling,0.3010424634119346,0.0832640642597496,0.2,0.19999999999993062,0.19999999999996532,0.2,0.2,0.2,covered,1.0
active_hinges,coupling,3,QuadraticCoupling,0.0832640642597496,0.18642796935283323,0.0799999999999896,0.07999999999996531,0.07999999999997745,0.08,0.08,0.08,covered,0.9999999999998699
active_hinges,coupling,4,QuadraticCoupling,0.18642796935283323,0.866134806863202,0.14000000000041635,0.13999999999980572,0.14000000000011104,0.14,0.14,0.14,covered,1.0000000000029738
active_hinges,coupling,5,QuadraticCoupling,0.866134806863202,0.41448415746245915,0.19999999999972246,0.2,0.19999999999986123,0.2,0.2,0.2,covered,1.0
active_hinges,coupling,6,QuadraticCoupling,0.41448415746245915,0.7471609061318712,0.07999999999996531,0.08000000000006245,0.08000000000001388,0.08,0.08,0.08,covered,1.0000000000007807
active_hinges,coupling,7,QuadraticCoupling,0.7471609061318712,0.5870700268502448,0.1399999999999792,0.1399999999999792,0.1399999999999792,0.14,0.14,0.14,covered,0.9999999999998513
active_hinges,coupling,8,QuadraticCoupling,0.5870700268502448,0.5490591345683391,0.19999999999998266,0.19999999999998266,0.19999999999998266,0.2,0.2,0.2,covered,0.9999999999999133
active_hinges,coupling,9,QuadraticCoupling,0.5490591345683391,0.6024235505820907,0.08000000000001908,0.08000000000001908,0.08000000000001908,0.08,0.08,0.08,covered,1.0000000000002385
active_hinges,coupling,10,QuadraticCoupling,0.6024235505820907,0.2585115139935402,0.14000000000015267,0.1400000000000694,0.14000000000011104,0.14,0.14,0.14,covered,1.0000000000010905
active_hinges,coupling,11,DirectedHingeCoupling,0.28163375044781336,0.1479296144487454,0.0,0.0,0.0,0.0,0.0,0.0,covered,0.0
active_hinges,coupling,12,AsymmetricHingeCoupling,0.3010424634119346,0.0832640642597496,0.0,0.0,0.0,0.0,0.0,0.0,covered,0.0
active_hinges,coupling,13,DirectedHingeCoupling,0.18642796935283323,0.866134806863202,0.7000000000055511,0.6999999999983346,0.7000000000019428,0.7,0.7,0.7,covered,1.00000000000793
active_hinges,coupling,14,AsymmetricHingeCoupling,0.41448415746245915,0.7471609061318712,0.38400000000011103,0.863999999998801,0.5760000000017652,0.38400000000000006,0.864,0.576,covered,1.0000000000030647
active_hinges,coupling,15,DirectedHingeCoupling,0.5870700268502448,0.5490591345683391,0.0,0.0,0.0,0.0,0.0,0.0,covered,0.0
active_hinges,coupling,16,AsymmetricHingeCoupling,0.6024235505820907,0.2585115139935402,0.0,0.0,0.0,0.0,0.0,0.0,covered,0.0
active_hinges,module,0,QuadraticWell,0.977747137371369,,8.0,,,8.0,,,covered,1.0
active_hinges,module,1,QuadraticWell,0.44936549410238746,,1.6555065597706573,,,1.6555065597696212,,,covered,1.0000000000006257
active_hinges,module,2,QuadraticWell,0.8527939624909412,,3.108812563548939,,,3.1088125635418384,,,covered,1.000000000002284
active_hinges,module,3,QuadraticWell,0.18534698506559344,,4.260164357759624,,,4.260164357759851,,,covered,0.9999999999999468
active_hinges,module,4,QuadraticWell,0.3953003704242883,,0.46946545533091644,,,0.46946545533085315,,,covered,1.0000000000001348
active_hinges,module,5,QuadraticWell,0.8984066145728753,,0.3425877461800723,,,0.34258774618003096,,,covered,1.0000000000001208
active_hinges,module,6,QuadraticWell,0.12539545014564224,,0.6433324490011888,,,0.6433324490047159,,,covered,0.9999999999945175
active_hinges,module,7,QuadraticWell,0.34784179581280333,,1.2080894444032173,,,1.2080894444044474,,,covered,0.9999999999989817
active_hinges,module,8,QuadraticWell,0.25198496132951437,,0.25,,,0.25,,,covered,1.0
active_hinges,module,9,QuadraticWell,0.4733985738828084,,2.2686250443900784,,,2.268625044390925,,,covered,0.9999999999996269
active_hinges,module,10,QuadraticWell,0.7895834162801009,,5.8379204227287165,,,5.8379204227257855,,,covered,1.000000000000502
active_hinges,module,11,QuadraticWell,0.6869793221085672,,0.881591254995999,,,0.8815912549960212,,,covered,0.9999999999999748
active_hinges,coupling,0,QuadraticCoupling,0.977747137371369,0.44936549410238746,0.08000000000023592,0.07999999999979183,0.08000000000001388,0.08,0.08,0.08,covered,1.000000000002949
active_hinges,coupling,1,QuadraticCoupling,0.44936549410238746,0.8527939624909412,0.1400000000000694,0.13999999999980572,0.13999999999993756,0.14,0.14,0.14,covered,1.0000000000004956
active_hinges,coupling,2,QuadraticCoupling,0.8527939624909412,0.18534698506559344,0.19999999999972246,0.2000000000013878,0.20000000000055512,0.2,0.2,0.2,covered,1.000000000006939
active_hinges,coupling,3,QuadraticCoupling,0.18534698506559344,0.3953003704242883,0.07999999999996531,0.07999999999996531,0.07999999999996531,0.08,0.08,0.08,covered,0.9999999999995663
active_hinges,coupling,4,QuadraticCoupling,0.3953003704242883,0.8984066145728753,0.13999999999972246,0.13999999999980572,0.1399999999997641,0.14,0.14,0.14,covered,0.9999999999986122
active_hinges,coupling,5,QuadraticCoupling,0.8984066145728753,0.12539545014564224,0.19999999999972246,0.2000000000013878,0.20000000000055512,0.2,0.2,0.2,covered,1.000000000006939
active_hinges,coupling,6,QuadraticCoupling,0.12539545014564224,0.34784179581280333,0.08000000000013878,0.08000000000013878,0.08000000000013878,0.08,0.08,0.08,covered,1.0000000000017346
active_hinges,coupling,7,QuadraticCoupling,0.34784179581280333,0.25198496132951437,0.13999999999998267,0.13999999999998267,0.13999999999998267,0.14,0.14,0.14,covered,0.9999999999998761
active_hinges,coupling,8,QuadraticCoupling,0.25198496132951437,0.4733985738828084,0.2,0.2,0.2,0.2,0.2,0.2,covered,1.0
active_hinges,coupling,9,QuadraticCoupling,0.4733985738828084,0.7895834162801009,0.07999999999996531,0.07999999999988898,0.07999999999992714,0.08,0.08,0.08,covered,0.9999999999995663
active_hinges,coupling,10,QuadraticCoupling,0.7895834162801009,0.6869793221085672,0.1399999999999792,0.1399999999999792,0.1399999999999792,0.14,0.14,0.14,covered,0.9999999999998513
active_hinges,coupling,11,DirectedHingeCoupling,0.977747137371369,0.44936549410238746,0.0,0.0,0.0,0.0,0.0,0.0,covered,0.0
active_hinges,coupling,12,AsymmetricHingeCoupling,0.8527939624909412,0.18534698506559344,0.0,0.0,0.0,0.0,0.0,0.0,covered,0.0
active_hinges,coupling,13,DirectedHingeCoupling,0.3953003704242883,0.8984066145728753,0.7,0.7000000000011102,0.7000000000005551,0.7,0.7,0.7,covered,1.000000000001586
active_hinges,coupling,14,AsymmetricHingeCoupling,0.12539545014564224,0.34784179581280333,0.38400000000011103,0.8640000000009437,0.5759999999994726,0.38400000000000006,0.864,0.576,covered,1.0000000000010922
active_hinges,coupling,15,DirectedHingeCoupling,0.25198496132951437,0.4733985738828084,0.7,0.7,0.7,0.7,0.7,0.7,covered,1.0
active_hinges,coupling,16,AsymmetricHingeCoupling,0.7895834162801009,0.6869793221085672,0.3839999999994671,0.8640000000015765,0.5759999999998945,0.38400000000000006,0.864,0.576,covered,1.0000000000018248
