scenario,component_type,component_index,component_name,eta_i,eta_j,observed_diag_i,observed_diag_j,observed_offdiag,reported_diag_i,reported_diag_j,reported_offdiag,status,maximum_underestimate_ratio
quadratic_chain,module,0,QuadraticWell,0.940063788177018,,0.25,,,0.25,,,covered,1.0
quadratic_chain,module,1,QuadraticWell,0.872006481804008,,0.34258774617989884,,,0.34258774618003096,,,covered,0.9999999999996143
quadratic_chain,module,2,QuadraticWell,0.5356742585986218,,0.46946545533074696,,,0.46946545533085315,,,covered,0.9999999999997738
quadratic_chain,module,3,QuadraticWell,0.9155955505420955,,0.6433324490047599,,,0.6433324490047159,,,covered,1.0000000000000686
quadratic_chain,module,4,QuadraticWell,0.22158829812410974,,0.8815912549966564,,,0.8815912549960212,,,covered,1.0000000000007205
quadratic_chain,module,5,QuadraticWell,0.9795121133889388,,1.2080894444043724,,,1.2080894444044474,,,covered,0.9999999999999378
quadratic_chain,module,6,QuadraticWell,0.6941196446052222,,1.6555065597701326,,,1.6555065597696212,,,covered,1.0000000000003089
quadratic_chain,module,7,QuadraticWell,0.4265747635077827,,2.268625044385915,,,2.268625044390925,,,covered,0.9999999999977918
quadratic_chain,module,8,QuadraticWell,0.6579368097581262,,3.108812563548939,,,3.1088125635418384,,,covered,1.000000000002284
quadratic_chain,module,9,QuadraticWell,0.07262513350585165,,4.260164357751659,,,4.260164357759851,,,covered,0.9999999999980771
quadratic_chain,module,10,QuadraticWell,0.8679598261006072,,5.8379204227287165,,,5.8379204227257855,,,covered,1.000000000000502
quadratic_chain,module,11,QuadraticWell,0.8241305865119027,,8.0,,,8.0,,,covered,1.0
quadratic_chain,coupling,0,QuadraticCoupling,0.940063788177018,0.872006481804008,0.2999999999999306,0.2999999999999306,0.2999999999999306,0.3,0.3,0.3,covered,0.9999999999997687
quadratic_chain,coupling,1,QuadraticCoupling,0.872006481804008,0.5356742585986218,0.3600000000001943,0.3600000000001943,0.3600000000001943,0.36,0.36,0.36,covered,1.0000000000005398
quadratic_chain,coupling,2,QuadraticCoupling,0.5356742585986218,0.9155955505420955,0.420000000000111,0.420000000000111,0.420000000000111,0.42,0.42,0.42,covered,1.0000000000002642
quadratic_chain,coupling,3,QuadraticCoupling,0.9155955505420955,0.22158829812410974,0.30000000000027754,0.2999999999986122,0.2999999999994449,0.3,0.3,0.3,covered,1.0000000000009253
quadratic_chain,coupling,4,QuadraticCoupling,0.22158829812410974,0.9795121133889388,0.3600000000016653,0.36000000000088817,0.36000000000127674,0.36,0.36,0.36,covered,1.0000000000046259
quadratic_chain,coupling,5,QuadraticCoupling,0.9795121133889388,0.6941196446052222,0.420000000000111,0.420000000000111,0.420000000000111,0.42,0.42,0.42,covered,1.0000000000002642
quadratic_chain,coupling,6,QuadraticCoupling,0.6941196446052222,0.4265747635077827,0.30000000000027754,0.3,0.30000000000013877,0.3,0.3,0.3,covered,1.0000000000009253
quadratic_chain,coupling,7,QuadraticCoupling,0.4265747635077827,0.6579368097581262,0.35999999999958365,0.3600000000001943,0.35999999999988896,0.36,0.36,0.36,covered,1.0000000000005398
quadratic_chain,coupling,8,QuadraticCoupling,0.6579368097581262,0.07262513350585165,0.41999999999872323,0.4199999999969746,0.4199999999978489,0.42,0.42,0.42,covered,0.9999999999969601
quadratic_chain,coupling,9,QuadraticCoupling,0.07262513350585165,0.8679598261006072,0.29999999999902854,0.30000000000027754,0.29999999999965304,0.3,0.3,0.3,covered,1.0000000000009253
quadratic_chain,coupling,10,QuadraticCoupling,0.8679598261006072,0.8241305865119027,0.3600000000000208,0.3600000000000208,0.3600000000000208,0.36,0.36,0.36,covered,1.0000000000000577
quadratic_chain,module,0,QuadraticWell,0.9398571021401256,,0.25,,,0.25,,,covered,1.0
quadratic_chain,module,1,QuadraticWell,0.9471741029130033,,0.3425877461800723,,,0.34258774618003096,,,covered,1.0000000000001208
quadratic_chain,module,2,QuadraticWell,0.22363428779863015,,0.4694654553305695,,,0.46946545533085315,,,covered,0.9999999999993958
quadratic_chain,module,3,QuadraticWell,0.15470372909291344,,0.6433324490046582,,,0.6433324490047159,,,covered,0.9999999999999104
quadratic_chain,module,4,QuadraticWell,0.6083386870035253,,0.881591254995999,,,0.8815912549960212,,,covered,0.9999999999999748
quadratic_chain,module,5,QuadraticWell,0.5705050385480827,,1.2080894444045458,,,1.2080894444044474,,,covered,1.0000000000000815
quadratic_chain,module,6,QuadraticWell,0.9576098645983804,,1.6555065597701326,,,1.6555065597696212,,,covered,1.0000000000003089
quadratic_chain,module,7,QuadraticWell,0.8594966487290989,,2.2686250443915696,,,2.268625044390925,,,covered,1.0000000000002842
quadratic_chain,module,8,QuadraticWell,0.058275672404120696,,3.1088125635393897,,,3.1088125635418384,,,covered,0.9999999999992123
quadratic_chain,module,9,QuadraticWell,0.5953321859492389,,4.260164357759681,,,4.260164357759851,,,covered,0.9999999999999601
quadratic_chain,module,10,QuadraticWell,0.4592514267968459,,5.837920422725452,,,5.8379204227257855,,,covered,0.9999999999999429
quadratic_chain,module,11,QuadraticWell,0.48960049507748754,,8.0,,,8.0,,,covered,1.0
quadratic_chain,coupling,0,QuadraticCoupling,0.9398571021401256,0.9471741029130033,0.29999999999999566,0.29999999999999566,0.29999999999999566,0.3,0.3,0.3,covered,0.9999999999999856
quadratic_chain,coupling,1,QuadraticCoupling,0.9471741029130033,0.22363428779863015,0.36000000000088817,0.35999999999888976,0.35999999999988896,0.36,0.36,0.36,covered,1.0000000000024671
quadratic_chain,coupling,2,QuadraticCoupling,0.22363428779863015,0.15470372909291344,0.4200000000000347,0.4200000000000347,0.4200000000000347,0.42,0.42,0.42,covered,1.0000000000000826
quadratic_chain,coupling,3,QuadraticCoupling,0.15470372909291344,0.6083386870035253,0.3,0.30000000000027754,0.30000000000013877,0.3,0.3,0.3,covered,1.0000000000009253
quadratic_chain,coupling,4,QuadraticCoupling,0.6083386870035253,0.5705050385480827,0.3599999999999341,0.3599999999999341,0.3599999999999341,0.36,0.36,0.36,covered,0.9999999999998169
quadratic_chain,coupling,5,QuadraticCoupling,0.5705050385480827,0.9576098645983804,0.420000000000111,0.420000000000111,0.420000000000111,0.42,0.42,0.42,covered,1.0000000000002642
quadratic_chain,coupling,6,QuadraticCoupling,0.9576098645983804,0.8594966487290989,0.2999999999999306,0.2999999999999306,0.2999999999999306,0.3,0.3,0.3,covered,0.9999999999997687
quadratic_chain,coupling,7,QuadraticCoupling,0.8594966487290989,0.058275672404120696,0.3599999999981126,0.35999999999913956,0.3599999999986261,0.36,0.36,0.36,covered,0.9999999999976099
quadratic_chain,coupling,8,QuadraticCoupling,0.058275672404120696,0.5953321859492389,0.42000000000084653,0.420000000000111,0.42000000000047877,0.42,0.42,0.42,covered,1.0000000000020155
quadratic_chain,coupling,9,QuadraticCoupling,0.5953321859492389,0.4592514267968459,0.2999999999999306,0.3,0.2999999999999653,0.3,0.3,0.3,covered,1.0
quadratic_chain,coupling,10,QuadraticCoupling,0.4592514267968459,0.48960049507748754,0.3599999999999306,0.3599999999999306,0.3599999999999306,0.36,0.36,0.36,covered,0.9999999999998073
quadratic_chain,module,0,QuadraticWell,0.9224612366499372,,0.25,,,0.25,,,covered,1.0
quadratic_chain,module,1,QuadraticWell,0.8571262225318477,,0.3425877461800723,,,0.34258774618003096,,,covered,1.0000000000001208
quadratic_chain,module,2,QuadraticWell,0.5342472882546769,,0.46946545533074696,,,0.46946545533085315,,,covered,0.9999999999997738
quadratic_chain,module,3,QuadraticWell,0.8989717285204116,,0.6433324490047599,,,0.6433324490047159,,,covered,1.0000000000000686
quadratic_chain,module,4,QuadraticWell,0.23272476619914534,,0.8815912549966564,,,0.8815912549960212,,,covered,1.0000000000007205
quadratic_chain,module,5,QuadraticWell,0.9603316288533813,,1.2080894444043724,,,1.2080894444044474,,,covered,0.9999999999999378
quadratic_chain,module,6,QuadraticWell,0.6863548588210133,,1.6555065597701326,,,1.6555065597696212,,,covered,1.0000000000003089
quadratic_chain,module,7,QuadraticWell,0.4295117729674714,,2.268625044391466,,,2.268625044390925,,,covered,1.0000000000002387
quadratic_chain,module,8,QuadraticWell,0.6516193373678011,,3.108812563548939,,,3.1088125635418384,,,covered,1.000000000002284
quadratic_chain,module,9,QuadraticWell,0.08972012816561759,,4.260164357751659,,,4.260164357759851,,,covered,0.9999999999980771
quadratic_chain,module,10,QuadraticWell,0.8532414330565828,,5.8379204227287165,,,5.8379204227257855,,,covered,1.000000000000502
quadratic_chain,module,11,QuadraticWell,0.8111653630514266,,8.0,,,8.0,,,covered,1.0
quadratic_chain,coupling,0,QuadraticCoupling,0.9224612366499372,0.8571262225318477,0.3000000000001041,0.3000000000001041,0.3000000000001041,0.3,0.3,0.3,covered,1.000000000000347
quadratic_chain,coupling,1,QuadraticCoupling,0.8571262225318477,0.5342472882546769,0.3599999999995004,0.3599999999995004,0.3599999999995004,0.36,0.36,0.36,covered,0.9999999999986122
quadratic_chain,coupling,2,QuadraticCoupling,0.5342472882546769,0.8989717285204116,0.41999999999872323,0.41999999999872323,0.41999999999872323,0.42,0.42,0.42,covered,0.9999999999969601
quadratic_chain,coupling,3,QuadraticCoupling,0.8989717285204116,0.23272476619914534,0.30000000000027754,0.3,0.30000000000013877,0.3,0.3,0.3,covered,1.0000000000009253
quadratic_chain,coupling,4,QuadraticCoupling,0.23272476619914534,0.9603316288533813,0.35999999999888976,0.3599999999981126,0.3599999999985012,0.36,0.36,0.36,covered,0.999999999996916
quadratic_chain,coupling,5,QuadraticCoupling,0.9603316288533813,0.6863548588210133,0.420000000000111,0.420000000000111,0.420000000000111,0.42,0.42,0.42,covered,1.0000000000002642
quadratic_chain,coupling,6,QuadraticCoupling,0.6863548588210133,0.4295117729674714,0.29999999999958366,0.3,0.2999999999997918,0.3,0.3,0.3,covered,1.0
quadratic_chain,coupling,7,QuadraticCoupling,0.4295117729674714,0.6516193373678011,0.36000000000027754,0.3599999999995004,0.35999999999988896,0.36,0.36,0.36,covered,1.000000000000771
quadratic_chain,coupling,8,QuadraticCoupling,0.6516193373678011,0.08972012816561759,0.41999999999872323,0.4199999999969746,0.4199999999978489,0.42,0.42,0.42,covered,0.9999999999969601
quadratic_chain,coupling,9,QuadraticCoupling,0.08972012816561759,0.8532414330565828,0.29999999999764076,0.29999999999888977,0.29999999999826527,0.3,0.3,0.3,covered,0.9999999999962993
quadratic_chain,coupling,10,QuadraticCoupling,0.8532414330565828,0.8111653630514266,0.3599999999999341,0.3599999999999341,0.3599999999999341,0.36,0.36,0.36,covered,0.9999999999998169
quadratic_chain,module,0,QuadraticWell,0.34160984821574786,,0.25,,,0.25,,,covered,1.0
quadratic_chain,module,1,QuadraticWell,0.19066309106821128,,0.34258774617955834,,,0.34258774618003096,,,covered,0.9999999999986204
quadratic_chain,module,2,QuadraticWell,0.4296857260761766,,0.4694654553305695,,,0.46946545533085315,,,covered,0.9999999999993958
quadratic_chain,module,3,QuadraticWell,0.483109575145866,,0.6433324490039644,,,0.6433324490047159,,,covered,0.9999999999988318
quadratic_chain,module,4,QuadraticWell,0.14404791436698228,,0.8815912549966564,,,0.8815912549960212,,,covered,1.0000000000007205
quadratic_chain,module,5,QuadraticWell,0.24600688799924483,,1.2080894444032173,,,1.2080894444044474,,,covered,0.9999999999989817
quadratic_chain,module,6,QuadraticWell,0.5944708330443005,,1.6555065597687448,,,1.6555065597696212,,,covered,0.9999999999994706
quadratic_chain,module,7,QuadraticWell,0.7266779532527218,,2.2686250443908755,,,2.268625044390925,,,covered,0.9999999999999782
quadratic_chain,module,8,QuadraticWell,0.630784841995076,,3.108812563548939,,,3.1088125635418384,,,covered,1.000000000002284
quadratic_chain,module,9,QuadraticWell,0.12116615604539557,,4.260164357751659,,,4.260164357759851,,,covered,0.9999999999980771
quadratic_chain,module,10,QuadraticWell,0.025405546689315203,,5.8379204227467945,,,5.8379204227257855,,,covered,1.0000000000035987
quadratic_chain,module,11,QuadraticWell,0.3005251295587762,,8.0,,,8.0,,,covered,1.0
quadratic_chain,coupling,0,QuadraticCoupling,0.34160984821574786,0.19066309106821128,0.3,0.3,0.3,0.3,0.3,0.3,covered,1.0
quadratic_chain,coupling,1,QuadraticCoupling,0.19066309106821128,0.4296857260761766,0.35999999999958365,0.35999999999958365,0.35999999999958365,0.36,0.36,0.36,covered,0.9999999999988435
quadratic_chain,coupling,2,QuadraticCoupling,0.4296857260761766,0.483109575145866,0.4199999999998612,0.4199999999998612,0.4199999999998612,0.42,0.42,0.42,covered,0.9999999999996696
quadratic_chain,coupling,3,QuadraticCoupling,0.483109575145866,0.14404791436698228,0.3,0.3,0.3,0.3,0.3,0.3,covered,1.0
quadratic_chain,coupling,4,QuadraticCoupling,0.14404791436698228,0.24600688799924483,0.36000000000027754,0.36000000000027754,0.36000000000027754,0.36,0.36,0.36,covered,1.000000000000771
quadratic_chain,coupling,5,QuadraticCoupling,0.24600688799924483,0.5944708330443005,0.4200000000005551,0.420000000000111,0.42000000000033305,0.42,0.42,0.42,covered,1.0000000000013216
quadratic_chain,coupling,6,QuadraticCoupling,0.5944708330443005,0.7266779532527218,0.2999999999999306,0.2999999999999306,0.2999999999999306,0.3,0.3,0.3,covered,0.9999999999997687
quadratic_chain,coupling,7,QuadraticCoupling,0.7266779532527218,0.630784841995076,0.3600000000001943,0.3600000000001943,0.3600000000001943,0.36,0.36,0.36,covered,1.0000000000005398
quadratic_chain,coupling,8,QuadraticCoupling,0.630784841995076,0.12116615604539557,0.420000000000111,0.42000000000113796,0.4200000000006245,0.42,0.42,0.42,covered,1.0000000000027094
quadratic_chain,coupling,9,QuadraticCoupling,0.12116615604539557,0.025405546689315203,0.3000000000000694,0.2999999999999653,0.30000000000001736,0.3,0.3,0.3,covered,1.0000000000002314
quadratic_chain,coupling,10,QuadraticCoupling,0.025405546689315203,0.3005251295587762,0.36000000000065224,0.36000000000027754,0.3600000000004649,0.36,0.36,0.36,covered,1.0000000000018119
quadratic_chain,module,0,QuadraticWell,0.07064235988450622,,0.25000000000034694,,,0.25,,,covered,1.0000000000013878
quadratic_chain,module,1,QuadraticWell,0.7714467883261786,,0.34258774617989884,,,0.34258774618003096,,,covered,0.9999999999996143
quadratic_chain,module,2,QuadraticWell,0.5970030803466959,,0.46946545533074696,,,0.46946545533085315,,,covered,0.9999999999997738
quadratic_chain,module,3,QuadraticWell,0.37722531374195156,,0.6433324490046582,,,0.6433324490047159,,,covered,0.9999999999999104
quadratic_chain,module,4,QuadraticWell,0.04318517324283856,,0.8815912549972681,,,0.8815912549960212,,,covered,1.0000000000014144
quadratic_chain,module,5,QuadraticWell,0.731320775524112,,1.2080894444043724,,,1.2080894444044474,,,covered,0.9999999999999378
quadratic_chain,module,6,QuadraticWell,0.8436065399687896,,1.6555065597696124,,,1.6555065597696212,,,covered,0.9999999999999947
quadratic_chain,module,7,QuadraticWell,0.30221173243752925,,2.2686250443970173,,,2.268625044390925,,,covered,1.0000000000026856
quadratic_chain,module,8,QuadraticWell,0.5671390523581762,,3.1088125635378367,,,3.1088125635418384,,,covered,0.9999999999987128
quadratic_chain,module,9,QuadraticWell,0.8397539196577611,,4.260164357758293,,,4.260164357759851,,,covered,0.9999999999996343
quadratic_chain,module,10,QuadraticWell,0.8239106470823793,,5.8379204227287165,,,5.8379204227257855,,,covered,1.000000000000502
quadratic_chain,module,11,QuadraticWell,0.2550469854010255,,8.0,,,8.0,,,covered,1.0
quadratic_chain,coupling,0,QuadraticCoupling,0.07064235988450622,0.7714467883261786,0.3000000000004163,0.30000000000027754,0.30000000000034693,0.3,0.3,0.3,covered,1.0000000000013878
quadratic_chain,coupling,1,QuadraticCoupling,0.7714467883261786,0.5970030803466959,0.3600000000001943,0.3600000000001943,0.3600000000001943,0.36,0.36,0.36,covered,1.0000000000005398
quadratic_chain,coupling,2,QuadraticCoupling,0.5970030803466959,0.37722531374195156,0.420000000000111,0.4199999999998612,0.4199999999999861,0.42,0.42,0.42,covered,1.0000000000002642
quadratic_chain,coupling,3,QuadraticCoupling,0.37722531374195156,0.04318517324283856,0.3,0.30000000000020816,0.3000000000001041,0.3,0.3,0.3,covered,1.000000000000694
quadratic_chain,coupling,4,QuadraticCoupling,0.04318517324283856,0.731320775524112,0.36000000000052734,0.36000000000088817,0.36000000000070775,0.36,0.36,0.36,covered,1.0000000000024671
quadratic_chain,coupling,5,QuadraticCoupling,0.731320775524112,0.8436065399687896,0.420000000000111,0.420000000000111,0.420000000000111,0.42,0.42,0.42,covered,1.0000000000002642
quadratic_chain,coupling,6,QuadraticCoupling,0.8436065399687896,0.30221173243752925,0.29999999999888977,0.3,0.2999999999994449,0.3,0.3,0.3,covered,1.0
quadratic_chain,coupling,7,QuadraticCoupling,0.30221173243752925,0.5671390523581762,0.36000000000027754,0.3600000000001943,0.3600000000002359,0.36,0.36,0.36,covered,1.000000000000771
quadratic_chain,coupling,8,QuadraticCoupling,0.5671390523581762,0.8397539196577611,0.420000000000111,0.420000000000111,0.420000000000111,0.42,0.42,0.42,covered,1.0000000000002642
quadratic_chain,coupling,9,QuadraticCoupling,0.8397539196577611,0.8239106470823793,0.30000000000001736,0.30000000000001736,0.30000000000001736,0.3,0.3,0.3,covered,1.000000000000058
quadratic_chain,coupling,10,QuadraticCoupling,0.8239106470823793,0.2550469854010255,0.36000000000088817,0.36000000000027754,0.36000000000058285,0.36,0.36,0.36,covered,1.0000000000024671
quadratic_chain,module,0,QuadraticWell,0.36998860040037534,,0.25,,,0.25,,,covered,1.0
quadratic_chain,module,1,QuadraticWell,0.15496757552114665,,0.34258774617955834,,,0.34258774618003096,,,covered,0.9999999999986204
quadratic_chain,module,2,QuadraticWell,0.03210550578174463,,0.4694654553298544,,,0.46946545533085315,,,covered,0.9999999999978726
quadratic_chain,module,3,QuadraticWell,0.33109708125044757,,0.6433324490046582,,,0.6433324490047159,,,covered,0.9999999999999104
quadratic_chain,module,4,QuadraticWell,0.6724571742041303,,0.881591254995999,,,0.8815912549960212,,,covered,0.9999999999999748
quadratic_chain,module,5,QuadraticWell,0.12599207409506202,,1.2080894444032173,,,1.2080894444044474,,,covered,0.9999999999989817
quadratic_chain,module,6,QuadraticWell,0.3358357322524862,,1.6555065597706573,,,1.6555065597696212,,,covered,1.0000000000006257
quadratic_chain,module,7,QuadraticWell,0.44267986772150475,,2.268625044391466,,,2.268625044390925,,,covered,1.0000000000002387
quadratic_chain,module,8,QuadraticWell,0.25104176568435077,,3.108812563541396,,,3.1088125635418384,,,covered,0.9999999999998577
quadratic_chain,module,9,QuadraticWell,0.30186072343556924,,4.260164357756849,,,4.260164357759851,,,covered,0.9999999999992953
quadratic_chain,module,10,QuadraticWell,0.5920390413669191,,5.8379204227287165,,,5.8379204227257855,,,covered,1.000000000000502
quadratic_chain,module,11,QuadraticWell,0.18060182472127523,,8.0,,,8.0,,,covered,1.0
quadratic_chain,coupling,0,QuadraticCoupling,0.36998860040037534,0.15496757552114665,0.3,0.3,0.3,0.3,0.3,0.3,covered,1.0
quadratic_chain,coupling,1,QuadraticCoupling,0.15496757552114665,0.03210550578174463,0.3599999999999306,0.35999999999983345,0.359999999999882,0.36,0.36,0.36,covered,0.9999999999998073
quadratic_chain,coupling,2,QuadraticCoupling,0.03210550578174463,0.33109708125044757,0.41999999999945875,0.4199999999991673,0.41999999999931303,0.42,0.42,0.42,covered,0.9999999999987114
quadratic_chain,coupling,3,QuadraticCoupling,0.33109708125044757,0.6724571742041303,0.3,0.29999999999958366,0.2999999999997918,0.3,0.3,0.3,covered,1.0
quadratic_chain,coupling,4,QuadraticCoupling,0.6724571742041303,0.12599207409506202,0.3599999999995004,0.36000000000027754,0.35999999999988896,0.36,0.36,0.36,covered,1.000000000000771
quadratic_chain,coupling,5,QuadraticCoupling,0.12599207409506202,0.3358357322524862,0.4200000000005551,0.4200000000005551,0.4200000000005551,0.42,0.42,0.42,covered,1.0000000000013216
quadratic_chain,coupling,6,QuadraticCoupling,0.3358357322524862,0.44267986772150475,0.3,0.3,0.3,0.3,0.3,0.3,covered,1.0
quadratic_chain,coupling,7,QuadraticCoupling,0.44267986772150475,0.25104176568435077,0.35999999999958365,0.35999999999958365,0.35999999999958365,0.36,0.36,0.36,covered,0.9999999999988435
quadratic_chain,coupling,8,QuadraticCoupling,0.25104176568435077,0.30186072343556924,0.4199999999998612,0.4199999999998612,0.4199999999998612,0.42,0.42,0.42,covered,0.9999999999996696
quadratic_chain,coupling,9,QuadraticCoupling,0.30186072343556924,0.5920390413669191,0.3,0.29999999999958366,0.2999999999997918,0.3,0.3,0.3,covered,1.0
quadratic_chain,coupling,10,QuadraticCoupling,0.5920390413669191,0.18060182472127523,0.36000000000088817,0.35999999999888976,0.35999999999988896,0.36,0.36,0.36,covered,1.0000000000024671
quadratic_chain,module,0,QuadraticWell,0.8552030129445399,,0.25,,,0.25,,,covered,1.0
quadratic_chain,module,1,QuadraticWell,0.7923267417273703,,0.34258774617998555,,,0.34258774618003096,,,covered,0.9999999999998674
quadratic_chain,module,2,QuadraticWell,0.25868673072594767,,0.46946545533091644,,,0.46946545533085315,,,covered,1.0000000000001348
quadratic_chain,module,3,QuadraticWell,0.4951694877240097,,0.6433324490039644,,,0.6433324490047159,,,covered,0.9999999999988318
quadratic_chain,module,4,QuadraticWell,0.6366416595671306,,0.881591254995999,,,0.8815912549960212,,,covered,0.9999999999999748
quadratic_chain,module,5,QuadraticWell,0.6595141657205349,,1.2080894444043724,,,1.2080894444044474,,,covered,0.9999999999999378
quadratic_chain,module,6,QuadraticWell,0.1281179662165055,,1.6555065597706573,,,1.6555065597696212,,,covered,1.0000000000006257
quadratic_chain,module,7,QuadraticWell,0.7261874938593624,,2.2686250443908755,,,2.268625044390925,,,covered,0.9999999999999782
quadratic_chain,module,8,QuadraticWell,0.8627892161410932,,3.1088125635267345,,,3.1088125635418384,,,covered,0.9999999999951416
quadratic_chain,module,9,QuadraticWell,0.5331024504480808,,4.260164357759681,,,4.260164357759851,,,covered,0.9999999999999601
quadratic_chain,module,10,QuadraticWell,0.8281217685309107,,5.8379204227287165,,,5.8379204227257855,,,covered,1.000000000000502
quadratic_chain,module,11,QuadraticWell,0.9624943187573874,,8.0,,,8.0,,,covered,1.0
quadratic_chain,coupling,0,QuadraticCoupling,0.8552030129445399,0.7923267417273703,0.3000000000001041,0.3000000000001041,0.3000000000001041,0.3,0.3,0.3,covered,1.000000000000347
quadratic_chain,coupling,1,QuadraticCoupling,0.7923267417273703,0.25868673072594767,0.36000000000088817,0.36000000000027754,0.36000000000058285,0.36,0.36,0.36,covered,1.0000000000024671
quadratic_chain,coupling,2,QuadraticCoupling,0.25868673072594767,0.4951694877240097,0.4199999999998612,0.4199999999998612,0.4199999999998612,0.42,0.42,0.42,covered,0.9999999999996696
quadratic_chain,coupling,3,QuadraticCoupling,0.4951694877240097,0.6366416595671306,0.3,0.2999999999999306,0.2999999999999653,0.3,0.3,0.3,covered,1.0
quadratic_chain,coupling,4,QuadraticCoupling,0.6366416595671306,0.6595141657205349,0.3600000000000208,0.3600000000000208,0.3600000000000208,0.36,0.36,0.36,covered,1.0000000000000577
quadratic_chain,coupling,5,QuadraticCoupling,0.6595141657205349,0.1281179662165055,0.420000000000111,0.41999999999777954,0.4199999999989453,0.42,0.42,0.42,covered,1.0000000000002642
quadratic_chain,coupling,6,QuadraticCoupling,0.1281179662165055,0.7261874938593624,0.30000000000138777,0.30000000000027754,0.30000000000083266,0.3,0.3,0.3,covered,1.0000000000046259
quadratic_chain,coupling,7,QuadraticCoupling,0.7261874938593624,0.8627892161410932,0.3600000000001943,0.3600000000001943,0.3600000000001943,0.36,0.36,0.36,covered,1.0000000000005398
quadratic_chain,coupling,8,QuadraticCoupling,0.8627892161410932,0.5331024504480808,0.420000000000111,0.420000000000111,0.420000000000111,0.42,0.42,0.42,covered,1.0000000000002642
quadratic_chain,coupling,9,QuadraticCoupling,0.5331024504480808,0.8281217685309107,0.30000000000027754,0.30000000000027754,0.30000000000027754,0.3,0.3,0.3,covered,1.0000000000009253
quadratic_chain,coupling,10,QuadraticCoupling,0.8281217685309107,0.9624943187573874,0.35999999999984733,0.35999999999984733,0.35999999999984733,0.36,0.36,0.36,covered,0.999999999999576
quadratic_chain,module,0,QuadraticWell,0.3805214568983474,,0.25,,,0.25,,,covered,1.0
quadratic_chain,module,1,QuadraticWell,0.7369855953545984,,0.3425877461800723,,,0.34258774618003096,,,covered,1.0000000000001208
quadratic_chain,module,2,QuadraticWell,0.7392103736073835,,0.46946545533074696,,,0.46946545533085315,,,covered,0.9999999999997738
quadratic_chain,module,3,QuadraticWell,0.7269127922982315,,0.6433324490047599,,,0.6433324490047159,,,covered,1.0000000000000686
quadratic_chain,module,4,QuadraticWell,0.07473751878048414,,0.8815912549978798,,,0.8815912549960212,,,covered,1.0000000000021083
quadratic_chain,module,5,QuadraticWell,0.858805053240962,,1.2080894444043724,,,1.2080894444044474,,,covered,0.9999999999999378
quadratic_chain,module,6,QuadraticWell,0.5483139994716928,,1.6555065597687448,,,1.6555065597696212,,,covered,0.9999999999994706
quadratic_chain,module,7,QuadraticWell,0.22835772271180316,,2.268625044385915,,,2.268625044390925,,,covered,0.9999999999977918
quadratic_chain,module,8,QuadraticWell,0.940766390102131,,3.1088125635267345,,,3.1088125635418384,,,covered,0.9999999999951416
quadratic_chain,module,9,QuadraticWell,0.023357514778233543,,4.260164357772385,,,4.260164357759851,,,covered,1.000000000002942
quadratic_chain,module,10,QuadraticWell,0.3815848852695231,,5.837920422729616,,,5.8379204227257855,,,covered,1.0000000000006561
quadratic_chain,module,11,QuadraticWell,0.3491298943888455,,8.0,,,8.0,,,covered,1.0
quadratic_chain,coupling,0,QuadraticCoupling,0.3805214568983474,0.7369855953545984,0.3,0.29999999999958366,0.2999999999997918,0.3,0.3,0.3,covered,1.0
quadratic_chain,coupling,1,QuadraticCoupling,0.7369855953545984,0.7392103736073835,0.35999999999999915,0.35999999999999915,0.35999999999999915,0.36,0.36,0.36,covered,0.9999999999999977
quadratic_chain,coupling,2,QuadraticCoupling,0.7392103736073835,0.7269127922982315,0.4200000000000243,0.4200000000000243,0.4200000000000243,0.42,0.42,0.42,covered,1.000000000000058
quadratic_chain,coupling,3,QuadraticCoupling,0.7269127922982315,0.07473751878048414,0.29999999999888977,0.3000000000004163,0.29999999999965304,0.3,0.3,0.3,covered,1.0000000000013878
quadratic_chain,coupling,4,QuadraticCoupling,0.07473751878048414,0.858805053240962,0.35999999999938936,0.3599999999981126,0.359999999998751,0.36,0.36,0.36,covered,0.9999999999983038
quadratic_chain,coupling,5,QuadraticCoupling,0.858805053240962,0.5483139994716928,0.420000000000111,0.420000000000111,0.420000000000111,0.42,0.42,0.42,covered,1.0000000000002642
quadratic_chain,coupling,6,QuadraticCoupling,0.5483139994716928,0.22835772271180316,0.30000000000027754,0.3,0.30000000000013877,0.3,0.3,0.3,covered,1.0000000000009253
quadratic_chain,coupling,7,QuadraticCoupling,0.22835772271180316,0.940766390102131,0.3600000000016653,0.36000000000088817,0.36000000000127674,0.36,0.36,0.36,covered,1.0000000000046259
quadratic_chain,coupling,8,QuadraticCoupling,0.940766390102131,0.023357514778233543,0.420000000000111,0.42000000000099225,0.4200000000005516,0.42,0.42,0.42,covered,1.0000000000023626
quadratic_chain,coupling,9,QuadraticCoupling,0.023357514778233543,0.3815848852695231,0.30000000000031224,0.3,0.30000000000015614,0.3,0.3,0.3,covered,1.000000000001041
quadratic_chain,coupling,10,QuadraticCoupling,0.3815848852695231,0.3491298943888455,0.36000000000001736,0.36000000000001736,0.36000000000001736,0.36,0.36,0.36,covered,1.0000000000000482
mixed_gate_chain,module,0,QuadraticWell,0.940063788177018,,0.25,,,0.25,,,covered,1.0
mixed_gate_chain,module,1,QuadraticWell,0.872006481804008,,0.34258774617989884,,,0.34258774618003096,,,covered,0.9999999999996143
mixed_gate_chain,module,2,QuadraticWell,0.5356742585986218,,0.46946545533074696,,,0.46946545533085315,,,covered,0.9999999999997738
mixed_gate_chain,module,3,QuadraticWell,0.9155955505420955,,0.6433324490047599,,,0.6433324490047159,,,covered,1.0000000000000686
mixed_gate_chain,module,4,QuadraticWell,0.22158829812410974,,0.8815912549966564,,,0.8815912549960212,,,covered,1.0000000000007205
mixed_gate_chain,module,5,QuadraticWell,0.9795121133889388,,1.2080894444043724,,,1.2080894444044474,,,covered,0.9999999999999378
mixed_gate_chain,module,6,QuadraticWell,0.6941196446052222,,1.6555065597701326,,,1.6555065597696212,,,covered,1.0000000000003089
mixed_gate_chain,module,7,QuadraticWell,0.4265747635077827,,2.268625044385915,,,2.268625044390925,,,covered,0.9999999999977918
mixed_gate_chain,module,8,QuadraticWell,0.6579368097581262,,3.108812563548939,,,3.1088125635418384,,,covered,1.000000000002284
mixed_gate_chain,module,9,QuadraticWell,0.07262513350585165,,4.260164357751659,,,4.260164357759851,,,covered,0.9999999999980771
mixed_gate_chain,module,10,QuadraticWell,0.8679598261006072,,5.8379204227287165,,,5.8379204227257855,,,covered,1.000000000000502
mixed_gate_chain,module,11,QuadraticWell,0.8241305865119027,,8.0,,,8.0,,,covered,1.0
mixed_gate_chain,coupling,0,QuadraticCoupling,0.940063788177018,0.872006481804008,0.2999999999999306,0.2999999999999306,0.2999999999999306,0.3,0.3,0.3,covered,0.9999999999997687
mixed_gate_chain,coupling,1,QuadraticCoupling,0.872006481804008,0.5356742585986218,0.3600000000001943,0.3600000000001943,0.3600000000001943,0.36,0.36,0.36,covered,1.0000000000005398
mixed_gate_chain,coupling,2,QuadraticCoupling,0.5356742585986218,0.9155955505420955,0.420000000000111,0.420000000000111,0.420000000000111,0.42,0.42,0.42,covered,1.0000000000002642
mixed_gate_chain,coupling,3,QuadraticCoupling,0.9155955505420955,0.22158829812410974,0.30000000000027754,0.2999999999986122,0.2999999999994449,0.3,0.3,0.3,covered,1.0000000000009253
mixed_gate_chain,coupling,4,QuadraticCoupling,0.22158829812410974,0.9795121133889388,0.3600000000016653,0.36000000000088817,0.36000000000127674,0.36,0.36,0.36,covered,1.0000000000046259
mixed_gate_chain,coupling,5,QuadraticCoupling,0.9795121133889388,0.6941196446052222,0.420000000000111,0.420000000000111,0.420000000000111,0.42,0.42,0.42,covered,1.0000000000002642
mixed_gate_chain,coupling,6,QuadraticCoupling,0.6941196446052222,0.4265747635077827,0.30000000000027754,0.3,0.30000000000013877,0.3,0.3,0.3,covered,1.0000000000009253
mixed_gate_chain,coupling,7,QuadraticCoupling,0.4265747635077827,0.6579368097581262,0.35999999999958365,0.3600000000001943,0.35999999999988896,0.36,0.36,0.36,covered,1.0000000000005398
mixed_gate_chain,coupling,8,QuadraticCoupling,0.6579368097581262,0.07262513350585165,0.41999999999872323,0.4199999999969746,0.4199999999978489,0.42,0.42,0.42,covered,0.9999999999969601
mixed_gate_chain,coupling,9,QuadraticCoupling,0.07262513350585165,0.8679598261006072,0.29999999999902854,0.30000000000027754,0.29999999999965304,0.3,0.3,0.3,covered,1.0000000000009253
mixed_gate_chain,coupling,10,QuadraticCoupling,0.8679598261006072,0.8241305865119027,0.3600000000000208,0.3600000000000208,0.3600000000000208,0.36,0.36,0.36,covered,1.0000000000000577
mixed_gate_chain,coupling,11,GateBenefitCoupling,0.940063788177018,0.872006481804008,0.0,0.0,0.0,0.0,0.0,0.0,covered,0.0
mixed_gate_chain,coupling,12,GateBenefitCoupling,0.5356742585986218,0.9155955505420955,0.0,0.0,0.0,0.0,0.0,0.0,covered,0.0
mixed_gate_chain,coupling,13,GateBenefitCoupling,0.22158829812410974,0.9795121133889388,0.0,0.0,0.0,0.0,0.0,0.0,covered,0.0
mixed_gate_chain,coupling,14,GateBenefitCoupling,0.6941196446052222,0.4265747635077827,0.0,0.0,0.0,0.0,0.0,0.0,covered,0.0
mixed_gate_chain,coupling,15,GateBenefitCoupling,0.6579368097581262,0.07262513350585165,0.0,0.0,0.0,0.0,0.0,0.0,covered,0.0
mixed_gate_chain,coupling,16,GateBenefitCoupling,0.8679598261006072,0.8241305865119027,0.0,0.0,0.0,0.0,0.0,0.0,covered,0.0
mixed_gate_chain,module,0,QuadraticWell,0.34929571388751535,,0.25,,,0.25,,,covered,1.0
mixed_gate_chain,module,1,QuadraticWell,0.20767583301410913,,0.34258774617955834,,,0.34258774618003096,,,covered,0.9999999999986204
mixed_gate_chain,module,2,QuadraticWell,0.12515534065414555,,0.46946545533091644,,,0.46946545533085315,,,covered,1.0000000000001348
mixed_gate_chain,module,3,QuadraticWell,0.9218622234899498,,0.6433324490047599,,,0.6433324490047159,,,covered,1.0000000000000686
mixed_gate_chain,module,4,QuadraticWell,0.45166750880213974,,0.8815912549966564,,,0.8815912549960212,,,covered,1.0000000000007205
mixed_gate_chain,module,5,QuadraticWell,0.05995054985004028,,1.2080894444040555,,,1.2080894444044474,,,covered,0.9999999999996756
mixed_gate_chain,module,6,QuadraticWell,0.32409825802809017,,1.6555065597651062,,,1.6555065597696212,,,covered,0.9999999999972727
mixed_gate_chain,module,7,QuadraticWell,0.8377456292598763,,2.2686250443915696,,,2.268625044390925,,,covered,1.0000000000002842
mixed_gate_chain,module,8,QuadraticWell,0.5147869817936623,,3.108812563548939,,,3.1088125635418384,,,covered,1.000000000002284
mixed_gate_chain,module,9,QuadraticWell,0.3155346855239668,,4.260164357767951,,,4.260164357759851,,,covered,1.0000000000019014
mixed_gate_chain,module,10,QuadraticWell,0.9120855891185845,,5.8379204227287165,,,5.8379204227257855,,,covered,1.000000000000502
mixed_gate_chain,module,11,QuadraticWell,0.9128891899033287,,8.0,,,8.0,,,covered,1.0
mixed_gate_chain,coupling,0,QuadraticCoupling,0.34929571388751535,0.20767583301410913,0.3,0.3,0.3,0.3,0.3,0.3,covered,1.0
mixed_gate_chain,coupling,1,QuadraticCoupling,0.20767583301410913,0.12515534065414555,0.3599999999999306,0.3599999999999306,0.3599999999999306,0.36,0.36,0.36,covered,0.9999999999998073
mixed_gate_chain,coupling,2,QuadraticCoupling,0.12515534065414555,0.9218622234899498,0.4200000000005551,0.420000000000111,0.42000000000033305,0.42,0.42,0.42,covered,1.0000000000013216
mixed_gate_chain,coupling,3,QuadraticCoupling,0.9218622234899498,0.45166750880213974,0.30000000000027754,0.3,0.30000000000013877,0.3,0.3,0.3,covered,1.0000000000009253
mixed_gate_chain,coupling,4,QuadraticCoupling,0.45166750880213974,0.05995054985004028,0.36000000000027754,0.36000000000052734,0.36000000000040244,0.36,0.36,0.36,covered,1.0000000000014648
mixed_gate_chain,coupling,5,QuadraticCoupling,0.05995054985004028,0.32409825802809017,0.42000000000015264,0.4199999999998612,0.4200000000000069,0.42,0.42,0.42,covered,1.0000000000003635
mixed_gate_chain,coupling,6,QuadraticCoupling,0.32409825802809017,0.8377456292598763,0.3,0.30000000000027754,0.30000000000013877,0.3,0.3,0.3,covered,1.0000000000009253
mixed_gate_chain,coupling,7,QuadraticCoupling,0.8377456292598763,0.5147869817936623,0.3600000000001943,0.3600000000001943,0.3600000000001943,0.36,0.36,0.36,covered,1.0000000000005398
mixed_gate_chain,coupling,8,QuadraticCoupling,0.5147869817936623,0.3155346855239668,0.420000000000111,0.4199999999998612,0.4199999999999861,0.42,0.42,0.42,covered,1.0000000000002642
mixed_gate_chain,coupling,9,QuadraticCoupling,0.3155346855239668,0.9120855891185845,0.30000000000277555,0.29999999999888977,0.30000000000083266,0.3,0.3,0.3,covered,1.000000000009252
mixed_gate_chain,coupling,10,QuadraticCoupling,0.9120855891185845,0.9128891899033287,0.35999999999999915,0.35999999999999915,0.35999999999999915,0.36,0.36,0.36,covered,0.9999999999999977
mixed_gate_chain,coupling,11,GateBenefitCoupling,0.34929571388751535,0.20767583301410913,0.0,0.0,0.0,0.0,0.0,0.0,covered,0.0
mixed_gate_chain,coupling,12,GateBenefitCoupling,0.12515534065414555,0.9218622234899498,0.0,0.0,0.0,0.0,0.0,0.0,covered,0.0
mixed_gate_chain,coupling,13,GateBenefitCoupling,0.45166750880213974,0.05995054985004028,0.0,0.0,0.0,0.0,0.0,0.0,covered,0.0
mixed_gate_chain,coupling,14,GateBenefitCoupling,0.32409825802809017,0.8377456292598763,0.0,0.0,0.0,0.0,0.0,0.0,covered,0.0
mixed_gate_chain,coupling,15,GateBenefitCoupling,0.5147869817936623,0.3155346855239668,0.0,0.0,0.0,0.0,0.0,0.0,covered,0.0
mixed_gate_chain,coupling,16,GateBenefitCoupling,0.9120855891185845,0.9128891899033287,0.0,0.0,0.0,0.0,0.0,0.0,covered,0.0
mixed_gate_chain,module,0,QuadraticWell,0.6915853808285063,,0.25,,,0.25,,,covered,1.0
mixed_gate_chain,module,1,QuadraticWell,0.17263968370489438,,0.3425877461809461,,,0.34258774618003096,,,covered,1.0000000000026712
mixed_gate_chain,module,2,QuadraticWell,0.4237523869274146,,0.46946545533091644,,,0.46946545533085315,,,covered,1.0000000000001348
mixed_gate_chain,module,3,QuadraticWell,0.571850761062463,,0.6433324490047599,,,0.6433324490047159,,,covered,1.0000000000000686
mixed_gate_chain,module,4,QuadraticWell,0.8935619843515904,,0.881591254995999,,,0.8815912549960212,,,covered,0.9999999999999748
mixed_gate_chain,module,5,QuadraticWell,0.834410366320117,,1.2080894444043724,,,1.2080894444044474,,,covered,0.9999999999999378
mixed_gate_chain,module,6,QuadraticWell,0.8757472276127414,,1.6555065597701326,,,1.6555065597696212,,,covered,1.0000000000003089
mixed_gate_chain,module,7,QuadraticWell,0.15529424708614029,,2.2686250443970173,,,2.268625044390925,,,covered,1.0000000000026856
mixed_gate_chain,module,8,QuadraticWell,0.5692592347364613,,3.108812563548939,,,3.1088125635418384,,,covered,1.000000000002284
mixed_gate_chain,module,9,QuadraticWell,0.8392368620994278,,4.260164357758293,,,4.260164357759851,,,covered,0.9999999999996343
mixed_gate_chain,module,10,QuadraticWell,0.3884881854215213,,5.837920422726841,,,5.8379204227257855,,,covered,1.0000000000001807
mixed_gate_chain,module,11,QuadraticWell,0.12618225247178355,,8.0,,,8.0,,,covered,1.0
mixed_gate_chain,coupling,0,QuadraticCoupling,0.6915853808285063,0.17263968370489438,0.30000000000027754,0.3,0.30000000000013877,0.3,0.3,0.3,covered,1.0000000000009253
mixed_gate_chain,coupling,1,QuadraticCoupling,0.17263968370489438,0.4237523869274146,0.35999999999958365,0.35999999999958365,0.35999999999958365,0.36,0.36,0.36,covered,0.9999999999988435
mixed_gate_chain,coupling,2,QuadraticCoupling,0.4237523869274146,0.571850761062463,0.4199999999998612,0.420000000000111,0.4199999999999861,0.42,0.42,0.42,covered,1.0000000000002642
mixed_gate_chain,coupling,3,QuadraticCoupling,0.571850761062463,0.8935619843515904,0.30000000000027754,0.30000000000027754,0.30000000000027754,0.3,0.3,0.3,covered,1.0000000000009253
mixed_gate_chain,coupling,4,QuadraticCoupling,0.8935619843515904,0.834410366320117,0.3600000000000208,0.3600000000000208,0.3600000000000208,0.36,0.36,0.36,covered,1.0000000000000577
mixed_gate_chain,coupling,5,QuadraticCoupling,0.834410366320117,0.8757472276127414,0.41999999999993753,0.41999999999993753,0.41999999999993753,0.42,0.42,0.42,covered,0.9999999999998513
mixed_gate_chain,coupling,6,QuadraticCoupling,0.8757472276127414,0.15529424708614029,0.30000000000027754,0.3,0.30000000000013877,0.3,0.3,0.3,covered,1.0000000000009253
mixed_gate_chain,coupling,7,QuadraticCoupling,0.15529424708614029,0.5692592347364613,0.35999999999888976,0.3599999999995004,0.3599999999991951,0.36,0.36,0.36,covered,0.9999999999986122
mixed_gate_chain,coupling,8,QuadraticCoupling,0.5692592347364613,0.8392368620994278,0.420000000000111,0.420000000000111,0.420000000000111,0.42,0.42,0.42,covered,1.0000000000002642
mixed_gate_chain,coupling,9,QuadraticCoupling,0.8392368620994278,0.3884881854215213,0.30000000000027754,0.3,0.30000000000013877,0.3,0.3,0.3,covered,1.0000000000009253
mixed_gate_chain,coupling,10,QuadraticCoupling,0.3884881854215213,0.12618225247178355,0.36000000000027754,0.36000000000027754,0.36000000000027754,0.36,0.36,0.36,covered,1.000000000000771
mixed_gate_chain,coupling,11,GateBenefitCoupling,0.6915853808285063,0.17263968370489438,0.0,0.0,0.0,0.0,0.0,0.0,covered,0.0
mixed_gate_chain,coupling,12,GateBenefitCoupling,0.4237523869274146,0.571850761062463,0.0,0.0,0.0,0.0,0.0,0.0,covered,0.0
mixed_gate_chain,coupling,13,GateBenefitCoupling,0.8935619843515904,0.834410366320117,0.0,0.0,0.0,0.0,0.0,0.0,covered,0.0
mixed_gate_chain,coupling,14,GateBenefitCoupling,0.8757472276127414,0.15529424708614029,0.0,0.0,0.0,0.0,0.0,0.0,covered,0.0
mixed_gate_chain,coupling,15,GateBenefitCoupling,0.5692592347364613,0.8392368620994278,0.0,0.0,0.0,0.0,0.0,0.0,covered,0.0
mixed_gate_chain,coupling,16,GateBenefitCoupling,0.3884881854215213,0.12618225247178355,0.0,0.0,0.0,0.0,0.0,0.0,covered,0.0
mixed_gate_chain,module,0,QuadraticWell,0.8338750275161948,,0.25,,,0.25,,,covered,1.0
mixed_gate_chain,module,1,QuadraticWell,0.1763539489799396,,0.3425877461809461,,,0.34258774618003096,,,covered,1.0000000000026712
mixed_gate_chain,module,2,QuadraticWell,0.37012006845139417,,0.46946545533091644,,,0.46946545533085315,,,covered,1.0000000000001348
mixed_gate_chain,module,3,QuadraticWell,0.292142195832467,,0.6433324490048317,,,0.6433324490047159,,,covered,1.00000000000018
mixed_gate_chain,module,4,QuadraticWell,0.5001641951116305,,0.881591254995999,,,0.8815912549960212,,,covered,0.9999999999999748
mixed_gate_chain,module,5,QuadraticWell,0.95907683015973,,1.2080894444043724,,,1.2080894444044474,,,covered,0.9999999999999378
mixed_gate_chain,module,6,QuadraticWell,0.6524650688596461,,1.6555065597687448,,,1.6555065597696212,,,covered,0.9999999999994706
mixed_gate_chain,module,7,QuadraticWell,0.9092610064108438,,2.268625044390182,,,2.268625044390925,,,covered,0.9999999999996725
mixed_gate_chain,module,8,QuadraticWell,0.10763229996751242,,3.108812563541547,,,3.1088125635418384,,,covered,0.9999999999999063
mixed_gate_chain,module,9,QuadraticWell,0.9551425379920496,,4.260164357769395,,,4.260164357759851,,,covered,1.0000000000022404
mixed_gate_chain,module,10,QuadraticWell,0.9254806239219724,,5.8379204227287165,,,5.8379204227257855,,,covered,1.000000000000502
mixed_gate_chain,module,11,QuadraticWell,0.6264992555427006,,8.0,,,8.0,,,covered,1.0
mixed_gate_chain,coupling,0,QuadraticCoupling,0.8338750275161948,0.1763539489799396,0.29999999999888977,0.29999999999722443,0.2999999999980571,0.3,0.3,0.3,covered,0.9999999999962993
mixed_gate_chain,coupling,1,QuadraticCoupling,0.1763539489799396,0.37012006845139417,0.35999999999958365,0.35999999999958365,0.35999999999958365,0.36,0.36,0.36,covered,0.9999999999988435
mixed_gate_chain,coupling,2,QuadraticCoupling,0.37012006845139417,0.292142195832467,0.4199999999998612,0.4199999999998612,0.4199999999998612,0.42,0.42,0.42,covered,0.9999999999996696
mixed_gate_chain,coupling,3,QuadraticCoupling,0.292142195832467,0.5001641951116305,0.3,0.2999999999999306,0.2999999999999653,0.3,0.3,0.3,covered,1.0
mixed_gate_chain,coupling,4,QuadraticCoupling,0.5001641951116305,0.95907683015973,0.3599999999995004,0.3599999999995004,0.3599999999995004,0.36,0.36,0.36,covered,0.9999999999986122
mixed_gate_chain,coupling,5,QuadraticCoupling,0.95907683015973,0.6524650688596461,0.420000000000111,0.420000000000111,0.420000000000111,0.42,0.42,0.42,covered,1.0000000000002642
mixed_gate_chain,coupling,6,QuadraticCoupling,0.6524650688596461,0.9092610064108438,0.30000000000027754,0.30000000000027754,0.30000000000027754,0.3,0.3,0.3,covered,1.0000000000009253
mixed_gate_chain,coupling,7,QuadraticCoupling,0.9092610064108438,0.10763229996751242,0.36000000000088817,0.3600000000021649,0.36000000000152654,0.36,0.36,0.36,covered,1.0000000000060136
mixed_gate_chain,coupling,8,QuadraticCoupling,0.10763229996751242,0.9551425379920496,0.42000000000113796,0.420000000000111,0.4200000000006245,0.42,0.42,0.42,covered,1.0000000000027094
mixed_gate_chain,coupling,9,QuadraticCoupling,0.9551425379920496,0.9254806239219724,0.2999999999999306,0.2999999999999306,0.2999999999999306,0.3,0.3,0.3,covered,0.9999999999997687
mixed_gate_chain,coupling,10,QuadraticCoupling,0.9254806239219724,0.6264992555427006,0.3600000000001943,0.3600000000001943,0.3600000000001943,0.36,0.36,0.36,covered,1.0000000000005398
mixed_gate_chain,coupling,11,GateBenefitCoupling,0.8338750275161948,0.1763539489799396,0.0,0.0,0.0,0.0,0.0,0.0,covered,0.0
mixed_gate_chain,coupling,12,GateBenefitCoupling,0.37012006845139417,0.292142195832467,0.0,0.0,0.0,0.0,0.0,0.0,covered,0.0
mixed_gate_chain,coupling,13,GateBenefitCoupling,0.5001641951116305,0.95907683015973,0.0,0.0,0.0,0.0,0.0,0.0,covered,0.0
mixed_gate_chain,coupling,14,GateBenefitCoupling,0.6524650688596461,0.9092610064108438,0.0,0.0,0.0,0.0,0.0,0.0,covered,0.0
mixed_gate_chain,coupling,15,GateBenefitCoupling,0.10763229996751242,0.9551425379920496,0.0,0.0,0.0,0.0,0.0,0.0,covered,0.0
mixed_gate_chain,coupling,16,GateBenefitCoupling,0.9254806239219724,0.6264992555427006,0.0,0.0,0.0,0.0,0.0,0.0,covered,0.0
mixed_gate_chain,module,0,QuadraticWell,0.4316191479335814,,0.25,,,0.25,,,covered,1.0
mixed_gate_chain,module,1,QuadraticWell,0.28587029274673936,,0.34258774617817056,,,0.34258774618003096,,,covered,0.9999999999945696
mixed_gate_chain,module,2,QuadraticWell,0.9490459253342934,,0.46946545533213474,,,0.46946545533085315,,,covered,1.0000000000027298
mixed_gate_chain,module,3,QuadraticWell,0.11138120717052746,,0.6433324490055511,,,0.6433324490047159,,,covered,1.0000000000012983
mixed_gate_chain,module,4,QuadraticWell,0.48452720631329366,,0.8815912549959625,,,0.8815912549960212,,,covered,0.9999999999999334
mixed_gate_chain,module,5,QuadraticWell,0.6750491587097553,,1.2080894444043724,,,1.2080894444044474,,,covered,0.9999999999999378
mixed_gate_chain,module,6,QuadraticWell,0.10955198148492983,,1.6555065597729548,,,1.6555065597696212,,,covered,1.0000000000020137
mixed_gate_chain,module,7,QuadraticWell,0.15683582842101632,,2.268625044385915,,,2.268625044390925,,,covered,0.9999999999977918
mixed_gate_chain,module,8,QuadraticWell,0.10586990351376943,,3.108812563542935,,,3.1088125635418384,,,covered,1.0000000000003526
mixed_gate_chain,module,9,QuadraticWell,0.12133433550422175,,4.260164357762761,,,4.260164357759851,,,covered,1.0000000000006832
mixed_gate_chain,module,10,QuadraticWell,0.47751868311974166,,5.8379204227258,,,5.8379204227257855,,,covered,1.0000000000000024
mixed_gate_chain,module,11,QuadraticWell,0.3537376927816976,,8.0,,,8.0,,,covered,1.0
mixed_gate_chain,coupling,0,QuadraticCoupling,0.4316191479335814,0.28587029274673936,0.3,0.3,0.3,0.3,0.3,0.3,covered,1.0
mixed_gate_chain,coupling,1,QuadraticCoupling,0.28587029274673936,0.9490459253342934,0.35999999999888976,0.36000000000088817,0.35999999999988896,0.36,0.36,0.36,covered,1.0000000000024671
mixed_gate_chain,coupling,2,QuadraticCoupling,0.9490459253342934,0.11138120717052746,0.420000000000111,0.4199999999983624,0.4199999999992367,0.42,0.42,0.42,covered,1.0000000000002642
mixed_gate_chain,coupling,3,QuadraticCoupling,0.11138120717052746,0.48452720631329366,0.3000000000004163,0.3,0.30000000000020816,0.3,0.3,0.3,covered,1.0000000000013878
mixed_gate_chain,coupling,4,QuadraticCoupling,0.48452720631329366,0.6750491587097553,0.36000000000027754,0.3600000000001943,0.3600000000002359,0.36,0.36,0.36,covered,1.000000000000771
mixed_gate_chain,coupling,5,QuadraticCoupling,0.6750491587097553,0.10955198148492983,0.420000000000111,0.4199999999983624,0.4199999999992367,0.42,0.42,0.42,covered,1.0000000000002642
mixed_gate_chain,coupling,6,QuadraticCoupling,0.10955198148492983,0.15683582842101632,0.29999999999998267,0.3,0.29999999999999133,0.3,0.3,0.3,covered,1.0
mixed_gate_chain,coupling,7,QuadraticCoupling,0.15683582842101632,0.10586990351376943,0.3599999999999306,0.36000000000008325,0.3600000000000069,0.36,0.36,0.36,covered,1.0000000000002314
mixed_gate_chain,coupling,8,QuadraticCoupling,0.10586990351376943,0.12133433550422175,0.4200000000000104,0.4200000000000104,0.4200000000000104,0.42,0.42,0.42,covered,1.0000000000000249
mixed_gate_chain,coupling,9,QuadraticCoupling,0.12133433550422175,0.47751868311974166,0.3000000000004163,0.3,0.30000000000020816,0.3,0.3,0.3,covered,1.0000000000013878
mixed_gate_chain,coupling,10,QuadraticCoupling,0.47751868311974166,0.3537376927816976,0.36000000000027754,0.36000000000027754,0.36000000000027754,0.36,0.36,0.36,covered,1.000000000000771
mixed_gate_chain,coupling,11,GateBenefitCoupling,0.4316191479335814,0.28587029274673936,0.0,0.0,0.0,0.0,0.0,0.0,covered,0.0
mixed_gate_chain,coupling,12,GateBenefitCoupling,0.9490459253342934,0.11138120717052746,0.0,0.0,0.0,0.0,0.0,0.0,covered,0.0
mixed_gate_chain,coupling,13,GateBenefitCoupling,0.48452720631329366,0.6750491587097553,0.0,0.0,0.0,0.0,0.0,0.0,covered,0.0
mixed_gate_chain,coupling,14,GateBenefitCoupling,0.10955198148492983,0.15683582842101632,0.0,0.0,0.0,0.0,0.0,0.0,covered,0.0
mixed_gate_chain,coupling,15,GateBenefitCoupling,0.10586990351376943,0.12133433550422175,0.0,0.0,0.0,0.0,0.0,0.0,covered,0.0
mixed_gate_chain,coupling,16,GateBenefitCoupling,0.47751868311974166,0.3537376927816976,0.0,0.0,0.0,0.0,0.0,0.0,covered,0.0
mixed_gate_chain,module,0,QuadraticWell,0.07500305012959217,,0.25000000000034694,,,0.25,,,covered,1.0000000000013878
mixed_gate_chain,module,1,QuadraticWell,0.7963555894022528,,0.34258774617998555,,,0.34258774618003096,,,covered,0.9999999999998674
mixed_gate_chain,module,2,QuadraticWell,0.5132414319023547,,0.46946545533074696,,,0.46946545533085315,,,covered,0.9999999999997738
mixed_gate_chain,module,3,QuadraticWell,0.14195172865093655,,0.6433324490053521,,,0.6433324490047159,,,covered,1.000000000000989
mixed_gate_chain,module,4,QuadraticWell,0.34469566157168646,,0.8815912549952686,,,0.8815912549960212,,,covered,0.9999999999991462
mixed_gate_chain,module,5,QuadraticWell,0.25652857068830465,,1.2080894444059929,,,1.2080894444044474,,,covered,1.0000000000012792
mixed_gate_chain,module,6,QuadraticWell,0.6676866105936374,,1.6555065597715204,,,1.6555065597696212,,,covered,1.000000000001147
mixed_gate_chain,module,7,QuadraticWell,0.49111372840462664,,2.268625044391466,,,2.268625044390925,,,covered,1.0000000000002387
mixed_gate_chain,module,8,QuadraticWell,0.9612444428066779,,3.108812563548939,,,3.1088125635418384,,,covered,1.000000000002284
mixed_gate_chain,module,9,QuadraticWell,0.6738982920392793,,4.260164357758293,,,4.260164357759851,,,covered,0.9999999999996343
mixed_gate_chain,module,10,QuadraticWell,0.45413879854421024,,5.837920422725452,,,5.8379204227257855,,,covered,0.9999999999999429
mixed_gate_chain,module,11,QuadraticWell,0.3933494182740888,,8.0,,,8.0,,,covered,1.0
mixed_gate_chain,coupling,0,QuadraticCoupling,0.07500305012959217,0.7963555894022528,0.29999999999764076,0.29999999999888977,0.29999999999826527,0.3,0.3,0.3,covered,0.9999999999962993
mixed_gate_chain,coupling,1,QuadraticCoupling,0.7963555894022528,0.5132414319023547,0.3599999999995004,0.3599999999995004,0.3599999999995004,0.36,0.36,0.36,covered,0.9999999999986122
mixed_gate_chain,coupling,2,QuadraticCoupling,0.5132414319023547,0.14195172865093655,0.420000000000111,0.4200000000005551,0.42000000000033305,0.42,0.42,0.42,covered,1.0000000000013216
mixed_gate_chain,coupling,3,QuadraticCoupling,0.14195172865093655,0.34469566157168646,0.3,0.3,0.3,0.3,0.3,0.3,covered,1.0
mixed_gate_chain,coupling,4,QuadraticCoupling,0.34469566157168646,0.25652857068830465,0.3599999999999306,0.3599999999999306,0.3599999999999306,0.36,0.36,0.36,covered,0.9999999999998073
mixed_gate_chain,coupling,5,QuadraticCoupling,0.25652857068830465,0.6676866105936374,0.4200000000005551,0.420000000000111,0.42000000000033305,0.42,0.42,0.42,covered,1.0000000000013216
mixed_gate_chain,coupling,6,QuadraticCoupling,0.6676866105936374,0.49111372840462664,0.2999999999999306,0.3,0.2999999999999653,0.3,0.3,0.3,covered,1.0
mixed_gate_chain,coupling,7,QuadraticCoupling,0.49111372840462664,0.9612444428066779,0.36000000000027754,0.3599999999995004,0.35999999999988896,0.36,0.36,0.36,covered,1.000000000000771
mixed_gate_chain,coupling,8,QuadraticCoupling,0.9612444428066779,0.6738982920392793,0.4199999999994171,0.4199999999994171,0.4199999999994171,0.42,0.42,0.42,covered,0.9999999999986122
mixed_gate_chain,coupling,9,QuadraticCoupling,0.6738982920392793,0.45413879854421024,0.29999999999958366,0.3,0.2999999999997918,0.3,0.3,0.3,covered,1.0
mixed_gate_chain,coupling,10,QuadraticCoupling,0.45413879854421024,0.3933494182740888,0.36000000000010407,0.36000000000010407,0.36000000000010407,0.36,0.36,0.36,covered,1.000000000000289
mixed_gate_chain,coupling,11,GateBenefitCoupling,0.07500305012959217,0.7963555894022528,0.0,0.0,0.0,0.0,0.0,0.0,covered,0.0
mixed_gate_chain,coupling,12,GateBenefitCoupling,0.5132414319023547,0.14195172865093655,0.0,0.0,0.0,0.0,0.0,0.0,covered,0.0
mixed_gate_chain,coupling,13,GateBenefitCoupling,0.34469566157168646,0.25652857068830465,0.0,0.0,0.0,0.0,0.0,0.0,covered,0.0
mixed_gate_chain,coupling,14,GateBenefitCoupling,0.6676866105936374,0.49111372840462664,0.0,0.0,0.0,0.0,0.0,0.0,covered,0.0
mixed_gate_chain,coupling,15,GateBenefitCoupling,0.9612444428066779,0.6738982920392793,0.0,0.0,0.0,0.0,0.0,0.0,covered,0.0
mixed_gate_chain,coupling,16,GateBenefitCoupling,0.45413879854421024,0.3933494182740888,0.0,0.0,0.0,0.0,0.0,0.0,covered,0.0
mixed_gate_chain,module,0,QuadraticWell,0.2123681969000472,,0.25,,,0.25,,,covered,1.0
mixed_gate_chain,module,1,QuadraticWell,0.16986167066672392,,0.34258774617955834,,,0.34258774618003096,,,covered,0.9999999999986204
mixed_gate_chain,module,2,QuadraticWell,0.9263367047170871,,0.4694654553293592,,,0.46946545533085315,,,covered,0.9999999999968178
mixed_gate_chain,module,3,QuadraticWell,0.376657587961496,,0.6433324490046582,,,0.6433324490047159,,,covered,0.9999999999999104
mixed_gate_chain,module,4,QuadraticWell,0.08970131446719058,,0.8815912549978798,,,0.8815912549960212,,,covered,1.0000000000021083
mixed_gate_chain,module,5,QuadraticWell,0.8388137060960972,,1.2080894444043724,,,1.2080894444044474,,,covered,0.9999999999999378
mixed_gate_chain,module,6,QuadraticWell,0.5977139315883261,,1.6555065597687448,,,1.6555065597696212,,,covered,0.9999999999994706
mixed_gate_chain,module,7,QuadraticWell,0.3814910162548567,,2.268625044391466,,,2.268625044390925,,,covered,1.0000000000002387
mixed_gate_chain,module,8,QuadraticWell,0.8441411575872467,,3.108812563548939,,,3.1088125635418384,,,covered,1.000000000002284
mixed_gate_chain,module,9,QuadraticWell,0.3365843020419241,,4.2601643577624,,,4.260164357759851,,,covered,1.0000000000005984
mixed_gate_chain,module,10,QuadraticWell,0.16928476245550436,,5.837920422729616,,,5.8379204227257855,,,covered,1.0000000000006561
mixed_gate_chain,module,11,QuadraticWell,0.37332858879827946,,8.0,,,8.0,,,covered,1.0
mixed_gate_chain,coupling,0,QuadraticCoupling,0.2123681969000472,0.16986167066672392,0.3,0.3,0.3,0.3,0.3,0.3,covered,1.0
mixed_gate_chain,coupling,1,QuadraticCoupling,0.16986167066672392,0.9263367047170871,0.35999999999888976,0.3599999999981126,0.3599999999985012,0.36,0.36,0.36,covered,0.999999999996916
mixed_gate_chain,coupling,2,QuadraticCoupling,0.9263367047170871,0.376657587961496,0.420000000000111,0.4200000000005551,0.42000000000033305,0.42,0.42,0.42,covered,1.0000000000013216
mixed_gate_chain,coupling,3,QuadraticCoupling,0.376657587961496,0.08970131446719058,0.3,0.29999999999972243,0.2999999999998612,0.3,0.3,0.3,covered,1.0
mixed_gate_chain,coupling,4,QuadraticCoupling,0.08970131446719058,0.8388137060960972,0.35999999999938936,0.3599999999981126,0.359999999998751,0.36,0.36,0.36,covered,0.9999999999983038
mixed_gate_chain,coupling,5,QuadraticCoupling,0.8388137060960972,0.5977139315883261,0.420000000000111,0.420000000000111,0.420000000000111,0.42,0.42,0.42,covered,1.0000000000002642
mixed_gate_chain,coupling,6,QuadraticCoupling,0.5977139315883261,0.3814910162548567,0.30000000000027754,0.3,0.30000000000013877,0.3,0.3,0.3,covered,1.0000000000009253
mixed_gate_chain,coupling,7,QuadraticCoupling,0.3814910162548567,0.8441411575872467,0.36000000000027754,0.3599999999995004,0.35999999999988896,0.36,0.36,0.36,covered,1.000000000000771
mixed_gate_chain,coupling,8,QuadraticCoupling,0.8441411575872467,0.3365843020419241,0.420000000000111,0.4200000000005551,0.42000000000033305,0.42,0.42,0.42,covered,1.0000000000013216
mixed_gate_chain,coupling,9,QuadraticCoupling,0.3365843020419241,0.16928476245550436,0.3,0.3,0.3,0.3,0.3,0.3,covered,1.0
mixed_gate_chain,coupling,10,QuadraticCoupling,0.16928476245550436,0.37332858879827946,0.36000000000027754,0.36000000000027754,0.36000000000027754,0.36,0.36,0.36,covered,1.000000000000771
mixed_gate_chain,coupling,11,GateBenefitCoupling,0.2123681969000472,0.16986167066672392,0.0,0.0,0.0,0.0,0.0,0.0,covered,0.0
mixed_gate_chain,coupling,12,GateBenefitCoupling,0.9263367047170871,0.376657587961496,0.0,0.0,0.0,0.0,0.0,0.0,covered,0.0
mixed_gate_chain,coupling,13,GateBenefitCoupling,0.08970131446719058,0.8388137060960972,0.0,0.0,0.0,0.0,0.0,0.0,covered,0.0
mixed_gate_chain,coupling,14,GateBenefitCoupling,0.5977139315883261,0.3814910162548567,0.0,0.0,0.0,0.0,0.0,0.0,covered,0.0
mixed_gate_chain,coupling,15,GateBenefitCoupling,0.8441411575872467,0.3365843020419241,0.0,0.0,0.0,0.0,0.0,0.0,covered,0.0
mixed_gate_chain,coupling,16,GateBenefitCoupling,0.16928476245550436,0.37332858879827946,0.0,0.0,0.0,0.0,0.0,0.0,covered,0.0
mixed_gate_chain,module,0,QuadraticWell,0.6748437587028226,,0.25,,,0.25,,,covered,1.0
mixed_gate_chain,module,1,QuadraticWell,0.8503174402443743,,0.34258774617998555,,,0.34258774618003096,,,covered,0.9999999999998674
mixed_gate_chain,module,2,QuadraticWell,0.1859027266462496,,0.46946545533091644,,,0.46946545533085315,,,covered,1.0000000000001348
mixed_gate_chain,module,3,QuadraticWell,0.38229168093443755,,0.6433324490046582,,,0.6433324490047159,,,covered,0.9999999999999104
mixed_gate_chain,module,4,QuadraticWell,0.4303706132618125,,0.8815912549952686,,,0.8815912549960212,,,covered,0.9999999999991462
mixed_gate_chain,module,5,QuadraticWell,0.20550454059494258,,1.2080894444059929,,,1.2080894444044474,,,covered,1.0000000000012792
mixed_gate_chain,module,6,QuadraticWell,0.9744650791904466,,1.6555065597701326,,,1.6555065597696212,,,covered,1.0000000000003089
mixed_gate_chain,module,7,QuadraticWell,0.9328036725069665,,2.268625044390182,,,2.268625044390925,,,covered,0.9999999999996725
mixed_gate_chain,module,8,QuadraticWell,0.5839068317465362,,3.1088125635378367,,,3.1088125635418384,,,covered,0.9999999999987128
mixed_gate_chain,module,9,QuadraticWell,0.6700784349013625,,4.260164357758293,,,4.260164357759851,,,covered,0.9999999999996343
mixed_gate_chain,module,10,QuadraticWell,0.5504333039362822,,5.837920422725941,,,5.8379204227257855,,,covered,1.0000000000000266
mixed_gate_chain,module,11,QuadraticWell,0.421598182023597,,8.0,,,8.0,,,covered,1.0
mixed_gate_chain,coupling,0,QuadraticCoupling,0.6748437587028226,0.8503174402443743,0.2999999999999306,0.2999999999999306,0.2999999999999306,0.3,0.3,0.3,covered,0.9999999999997687
mixed_gate_chain,coupling,1,QuadraticCoupling,0.8503174402443743,0.1859027266462496,0.36000000000088817,0.36000000000027754,0.36000000000058285,0.36,0.36,0.36,covered,1.0000000000024671
mixed_gate_chain,coupling,2,QuadraticCoupling,0.1859027266462496,0.38229168093443755,0.4200000000005551,0.4200000000005551,0.4200000000005551,0.42,0.42,0.42,covered,1.0000000000013216
mixed_gate_chain,coupling,3,QuadraticCoupling,0.38229168093443755,0.4303706132618125,0.3,0.3,0.3,0.3,0.3,0.3,covered,1.0
mixed_gate_chain,coupling,4,QuadraticCoupling,0.4303706132618125,0.20550454059494258,0.36000000000027754,0.36000000000027754,0.36000000000027754,0.36,0.36,0.36,covered,1.000000000000771
mixed_gate_chain,coupling,5,QuadraticCoupling,0.20550454059494258,0.9744650791904466,0.41999999999777954,0.41999999999733545,0.4199999999975575,0.42,0.42,0.42,covered,0.9999999999947132
mixed_gate_chain,coupling,6,QuadraticCoupling,0.9744650791904466,0.9328036725069665,0.30000000000001736,0.30000000000001736,0.30000000000001736,0.3,0.3,0.3,covered,1.000000000000058
mixed_gate_chain,coupling,7,QuadraticCoupling,0.9328036725069665,0.5839068317465362,0.3599999999995004,0.3599999999995004,0.3599999999995004,0.36,0.36,0.36,covered,0.9999999999986122
mixed_gate_chain,coupling,8,QuadraticCoupling,0.5839068317465362,0.6700784349013625,0.420000000000111,0.420000000000111,0.420000000000111,0.42,0.42,0.42,covered,1.0000000000002642
mixed_gate_chain,coupling,9,QuadraticCoupling,0.6700784349013625,0.5504333039362822,0.2999999999999306,0.2999999999999306,0.2999999999999306,0.3,0.3,0.3,covered,0.9999999999997687
mixed_gate_chain,coupling,10,QuadraticCoupling,0.5504333039362822,0.421598182023597,0.3600000000001943,0.36000000000027754,0.3600000000002359,0.36,0.36,0.36,covered,1.000000000000771
mixed_gate_chain,coupling,11,GateBenefitCoupling,0.6748437587028226,0.8503174402443743,0.0,0.0,0.0,0.0,0.0,0.0,covered,0.0
mixed_gate_chain,coupling,12,GateBenefitCoupling,0.1859027266462496,0.38229168093443755,0.0,0.0,0.0,0.0,0.0,0.0,covered,0.0
mixed_gate_chain,coupling,13,GateBenefitCoupling,0.4303706132618125,0.20550454059494258,0.0,0.0,0.0,0.0,0.0,0.0,covered,0.0
mixed_gate_chain,coupling,14,GateBenefitCoupling,0.9744650791904466,0.9328036725069665,0.0,0.0,0.0,0.0,0.0,0.0,covered,0.0
mixed_gate_chain,coupling,15,GateBenefitCoupling,0.5839068317465362,0.6700784349013625,0.0,0.0,0.0,0.0,0.0,0.0,covered,0.0
mixed_gate_chain,coupling,16,GateBenefitCoupling,0.5504333039362822,0.421598182023597,0.0,0.0,0.0,0.0,0.0,0.0,covered,0.0
quadratic_star,module,0,QuadraticWell,0.4265747635077827,,12.000000000022204,,,12.0,,,covered,1.0000000000018503
quadratic_star,module,1,QuadraticWell,0.6579368097581262,,1.8660818021239416,,,1.8660818021236707,,,covered,1.0000000000001452
quadratic_star,module,2,QuadraticWell,0.07262513350585165,,3.928537517729338,,,3.928537517722203,,,covered,1.0000000000018163
quadratic_star,module,3,QuadraticWell,0.8679598261006072,,5.700080888763465,,,5.700080888744489,,,covered,1.0000000000033291
quadratic_star,module,4,QuadraticWell,0.8241305865119027,,0.42104665650255607,,,0.42104665650255857,,,covered,0.9999999999999941
quadratic_star,module,5,QuadraticWell,0.33501025855807065,,0.2901884410180673,,,0.2901884410180938,,,covered,0.9999999999999085
quadratic_star,module,6,QuadraticWell,0.17777405319605344,,0.6109143642290534,,,0.6109143642317917,,,covered,0.9999999999955178
quadratic_star,module,7,QuadraticWell,0.42675596466268395,,1.286117252345777,,,1.2861172523459103,,,covered,0.9999999999998962
quadratic_star,module,8,QuadraticWell,0.4824058074436104,,0.2,,,0.2,,,covered,1.0
quadratic_star,module,9,QuadraticWell,0.12921657746560655,,2.7075768448487483,,,2.7075768448525155,,,covered,0.9999999999986087
quadratic_star,module,10,QuadraticWell,0.23542384166588004,,8.270487933906335,,,8.270487933908969,,,covered,0.9999999999996815
quadratic_star,module,11,QuadraticWell,0.5984071177544796,,0.8864014347602461,,,0.8864014347599177,,,covered,1.0000000000003706
quadratic_star,coupling,0,QuadraticCoupling,0.4265747635077827,0.6579368097581262,0.2,0.2000000000000694,0.2000000000000347,0.2,0.2,0.2,covered,1.0000000000003468
quadratic_star,coupling,1,QuadraticCoupling,0.4265747635077827,0.07262513350585165,0.24000000000041632,0.2400000000007494,0.24000000000058286,0.24,0.24,0.24,covered,1.0000000000031226
quadratic_star,coupling,2,QuadraticCoupling,0.4265747635077827,0.8679598261006072,0.2800000000001388,0.28000000000030534,0.28000000000022207,0.28,0.28,0.28,covered,1.0000000000010905
quadratic_star,coupling,3,QuadraticCoupling,0.4265747635077827,0.8241305865119027,0.15999999999958367,0.16000000000047185,0.16000000000002776,0.16,0.16,0.16,covered,1.000000000002949
quadratic_star,coupling,4,QuadraticCoupling,0.4265747635077827,0.33501025855807065,0.2,0.2,0.2,0.2,0.2,0.2,covered,1.0
quadratic_star,coupling,5,QuadraticCoupling,0.4265747635077827,0.17777405319605344,0.24000000000006938,0.24000000000006938,0.24000000000006938,0.24,0.24,0.24,covered,1.000000000000289
quadratic_star,coupling,6,QuadraticCoupling,0.4265747635077827,0.42675596466268395,0.27999999999999986,0.27999999999999986,0.27999999999999986,0.28,0.28,0.28,covered,0.9999999999999994
quadratic_star,coupling,7,QuadraticCoupling,0.4265747635077827,0.4824058074436104,0.16000000000001735,0.16000000000001735,0.16000000000001735,0.16,0.16,0.16,covered,1.0000000000001084
quadratic_star,coupling,8,QuadraticCoupling,0.4265747635077827,0.12921657746560655,0.2,0.2,0.2,0.2,0.2,0.2,covered,1.0
quadratic_star,coupling,9,QuadraticCoupling,0.4265747635077827,0.23542384166588004,0.24000000000006938,0.24000000000006938,0.24000000000006938,0.24,0.24,0.24,covered,1.000000000000289
quadratic_star,coupling,10,QuadraticCoupling,0.4265747635077827,0.5984071177544796,0.27999999999979186,0.2799999999999584,0.2799999999998751,0.28,0.28,0.28,covered,0.9999999999998513
quadratic_star,module,0,QuadraticWell,0.7440034557828661,,12.0,,,12.0,,,covered,1.0
quadratic_star,module,1,QuadraticWell,0.5102082118547298,,1.8660818021239416,,,1.8660818021236707,,,covered,1.0000000000001452
quadratic_star,module,2,QuadraticWell,0.08644726582843937,,3.928537517729338,,,3.928537517722203,,,covered,1.0000000000018163
quadratic_star,module,3,QuadraticWell,0.6592159901303399,,5.700080888741261,,,5.700080888744489,,,covered,0.9999999999994336
quadratic_star,module,4,QuadraticWell,0.49846888640726,,0.4210466565026474,,,0.42104665650255857,,,covered,1.000000000000211
quadratic_star,module,5,QuadraticWell,0.9211512814375363,,0.2901884410182904,,,0.2901884410180938,,,covered,1.0000000000006775
quadratic_star,module,6,QuadraticWell,0.3181875988016819,,0.6109143642346045,,,0.6109143642317917,,,covered,1.0000000000046043
quadratic_star,module,7,QuadraticWell,0.2979279711236502,,1.286117252345777,,,1.2861172523459103,,,covered,0.9999999999998962
quadratic_star,module,8,QuadraticWell,0.8312531729206919,,0.19999999999972246,,,0.2,,,covered,0.9999999999986122
quadratic_star,module,9,QuadraticWell,0.5221417019997869,,2.707576844852676,,,2.7075768448525155,,,covered,1.0000000000000593
quadratic_star,module,10,QuadraticWell,0.7600508396004375,,8.270487933918938,,,8.270487933908969,,,covered,1.0000000000012053
quadratic_star,module,11,QuadraticWell,0.43429166902863314,,0.8864014347598359,,,0.8864014347599177,,,covered,0.9999999999999077
quadratic_star,coupling,0,QuadraticCoupling,0.7440034557828661,0.5102082118547298,0.19999999999972246,0.19999999999972246,0.19999999999972246,0.2,0.2,0.2,covered,0.9999999999986122
quadratic_star,coupling,1,QuadraticCoupling,0.7440034557828661,0.08644726582843937,0.23999999999966692,0.2400000000000555,0.2399999999998612,0.24,0.24,0.24,covered,1.0000000000002314
quadratic_star,coupling,2,QuadraticCoupling,0.7440034557828661,0.6592159901303399,0.2799999999999584,0.2799999999999584,0.2799999999999584,0.28,0.28,0.28,covered,0.9999999999998513
quadratic_star,coupling,3,QuadraticCoupling,0.7440034557828661,0.49846888640726,0.1600000000001249,0.15999999999993061,0.16000000000002776,0.16,0.16,0.16,covered,1.0000000000007807
quadratic_star,coupling,4,QuadraticCoupling,0.7440034557828661,0.9211512814375363,0.2000000000000694,0.2000000000000694,0.2000000000000694,0.2,0.2,0.2,covered,1.0000000000003468
quadratic_star,coupling,5,QuadraticCoupling,0.7440034557828661,0.3181875988016819,0.23999999999966692,0.23999999999972244,0.23999999999969468,0.24,0.24,0.24,covered,0.9999999999988435
quadratic_star,coupling,6,QuadraticCoupling,0.7440034557828661,0.2979279711236502,0.28000000000030534,0.2800000000001388,0.28000000000022207,0.28,0.28,0.28,covered,1.0000000000010905
quadratic_star,coupling,7,QuadraticCoupling,0.7440034557828661,0.8312531729206919,0.15999999999995143,0.15999999999995143,0.15999999999995143,0.16,0.16,0.16,covered,0.9999999999996965
quadratic_star,coupling,8,QuadraticCoupling,0.7440034557828661,0.5221417019997869,0.2000000000000694,0.2000000000000694,0.2000000000000694,0.2,0.2,0.2,covered,1.0000000000003468
quadratic_star,coupling,9,QuadraticCoupling,0.7440034557828661,0.7600508396004375,0.2399999999999922,0.2399999999999922,0.2399999999999922,0.24,0.24,0.24,covered,0.9999999999999675
quadratic_star,coupling,10,QuadraticCoupling,0.7440034557828661,0.43429166902863314,0.28000000000030534,0.2800000000001388,0.28000000000022207,0.28,0.28,0.28,covered,1.0000000000010905
quadratic_star,module,0,QuadraticWell,0.8737252118857386,,12.0,,,12.0,,,covered,1.0
quadratic_star,module,1,QuadraticWell,0.2915843508792054,,1.8660818021357872,,,1.8660818021236707,,,covered,1.000000000006493
quadratic_star,module,2,QuadraticWell,0.5489508597257476,,3.9285375177234894,,,3.928537517722203,,,covered,1.0000000000003275
quadratic_star,module,3,QuadraticWell,0.33903767622651965,,5.700080888742926,,,5.700080888744489,,,covered,0.9999999999997258
quadratic_star,module,4,QuadraticWell,0.19057886944607813,,0.42104665650230044,,,0.42104665650255857,,,covered,0.9999999999993869
quadratic_star,module,5,QuadraticWell,0.03647440996636743,,0.29018844101826863,,,0.2901884410180938,,,covered,1.0000000000006024
quadratic_star,module,6,QuadraticWell,0.0924537011810769,,0.6109143642326768,,,0.6109143642317917,,,covered,1.0000000000014488
quadratic_star,module,7,QuadraticWell,0.12076331908828511,,1.286117252347562,,,1.2861172523459103,,,covered,1.000000000001284
quadratic_star,module,8,QuadraticWell,0.18390110533345988,,0.2,,,0.2,,,covered,1.0
quadratic_star,module,9,QuadraticWell,0.4494276295146804,,2.7075768448542994,,,2.7075768448525155,,,covered,1.0000000000006588
quadratic_star,module,10,QuadraticWell,0.5894450634541443,,8.270487933907836,,,8.270487933908969,,,covered,0.999999999999863
quadratic_star,module,11,QuadraticWell,0.5225297728323705,,0.8864014347598992,,,0.8864014347599177,,,covered,0.9999999999999791
quadratic_star,coupling,0,QuadraticCoupling,0.8737252118857386,0.2915843508792054,0.20000000000041634,0.19999999999930612,0.19999999999986123,0.2,0.2,0.2,covered,1.0000000000020817
quadratic_star,coupling,1,QuadraticCoupling,0.8737252118857386,0.5489508597257476,0.23999999999966692,0.23999999999966692,0.23999999999966692,0.24,0.24,0.24,covered,0.9999999999986122
quadratic_star,coupling,2,QuadraticCoupling,0.8737252118857386,0.33903767622651965,0.27999999999961145,0.2799999999994449,0.2799999999995282,0.28,0.28,0.28,covered,0.9999999999986122
quadratic_star,coupling,3,QuadraticCoupling,0.8737252118857386,0.19057886944607813,0.16000000000047185,0.16000000000027756,0.1600000000003747,0.16,0.16,0.16,covered,1.000000000002949
quadratic_star,coupling,4,QuadraticCoupling,0.8737252118857386,0.03647440996636743,0.19999999999972246,0.2000000000001388,0.19999999999993062,0.2,0.2,0.2,covered,1.000000000000694
quadratic_star,coupling,5,QuadraticCoupling,0.8737252118857386,0.0924537011810769,0.23999999999966692,0.2400000000000555,0.2399999999998612,0.24,0.24,0.24,covered,1.0000000000002314
quadratic_star,coupling,6,QuadraticCoupling,0.8737252118857386,0.12076331908828511,0.27999999999961145,0.2799999999998335,0.27999999999972247,0.28,0.28,0.28,covered,0.9999999999994053
quadratic_star,coupling,7,QuadraticCoupling,0.8737252118857386,0.18390110533345988,0.16000000000047185,0.16000000000027756,0.1600000000003747,0.16,0.16,0.16,covered,1.000000000002949
quadratic_star,coupling,8,QuadraticCoupling,0.8737252118857386,0.4494276295146804,0.20000000000041634,0.2,0.20000000000020818,0.2,0.2,0.2,covered,1.0000000000020817
quadratic_star,coupling,9,QuadraticCoupling,0.8737252118857386,0.5894450634541443,0.2400000000003608,0.2400000000003608,0.2400000000003608,0.24,0.24,0.24,covered,1.0000000000015035
quadratic_star,coupling,10,QuadraticCoupling,0.8737252118857386,0.5225297728323705,0.28000000000030534,0.28000000000030534,0.28000000000030534,0.28,0.28,0.28,covered,1.0000000000010905
quadratic_star,module,0,QuadraticWell,0.06725839133054123,,11.999999999905631,,,12.0,,,covered,0.999999999992136
quadratic_star,module,1,QuadraticWell,0.4745184902548316,,1.866081802124685,,,1.8660818021236707,,,covered,1.0000000000005436
quadratic_star,module,2,QuadraticWell,0.4150081578934218,,3.928537517723886,,,3.928537517722203,,,covered,1.0000000000004283
quadratic_star,module,3,QuadraticWell,0.48754233689032,,5.700080888742926,,,5.700080888744489,,,covered,0.9999999999997258
quadratic_star,module,4,QuadraticWell,0.7264195985703606,,0.42104665650255607,,,0.42104665650255857,,,covered,0.9999999999999941
quadratic_star,module,5,QuadraticWell,0.5324005215950852,,0.29018844101807356,,,0.2901884410180938,,,covered,0.9999999999999302
quadratic_star,module,6,QuadraticWell,0.05388327672312744,,0.6109143642322529,,,0.6109143642317917,,,covered,1.000000000000755
quadratic_star,module,7,QuadraticWell,0.7027857058705697,,1.2861172523459774,,,1.2861172523459103,,,covered,1.0000000000000522
quadratic_star,module,8,QuadraticWell,0.1927017402611688,,0.2,,,0.2,,,covered,1.0
quadratic_star,module,9,QuadraticWell,0.3534976845553464,,2.7075768448487483,,,2.7075768448525155,,,covered,0.9999999999986087
quadratic_star,module,10,QuadraticWell,0.8446428397388605,,8.270487933918938,,,8.270487933908969,,,covered,1.0000000000012053
quadratic_star,module,11,QuadraticWell,0.38931119465739733,,0.8864014347601828,,,0.8864014347599177,,,covered,1.000000000000299
quadratic_star,coupling,0,QuadraticCoupling,0.06725839133054123,0.4745184902548316,0.20000000000027757,0.2,0.2000000000001388,0.2,0.2,0.2,covered,1.0000000000013878
quadratic_star,coupling,1,QuadraticCoupling,0.06725839133054123,0.4150081578934218,0.2400000000000555,0.23999999999972244,0.23999999999988897,0.24,0.24,0.24,covered,1.0000000000002314
quadratic_star,coupling,2,QuadraticCoupling,0.06725839133054123,0.48754233689032,0.2800000000005274,0.2800000000001388,0.2800000000003331,0.28,0.28,0.28,covered,1.0000000000018834
quadratic_star,coupling,3,QuadraticCoupling,0.06725839133054123,0.7264195985703606,0.15999999999911182,0.15999999999977796,0.1599999999994449,0.16,0.16,0.16,covered,0.9999999999986122
quadratic_star,coupling,4,QuadraticCoupling,0.06725839133054123,0.5324005215950852,0.20000000000027757,0.19999999999972246,0.2,0.2,0.2,0.2,covered,1.0000000000013878
quadratic_star,coupling,5,QuadraticCoupling,0.06725839133054123,0.05388327672312744,0.24000000000001215,0.2399999999999974,0.24000000000000477,0.24,0.24,0.24,covered,1.0000000000000506
quadratic_star,coupling,6,QuadraticCoupling,0.06725839133054123,0.7027857058705697,0.2799999999984457,0.27999999999961145,0.2799999999990286,0.28,0.28,0.28,covered,0.9999999999986122
quadratic_star,coupling,7,QuadraticCoupling,0.06725839133054123,0.1927017402611688,0.15999999999980571,0.1600000000001041,0.1599999999999549,0.16,0.16,0.16,covered,1.0000000000006506
quadratic_star,coupling,8,QuadraticCoupling,0.06725839133054123,0.3534976845553464,0.20000000000027757,0.2,0.2000000000001388,0.2,0.2,0.2,covered,1.0000000000013878
quadratic_star,coupling,9,QuadraticCoupling,0.06725839133054123,0.8446428397388605,0.23999999999866772,0.23999999999966692,0.23999999999916732,0.24,0.24,0.24,covered,0.9999999999986122
quadratic_star,coupling,10,QuadraticCoupling,0.06725839133054123,0.38931119465739733,0.2799999999998335,0.2799999999994449,0.2799999999996392,0.28,0.28,0.28,covered,0.9999999999994053
quadratic_star,module,0,QuadraticWell,0.9517097170916452,,12.0,,,12.0,,,covered,1.0
quadratic_star,module,1,QuadraticWell,0.6974140920009967,,1.8660818021239416,,,1.8660818021236707,,,covered,1.0000000000001452
quadratic_star,module,2,QuadraticWell,0.6320783568359032,,3.928537517712387,,,3.928537517722203,,,covered,0.9999999999975014
quadratic_star,module,3,QuadraticWell,0.507159620868223,,5.700080888741261,,,5.700080888744489,,,covered,0.9999999999994336
quadratic_star,module,4,QuadraticWell,0.974898047123741,,0.4210466565018622,,,0.42104665650255857,,,covered,0.9999999999983461
quadratic_star,module,5,QuadraticWell,0.3414689710485125,,0.2901884410180673,,,0.2901884410180938,,,covered,0.9999999999999085
quadratic_star,module,6,QuadraticWell,0.6825627070858521,,0.6109143642317508,,,0.6109143642317917,,,covered,0.9999999999999332
quadratic_star,module,7,QuadraticWell,0.8077325207863705,,1.2861172523456306,,,1.2861172523459103,,,covered,0.9999999999997825
quadratic_star,module,8,QuadraticWell,0.38309472846076803,,0.2,,,0.2,,,covered,1.0
quadratic_star,module,9,QuadraticWell,0.058793335819579906,,2.7075768448395245,,,2.7075768448525155,,,covered,0.999999999995202
quadratic_star,module,10,QuadraticWell,0.5150471515714902,,8.27048793391061,,,8.270487933908969,,,covered,1.0000000000001985
quadratic_star,module,11,QuadraticWell,0.6686295340247006,,0.8864014347602461,,,0.8864014347599177,,,covered,1.0000000000003706
quadratic_star,coupling,0,QuadraticCoupling,0.9517097170916452,0.6974140920009967,0.2000000000000694,0.2000000000000694,0.2000000000000694,0.2,0.2,0.2,covered,1.0000000000003468
quadratic_star,coupling,1,QuadraticCoupling,0.9517097170916452,0.6320783568359032,0.2400000000003608,0.2400000000003608,0.2400000000003608,0.24,0.24,0.24,covered,1.0000000000015035
quadratic_star,coupling,2,QuadraticCoupling,0.9517097170916452,0.507159620868223,0.28000000000030534,0.28000000000030534,0.28000000000030534,0.28,0.28,0.28,covered,1.0000000000010905
quadratic_star,coupling,3,QuadraticCoupling,0.9517097170916452,0.974898047123741,0.15999999999999479,0.15999999999999479,0.15999999999999479,0.16,0.16,0.16,covered,0.9999999999999674
quadratic_star,coupling,4,QuadraticCoupling,0.9517097170916452,0.3414689710485125,0.20000000000041634,0.2000000000006939,0.20000000000055512,0.2,0.2,0.2,covered,1.0000000000034694
quadratic_star,coupling,5,QuadraticCoupling,0.9517097170916452,0.6825627070858521,0.23999999999966692,0.23999999999966692,0.23999999999966692,0.24,0.24,0.24,covered,0.9999999999986122
quadratic_star,coupling,6,QuadraticCoupling,0.9517097170916452,0.8077325207863705,0.2799999999999584,0.2799999999999584,0.2799999999999584,0.28,0.28,0.28,covered,0.9999999999998513
quadratic_star,coupling,7,QuadraticCoupling,0.9517097170916452,0.38309472846076803,0.15999999999977796,0.16000000000027756,0.16000000000002776,0.16,0.16,0.16,covered,1.0000000000017346
quadratic_star,coupling,8,QuadraticCoupling,0.9517097170916452,0.058793335819579906,0.19999999999972246,0.199999999998751,0.19999999999923673,0.2,0.2,0.2,covered,0.9999999999986122
quadratic_star,coupling,9,QuadraticCoupling,0.9517097170916452,0.5150471515714902,0.2400000000003608,0.2400000000003608,0.2400000000003608,0.24,0.24,0.24,covered,1.0000000000015035
quadratic_star,coupling,10,QuadraticCoupling,0.9517097170916452,0.6686295340247006,0.27999999999961145,0.27999999999961145,0.27999999999961145,0.28,0.28,0.28,covered,0.9999999999986122
quadratic_star,module,0,QuadraticWell,0.22762286497390138,,12.000000000066613,,,12.0,,,covered,1.0000000000055511
quadratic_star,module,1,QuadraticWell,0.3606255571128438,,1.866081802124685,,,1.8660818021236707,,,covered,1.0000000000005436
quadratic_star,module,2,QuadraticWell,0.8201160762809507,,3.9285375177345916,,,3.928537517722203,,,covered,1.0000000000031535
quadratic_star,module,3,QuadraticWell,0.7674989183182982,,5.700080888741261,,,5.700080888744489,,,covered,0.9999999999994336
quadratic_star,module,4,QuadraticWell,0.31455525825331004,,0.42104665650230044,,,0.42104665650255857,,,covered,0.9999999999993869
quadratic_star,module,5,QuadraticWell,0.5734608444981485,,0.2901884410181169,,,0.2901884410180938,,,covered,1.0000000000000795
quadratic_star,module,6,QuadraticWell,0.29571709070992946,,0.6109143642346045,,,0.6109143642317917,,,covered,1.0000000000046043
quadratic_star,module,7,QuadraticWell,0.34004431287323195,,1.286117252345777,,,1.2861172523459103,,,covered,0.9999999999998962
quadratic_star,module,8,QuadraticWell,0.9140059974847732,,0.19999999999972246,,,0.2,,,covered,0.9999999999986122
quadratic_star,module,9,QuadraticWell,0.8142486301979727,,2.707576844852676,,,2.7075768448525155,,,covered,1.0000000000000593
quadratic_star,module,10,QuadraticWell,0.9615015523062038,,8.270487933918938,,,8.270487933908969,,,covered,1.0000000000012053
quadratic_star,module,11,QuadraticWell,0.36193493617613504,,0.8864014347601828,,,0.8864014347599177,,,covered,1.000000000000299
quadratic_star,coupling,0,QuadraticCoupling,0.22762286497390138,0.3606255571128438,0.2,0.2,0.2,0.2,0.2,0.2,covered,1.0
quadratic_star,coupling,1,QuadraticCoupling,0.22762286497390138,0.8201160762809507,0.24000000000111021,0.23999999999966692,0.24000000000038857,0.24,0.24,0.24,covered,1.0000000000046259
quadratic_star,coupling,2,QuadraticCoupling,0.22762286497390138,0.7674989183182982,0.27999999999805714,0.27999999999961145,0.2799999999988343,0.28,0.28,0.28,covered,0.9999999999986122
quadratic_star,coupling,3,QuadraticCoupling,0.22762286497390138,0.31455525825331004,0.16000000000001735,0.16000000000001735,0.16000000000001735,0.16,0.16,0.16,covered,1.0000000000001084
quadratic_star,coupling,4,QuadraticCoupling,0.22762286497390138,0.5734608444981485,0.2,0.20000000000041634,0.20000000000020818,0.2,0.2,0.2,covered,1.0000000000020817
quadratic_star,coupling,5,QuadraticCoupling,0.22762286497390138,0.29571709070992946,0.2399999999998959,0.2399999999998959,0.2399999999998959,0.24,0.24,0.24,covered,0.9999999999995663
quadratic_star,coupling,6,QuadraticCoupling,0.22762286497390138,0.34004431287323195,0.2800000000001388,0.2800000000001388,0.2800000000001388,0.28,0.28,0.28,covered,1.0000000000004956
quadratic_star,coupling,7,QuadraticCoupling,0.22762286497390138,0.9140059974847732,0.16000000000097145,0.16000000000047185,0.16000000000072165,0.16,0.16,0.16,covered,1.0000000000060716
quadratic_star,coupling,8,QuadraticCoupling,0.22762286497390138,0.8142486301979727,0.19999999999861223,0.19999999999972246,0.19999999999916734,0.2,0.2,0.2,covered,0.9999999999986122
quadratic_star,coupling,9,QuadraticCoupling,0.22762286497390138,0.9615015523062038,0.24000000000111021,0.23999999999966692,0.24000000000038857,0.24,0.24,0.24,covered,1.0000000000046259
quadratic_star,coupling,10,QuadraticCoupling,0.22762286497390138,0.36193493617613504,0.2800000000001388,0.2800000000001388,0.2800000000001388,0.28,0.28,0.28,covered,1.0000000000004956
quadratic_star,module,0,QuadraticWell,0.6999057909685247,,12.0,,,12.0,,,covered,1.0
quadratic_star,module,1,QuadraticWell,0.6312556111061192,,1.8660818021239416,,,1.8660818021236707,,,covered,1.0000000000001452
quadratic_star,module,2,QuadraticWell,0.1042215331631807,,3.928537517718236,,,3.928537517722203,,,covered,0.9999999999989903
quadratic_star,module,3,QuadraticWell,0.02202319907152983,,5.700080888748858,,,5.700080888744489,,,covered,1.0000000000007665
quadratic_star,module,4,QuadraticWell,0.8780017423450676,,0.42104665650324996,,,0.42104665650255857,,,covered,1.000000000001642
quadratic_star,module,5,QuadraticWell,0.9720869298790307,,0.2901884410182904,,,0.2901884410180938,,,covered,1.0000000000006775
quadratic_star,module,6,QuadraticWell,0.7941837804411581,,0.6109143642317508,,,0.6109143642317917,,,covered,0.9999999999999332
quadratic_star,module,7,QuadraticWell,0.8519637785051809,,1.2861172523459774,,,1.2861172523459103,,,covered,1.0000000000000522
quadratic_star,module,8,QuadraticWell,0.5625458752872342,,0.19999999999972246,,,0.2,,,covered,0.9999999999986122
quadratic_star,module,9,QuadraticWell,0.46413150600696734,,2.707576844851524,,,2.7075768448525155,,,covered,0.9999999999996337
quadratic_star,module,10,QuadraticWell,0.8795010478182843,,8.270487933918938,,,8.270487933908969,,,covered,1.0000000000012053
quadratic_star,module,11,QuadraticWell,0.5603028508552237,,0.8864014347598992,,,0.8864014347599177,,,covered,0.9999999999999791
quadratic_star,coupling,0,QuadraticCoupling,0.6999057909685247,0.6312556111061192,0.19999999999998266,0.19999999999998266,0.19999999999998266,0.2,0.2,0.2,covered,0.9999999999999133
quadratic_star,coupling,1,QuadraticCoupling,0.6999057909685247,0.1042215331631807,0.2400000000010547,0.2400000000000555,0.2400000000005551,0.24,0.24,0.24,covered,1.0000000000043947
quadratic_star,coupling,2,QuadraticCoupling,0.6999057909685247,0.02202319907152983,0.2800000000009992,0.27999999999973635,0.2800000000003678,0.28,0.28,0.28,covered,1.0000000000035685
quadratic_star,coupling,3,QuadraticCoupling,0.6999057909685247,0.8780017423450676,0.15999999999995143,0.15999999999995143,0.15999999999995143,0.16,0.16,0.16,covered,0.9999999999996965
quadratic_star,coupling,4,QuadraticCoupling,0.6999057909685247,0.9720869298790307,0.2000000000000694,0.2000000000000694,0.2000000000000694,0.2,0.2,0.2,covered,1.0000000000003468
quadratic_star,coupling,5,QuadraticCoupling,0.6999057909685247,0.7941837804411581,0.24000000000001387,0.24000000000001387,0.24000000000001387,0.24,0.24,0.24,covered,1.0000000000000577
quadratic_star,coupling,6,QuadraticCoupling,0.6999057909685247,0.8519637785051809,0.2799999999999584,0.2799999999999584,0.2799999999999584,0.28,0.28,0.28,covered,0.9999999999998513
quadratic_star,coupling,7,QuadraticCoupling,0.6999057909685247,0.5625458752872342,0.15999999999995143,0.15999999999995143,0.15999999999995143,0.16,0.16,0.16,covered,0.9999999999996965
quadratic_star,coupling,8,QuadraticCoupling,0.6999057909685247,0.46413150600696734,0.2000000000000694,0.2,0.2000000000000347,0.2,0.2,0.2,covered,1.0000000000003468
quadratic_star,coupling,9,QuadraticCoupling,0.6999057909685247,0.8795010478182843,0.24000000000001387,0.24000000000001387,0.24000000000001387,0.24,0.24,0.24,covered,1.0000000000000577
quadratic_star,coupling,10,QuadraticCoupling,0.6999057909685247,0.5603028508552237,0.28000000000030534,0.28000000000030534,0.28000000000030534,0.28,0.28,0.28,covered,1.0000000000010905
quadratic_star,module,0,QuadraticWell,0.46219711782757605,,12.000000000022204,,,12.0,,,covered,1.0000000000018503
quadratic_star,module,1,QuadraticWell,0.17783150409787107,,1.8660818021135828,,,1.8660818021236707,,,covered,0.9999999999945941
quadratic_star,module,2,QuadraticWell,0.32701428107933705,,3.928537517722498,,,3.928537517722203,,,covered,1.0000000000000753
quadratic_star,module,3,QuadraticWell,0.4003553835599243,,5.700080888748477,,,5.700080888744489,,,covered,1.0000000000006997
quadratic_star,module,4,QuadraticWell,0.5133964630856002,,0.42104665650255607,,,0.42104665650255857,,,covered,0.9999999999999941
quadratic_star,module,5,QuadraticWell,0.538763216879553,,0.2901884410180952,,,0.2901884410180938,,,covered,1.0000000000000049
quadratic_star,module,6,QuadraticWell,0.3561060148221158,,0.610914364231829,,,0.6109143642317917,,,covered,1.000000000000061
quadratic_star,module,7,QuadraticWell,0.4175758217842476,,1.286117252345777,,,1.2861172523459103,,,covered,0.9999999999998962
quadratic_star,module,8,QuadraticWell,0.8122838717339673,,0.20000000000111023,,,0.2,,,covered,1.0000000000055511
quadratic_star,module,9,QuadraticWell,0.8231617843112878,,2.707576844852676,,,2.7075768448525155,,,covered,1.0000000000000593
quadratic_star,module,10,QuadraticWell,0.15201321267735685,,8.270487933917437,,,8.270487933908969,,,covered,1.0000000000010238
quadratic_star,module,11,QuadraticWell,0.2598587994114672,,0.886401434759489,,,0.8864014347599177,,,covered,0.9999999999995163
quadratic_star,coupling,0,QuadraticCoupling,0.46219711782757605,0.17783150409787107,0.2,0.2,0.2,0.2,0.2,0.2,covered,1.0
quadratic_star,coupling,1,QuadraticCoupling,0.46219711782757605,0.32701428107933705,0.23999999999972244,0.23999999999972244,0.23999999999972244,0.24,0.24,0.24,covered,0.9999999999988435
quadratic_star,coupling,2,QuadraticCoupling,0.46219711782757605,0.4003553835599243,0.27999999999996533,0.27999999999996533,0.27999999999996533,0.28,0.28,0.28,covered,0.9999999999998761
quadratic_star,coupling,3,QuadraticCoupling,0.46219711782757605,0.5133964630856002,0.16000000000001735,0.16000000000003817,0.16000000000002776,0.16,0.16,0.16,covered,1.0000000000002385
quadratic_star,coupling,4,QuadraticCoupling,0.46219711782757605,0.538763216879553,0.2,0.19999999999998266,0.19999999999999135,0.2,0.2,0.2,covered,1.0
quadratic_star,coupling,5,QuadraticCoupling,0.46219711782757605,0.3561060148221158,0.2399999999998959,0.2399999999998959,0.2399999999998959,0.24,0.24,0.24,covered,0.9999999999995663
quadratic_star,coupling,6,QuadraticCoupling,0.46219711782757605,0.4175758217842476,0.27999999999996533,0.27999999999996533,0.27999999999996533,0.28,0.28,0.28,covered,0.9999999999998761
quadratic_star,coupling,7,QuadraticCoupling,0.46219711782757605,0.8122838717339673,0.15999999999993061,0.15999999999977796,0.1599999999998543,0.16,0.16,0.16,covered,0.9999999999995663
quadratic_star,coupling,8,QuadraticCoupling,0.46219711782757605,0.8231617843112878,0.2,0.20000000000041634,0.20000000000020818,0.2,0.2,0.2,covered,1.0000000000020817
quadratic_star,coupling,9,QuadraticCoupling,0.46219711782757605,0.15201321267735685,0.24000000000041632,0.24000000000041632,0.24000000000041632,0.24,0.24,0.24,covered,1.0000000000017348
quadratic_star,coupling,10,QuadraticCoupling,0.46219711782757605,0.2598587994114672,0.2800000000001388,0.2800000000001388,0.2800000000001388,0.28,0.28,0.28,covered,1.0000000000004956
quadratic_dense,module,0,QuadraticWell,0.5993043603637905,,4.0,,,3.9999999999999982,,,covered,1.0000000000000004
quadratic_dense,module,1,QuadraticWell,0.4575535695800478,,0.5,,,0.49999999999999994,,,covered,1.0000000000000002
quadratic_dense,module,2,QuadraticWell,0.4891671823723829,,1.0,,,0.9999999999999998,,,covered,1.0000000000000002
quadratic_dense,module,3,QuadraticWell,0.940063788177018,,0.25,,,0.25,,,covered,1.0
quadratic_dense,module,4,QuadraticWell,0.872006481804008,,2.0,,,1.9999999999999993,,,covered,1.0000000000000004
quadratic_dense,module,5,QuadraticWell,0.5356742585986218,,8.0,,,8.0,,,covered,1.0
quadratic_dense,coupling,0,QuadraticCoupling,0.5993043603637905,0.4575535695800478,0.11555481063928723,0.11555481063916619,0.11555481063922671,0.11555481063921069,0.11555481063921069,0.11555481063921069,covered,1.0000000000006624
quadratic_dense,coupling,1,QuadraticCoupling,0.5993043603637905,0.940063788177018,0.1653511929326671,0.1653511929326671,0.1653511929326671,0.1653511929325368,0.1653511929325368,0.1653511929325368,covered,1.000000000000788
quadratic_dense,coupling,2,QuadraticCoupling,0.4575535695800478,0.4891671823723829,0.17648116148872653,0.17648116148872653,0.17648116148872653,0.1764811614887221,0.1764811614887221,0.1764811614887221,covered,1.000000000000025
quadratic_dense,coupling,3,QuadraticCoupling,0.4575535695800478,0.940063788177018,0.10584331549326993,0.10584331549316359,0.10584331549321677,0.10584331549312131,0.10584331549312131,0.10584331549312131,covered,1.0000000000014042
quadratic_dense,coupling,4,QuadraticCoupling,0.4575535695800478,0.5356742585986218,0.1270847683331375,0.12708476833314908,0.1270847683331433,0.127084768333176,0.127084768333176,0.127084768333176,covered,0.9999999999997882
quadratic_dense,coupling,5,QuadraticCoupling,0.4891671823723829,0.940063788177018,0.19968142355075172,0.19968142355116628,0.199681423550959,0.19968142355089594,0.19968142355089594,0.19968142355089594,covered,1.0000000000013538
quadratic_dense,coupling,6,QuadraticCoupling,0.940063788177018,0.872006481804008,0.22722457359430231,0.22722457359430231,0.22722457359430231,0.22722457359431703,0.22722457359431703,0.22722457359431703,covered,0.9999999999999353
quadratic_dense,coupling,7,QuadraticCoupling,0.940063788177018,0.5356742585986218,0.20724684208242533,0.20724684208242533,0.20724684208242533,0.20724684208230748,0.20724684208230748,0.20724684208230748,covered,1.0000000000005687
quadratic_dense,coupling,8,QuadraticCoupling,0.872006481804008,0.5356742585986218,0.10107628250950944,0.10107628250950944,0.10107628250950944,0.10107628250945741,0.10107628250945741,0.10107628250945741,covered,1.0000000000005147
quadratic_dense,module,0,QuadraticWell,0.14602876113815616,,4.0,,,3.9999999999999982,,,covered,1.0000000000000004
quadratic_dense,module,1,QuadraticWell,0.6166941521782503,,0.5,,,0.49999999999999994,,,covered,1.0000000000000002
quadratic_dense,module,2,QuadraticWell,0.6240239930027018,,1.0,,,0.9999999999999998,,,covered,1.0000000000000002
quadratic_dense,module,3,QuadraticWell,0.02345321180129229,,0.24999999999991326,,,0.25,,,covered,0.999999999999653
quadratic_dense,module,4,QuadraticWell,0.780732123120084,,2.0,,,1.9999999999999993,,,covered,1.0000000000000004
quadratic_dense,module,5,QuadraticWell,0.37811339610740824,,8.0,,,8.0,,,covered,1.0
quadratic_dense,coupling,0,QuadraticCoupling,0.14602876113815616,0.6166941521782503,0.11555481063916619,0.1155548106394607,0.11555481063931344,0.11555481063921069,0.11555481063921069,0.11555481063921069,covered,1.0000000000021636
quadratic_dense,coupling,1,QuadraticCoupling,0.14602876113815616,0.02345321180129229,0.1653511929324431,0.16535119293261522,0.16535119293252915,0.1653511929325368,0.1653511929325368,0.1653511929325368,covered,1.0000000000004743
quadratic_dense,coupling,2,QuadraticCoupling,0.6166941521782503,0.6240239930027018,0.17648116148873041,0.17648116148873041,0.17648116148873041,0.1764811614887221,0.1764811614887221,0.1764811614887221,covered,1.000000000000047
quadratic_dense,coupling,3,QuadraticCoupling,0.6166941521782503,0.02345321180129229,0.10584331549316359,0.1058433154933801,0.10584331549327183,0.10584331549312131,0.10584331549312131,0.10584331549312131,covered,1.000000000002445
quadratic_dense,coupling,4,QuadraticCoupling,0.6166941521782503,0.37811339610740824,0.12708476833314908,0.1270847683331375,0.1270847683331433,0.127084768333176,0.127084768333176,0.127084768333176,covered,0.9999999999997882
quadratic_dense,coupling,5,QuadraticCoupling,0.6240239930027018,0.02345321180129229,0.1996814235504724,0.19968142355095955,0.19968142355071597,0.19968142355089594,0.19968142355089594,0.19968142355089594,covered,1.0000000000003186
quadratic_dense,coupling,6,QuadraticCoupling,0.02345321180129229,0.780732123120084,0.22722457359570608,0.22722457359534315,0.22722457359552461,0.22722457359431703,0.22722457359431703,0.22722457359431703,covered,1.000000000006113
quadratic_dense,coupling,7,QuadraticCoupling,0.02345321180129229,0.37811339610740824,0.20724684208287836,0.20724684208266264,0.2072468420827705,0.20724684208230748,0.20724684208230748,0.20724684208230748,covered,1.0000000000027545
quadratic_dense,coupling,8,QuadraticCoupling,0.780732123120084,0.37811339610740824,0.10107628250950944,0.10107628250964223,0.10107628250957584,0.10107628250945741,0.10107628250945741,0.10107628250945741,covered,1.0000000000018285
quadratic_dense,module,0,QuadraticWell,0.12027860698662857,,4.000000000005551,,,3.9999999999999982,,,covered,1.0000000000013882
quadratic_dense,module,1,QuadraticWell,0.10517521551718982,,0.5000000000006939,,,0.49999999999999994,,,covered,1.000000000001388
quadratic_dense,module,2,QuadraticWell,0.6486000840549553,,1.0,,,0.9999999999999998,,,covered,1.0000000000000002
quadratic_dense,module,3,QuadraticWell,0.28341496786432424,,0.25,,,0.25,,,covered,1.0
quadratic_dense,module,4,QuadraticWell,0.1368895431989867,,2.0,,,1.9999999999999993,,,covered,1.0000000000000004
quadratic_dense,module,5,QuadraticWell,0.7133926278024918,,8.0,,,8.0,,,covered,1.0
quadratic_dense,coupling,0,QuadraticCoupling,0.12027860698662857,0.10517521551718982,0.11555481063920728,0.11555481063920728,0.11555481063920728,0.11555481063921069,0.11555481063921069,0.11555481063921069,covered,0.9999999999999705
quadratic_dense,coupling,1,QuadraticCoupling,0.12027860698662857,0.28341496786432424,0.16535119293284606,0.16535119293261658,0.16535119293273132,0.1653511929325368,0.1653511929325368,0.1653511929325368,covered,1.0000000000018703
quadratic_dense,coupling,2,QuadraticCoupling,0.10517521551718982,0.6486000840549553,0.17648116148884133,0.17648116148888218,0.17648116148886175,0.1764811614887221,0.1764811614887221,0.1764811614887221,covered,1.000000000000907
quadratic_dense,coupling,3,QuadraticCoupling,0.10517521551718982,0.28341496786432424,0.10584331549324334,0.10584331549309646,0.1058433154931699,0.10584331549312131,0.10584331549312131,0.10584331549312131,covered,1.0000000000011529
quadratic_dense,coupling,4,QuadraticCoupling,0.10517521551718982,0.7133926278024918,0.1270847683331404,0.1270847683329756,0.12708476833305798,0.127084768333176,0.127084768333176,0.127084768333176,covered,0.9999999999997198
quadratic_dense,coupling,5,QuadraticCoupling,0.6486000840549553,0.28341496786432424,0.19968142355116628,0.19968142355075172,0.199681423550959,0.19968142355089594,0.19968142355089594,0.19968142355089594,covered,1.0000000000013538
quadratic_dense,coupling,6,QuadraticCoupling,0.28341496786432424,0.1368895431989867,0.22722457359442874,0.22722457359442874,0.22722457359442874,0.22722457359431703,0.22722457359431703,0.22722457359431703,covered,1.0000000000004916
quadratic_dense,coupling,7,QuadraticCoupling,0.28341496786432424,0.7133926278024918,0.20724684208196875,0.20724684208173144,0.2072468420818501,0.20724684208230748,0.20724684208230748,0.20724684208230748,covered,0.9999999999983655
quadratic_dense,coupling,8,QuadraticCoupling,0.1368895431989867,0.7133926278024918,0.10107628250964223,0.10107628250950944,0.10107628250957584,0.10107628250945741,0.10107628250945741,0.10107628250945741,covered,1.0000000000018285
quadratic_dense,module,0,QuadraticWell,0.8172426354570078,,4.0,,,3.9999999999999982,,,covered,1.0000000000000004
quadratic_dense,module,1,QuadraticWell,0.47216654804031816,,0.5,,,0.49999999999999994,,,covered,1.0000000000000002
quadratic_dense,module,2,QuadraticWell,0.5025770754745361,,1.0,,,0.9999999999999998,,,covered,1.0000000000000002
quadratic_dense,module,3,QuadraticWell,0.877471487292075,,0.25,,,0.25,,,covered,1.0
quadratic_dense,module,4,QuadraticWell,0.5524125899898202,,2.0,,,1.9999999999999993,,,covered,1.0000000000000004
quadratic_dense,module,5,QuadraticWell,0.16062861558181418,,8.0,,,8.0,,,covered,1.0
quadratic_dense,coupling,0,QuadraticCoupling,0.8172426354570078,0.47216654804031816,0.1155548106394607,0.11555481063951313,0.11555481063948692,0.11555481063921069,0.11555481063921069,0.11555481063921069,covered,1.0000000000026172
quadratic_dense,coupling,1,QuadraticCoupling,0.8172426354570078,0.877471487292075,0.16535119293249362,0.16535119293249362,0.16535119293249362,0.1653511929325368,0.1653511929325368,0.1653511929325368,covered,0.9999999999997388
quadratic_dense,coupling,2,QuadraticCoupling,0.47216654804031816,0.5025770754745361,0.17648116148872653,0.1764811614887087,0.17648116148871762,0.1764811614887221,0.1764811614887221,0.1764811614887221,covered,1.000000000000025
quadratic_dense,coupling,3,QuadraticCoupling,0.47216654804031816,0.877471487292075,0.10584331549292299,0.10584331549316359,0.1058433154930433,0.10584331549312131,0.10584331549312131,0.10584331549312131,covered,1.0000000000003995
quadratic_dense,coupling,4,QuadraticCoupling,0.47216654804031816,0.16062861558181418,0.12708476833331098,0.12708476833331098,0.12708476833331098,0.127084768333176,0.127084768333176,0.127084768333176,covered,1.000000000001062
quadratic_dense,coupling,5,QuadraticCoupling,0.5025770754745361,0.877471487292075,0.19968142355116628,0.19968142355116628,0.19968142355116628,0.19968142355089594,0.19968142355089594,0.19968142355089594,covered,1.0000000000013538
quadratic_dense,coupling,6,QuadraticCoupling,0.877471487292075,0.5524125899898202,0.22722457359464926,0.22722457359464926,0.22722457359464926,0.22722457359431703,0.22722457359431703,0.22722457359431703,covered,1.0000000000014622
quadratic_dense,coupling,7,QuadraticCoupling,0.877471487292075,0.16062861558181418,0.20724684208173144,0.20724684208335653,0.20724684208254399,0.20724684208230748,0.20724684208230748,0.20724684208230748,covered,1.0000000000050617
quadratic_dense,coupling,8,QuadraticCoupling,0.5524125899898202,0.16062861558181418,0.10107628250950944,0.10107628250929529,0.10107628250940237,0.10107628250945741,0.10107628250945741,0.10107628250945741,covered,1.0000000000005147
quadratic_dense,module,0,QuadraticWell,0.9084495387955158,,4.0,,,3.9999999999999982,,,covered,1.0000000000000004
quadratic_dense,module,1,QuadraticWell,0.6675516202745331,,0.5,,,0.49999999999999994,,,covered,1.0000000000000002
quadratic_dense,module,2,QuadraticWell,0.16768133031062052,,1.0,,,0.9999999999999998,,,covered,1.0000000000000002
quadratic_dense,module,3,QuadraticWell,0.09758641373452946,,0.25,,,0.25,,,covered,1.0
quadratic_dense,module,4,QuadraticWell,0.19344049059674387,,2.0,,,1.9999999999999993,,,covered,1.0000000000000004
quadratic_dense,module,5,QuadraticWell,0.8308101109226962,,8.0,,,8.0,,,covered,1.0
quadratic_dense,coupling,0,QuadraticCoupling,0.9084495387955158,0.6675516202745331,0.11555481063911376,0.11555481063911376,0.11555481063911376,0.11555481063921069,0.11555481063921069,0.11555481063921069,covered,0.9999999999991611
quadratic_dense,coupling,1,QuadraticCoupling,0.9084495387955158,0.09758641373452946,0.16535119293162626,0.16535119293232564,0.16535119293197595,0.1653511929325368,0.1653511929325368,0.1653511929325368,covered,0.9999999999987229
quadratic_dense,coupling,2,QuadraticCoupling,0.6675516202745331,0.16768133031062052,0.17648116148888218,0.1764811614885964,0.1764811614887393,0.1764811614887221,0.1764811614887221,0.1764811614887221,covered,1.000000000000907
quadratic_dense,coupling,3,QuadraticCoupling,0.6675516202745331,0.09758641373452946,0.10584331549316359,0.10584331549341681,0.10584331549329021,0.10584331549312131,0.10584331549312131,0.10584331549312131,covered,1.0000000000027918
quadratic_dense,coupling,4,QuadraticCoupling,0.6675516202745331,0.8308101109226962,0.12708476833314908,0.12708476833314908,0.12708476833314908,0.127084768333176,0.127084768333176,0.127084768333176,covered,0.9999999999997882
quadratic_dense,coupling,5,QuadraticCoupling,0.16768133031062052,0.09758641373452946,0.1996814235509252,0.19968142355085536,0.19968142355089027,0.19968142355089594,0.19968142355089594,0.19968142355089594,covered,1.0000000000001465
quadratic_dense,coupling,6,QuadraticCoupling,0.09758641373452946,0.19344049059674387,0.22722457359439713,0.22722457359442874,0.22722457359441295,0.22722457359431703,0.22722457359431703,0.22722457359431703,covered,1.0000000000004916
quadratic_dense,coupling,7,QuadraticCoupling,0.09758641373452946,0.8308101109226962,0.20724684208225638,0.20724684208173144,0.2072468420819939,0.20724684208230748,0.20724684208230748,0.20724684208230748,covered,0.9999999999997534
quadratic_dense,coupling,8,QuadraticCoupling,0.19344049059674387,0.8308101109226962,0.10107628250894835,0.10107628250881555,0.10107628250888195,0.10107628250945741,0.10107628250945741,0.10107628250945741,covered,0.9999999999949636
quadratic_dense,module,0,QuadraticWell,0.6300858578333693,,4.0,,,3.9999999999999982,,,covered,1.0000000000000004
quadratic_dense,module,1,QuadraticWell,0.942891152195806,,0.5,,,0.49999999999999994,,,covered,1.0000000000000002
quadratic_dense,module,2,QuadraticWell,0.49978883181785705,,1.0,,,0.9999999999999998,,,covered,1.0000000000000002
quadratic_dense,module,3,QuadraticWell,0.5715064361496227,,0.25,,,0.25,,,covered,1.0
quadratic_dense,module,4,QuadraticWell,0.11925739580143635,,2.0000000000027756,,,1.9999999999999993,,,covered,1.0000000000013882
quadratic_dense,module,5,QuadraticWell,0.7585353962123321,,8.0,,,8.0,,,covered,1.0
quadratic_dense,coupling,0,QuadraticCoupling,0.6300858578333693,0.942891152195806,0.11555481063911376,0.11555481063911376,0.11555481063911376,0.11555481063921069,0.11555481063921069,0.11555481063921069,covered,0.9999999999991611
quadratic_dense,coupling,1,QuadraticCoupling,0.6300858578333693,0.5715064361496227,0.16535119293258035,0.16535119293258035,0.16535119293258035,0.1653511929325368,0.1653511929325368,0.1653511929325368,covered,1.0000000000002633
quadratic_dense,coupling,2,QuadraticCoupling,0.942891152195806,0.49978883181785705,0.1764811614881883,0.1764811614885964,0.17648116148839235,0.1764811614887221,0.1764811614887221,0.1764811614887221,covered,0.9999999999992879
quadratic_dense,coupling,3,QuadraticCoupling,0.942891152195806,0.5715064361496227,0.10584331549316359,0.10584331549316359,0.10584331549316359,0.10584331549312131,0.10584331549312131,0.10584331549312131,covered,1.0000000000003995
quadratic_dense,coupling,4,QuadraticCoupling,0.942891152195806,0.7585353962123321,0.12708476833314908,0.12708476833314908,0.12708476833314908,0.127084768333176,0.127084768333176,0.127084768333176,covered,0.9999999999997882
quadratic_dense,coupling,5,QuadraticCoupling,0.49978883181785705,0.5715064361496227,0.19968142355083845,0.19968142355090607,0.19968142355087226,0.19968142355089594,0.19968142355089594,0.19968142355089594,covered,1.0000000000000506
quadratic_dense,coupling,6,QuadraticCoupling,0.5715064361496227,0.11925739580143635,0.22722457359464926,0.22722457359509102,0.22722457359487014,0.22722457359431703,0.22722457359431703,0.22722457359431703,covered,1.0000000000034064
quadratic_dense,coupling,7,QuadraticCoupling,0.5715064361496227,0.7585353962123321,0.2072468420820784,0.2072468420820784,0.2072468420820784,0.20724684208230748,0.20724684208230748,0.20724684208230748,covered,0.9999999999988946
quadratic_dense,coupling,8,QuadraticCoupling,0.11925739580143635,0.7585353962123321,0.10107628250839473,0.10107628250881555,0.10107628250860515,0.10107628250945741,0.10107628250945741,0.10107628250945741,covered,0.9999999999936497
quadratic_dense,module,0,QuadraticWell,0.6956123149644419,,4.0,,,3.9999999999999982,,,covered,1.0000000000000004
quadratic_dense,module,1,QuadraticWell,0.32830693872311995,,0.5,,,0.49999999999999994,,,covered,1.0000000000000002
quadratic_dense,module,2,QuadraticWell,0.7907383683233339,,1.0,,,0.9999999999999998,,,covered,1.0000000000000002
quadratic_dense,module,3,QuadraticWell,0.5324923088607532,,0.25,,,0.25,,,covered,1.0
quadratic_dense,module,4,QuadraticWell,0.6548087081518719,,2.0,,,1.9999999999999993,,,covered,1.0000000000000004
quadratic_dense,module,5,QuadraticWell,0.15891143906684987,,8.0,,,8.0,,,covered,1.0
quadratic_dense,coupling,0,QuadraticCoupling,0.6956123149644419,0.32830693872311995,0.11555481063911376,0.11555481063916619,0.11555481063913997,0.11555481063921069,0.11555481063921069,0.11555481063921069,covered,0.9999999999996149
quadratic_dense,coupling,1,QuadraticCoupling,0.6956123149644419,0.5324923088607532,0.16535119293249362,0.16535119293249362,0.16535119293249362,0.1653511929325368,0.1653511929325368,0.1653511929325368,covered,0.9999999999997388
quadratic_dense,coupling,2,QuadraticCoupling,0.32830693872311995,0.7907383683233339,0.1764811614885964,0.17648116148888218,0.1764811614887393,0.1764811614887221,0.1764811614887221,0.1764811614887221,covered,1.000000000000907
quadratic_dense,coupling,3,QuadraticCoupling,0.32830693872311995,0.5324923088607532,0.10584331549309646,0.10584331549316359,0.10584331549313003,0.10584331549312131,0.10584331549312131,0.10584331549312131,covered,1.0000000000003995
quadratic_dense,coupling,4,QuadraticCoupling,0.32830693872311995,0.15891143906684987,0.12708476833331098,0.12708476833331098,0.12708476833331098,0.127084768333176,0.127084768333176,0.127084768333176,covered,1.000000000001062
quadratic_dense,coupling,5,QuadraticCoupling,0.7907383683233339,0.5324923088607532,0.19968142355081933,0.19968142355081933,0.19968142355081933,0.19968142355089594,0.19968142355089594,0.19968142355089594,covered,0.9999999999996163
quadratic_dense,coupling,6,QuadraticCoupling,0.5324923088607532,0.6548087081518719,0.22722457359430231,0.22722457359430231,0.22722457359430231,0.22722457359431703,0.22722457359431703,0.22722457359431703,covered,0.9999999999999353
quadratic_dense,coupling,7,QuadraticCoupling,0.5324923088607532,0.15891143906684987,0.20724684208242533,0.20724684208266264,0.20724684208254399,0.20724684208230748,0.20724684208230748,0.20724684208230748,covered,1.0000000000017137
quadratic_dense,coupling,8,QuadraticCoupling,0.6548087081518719,0.15891143906684987,0.10107628250950944,0.10107628250964223,0.10107628250957584,0.10107628250945741,0.10107628250945741,0.10107628250945741,covered,1.0000000000018285
quadratic_dense,module,0,QuadraticWell,0.36816489801059704,,4.0,,,3.9999999999999982,,,covered,1.0000000000000004
quadratic_dense,module,1,QuadraticWell,0.7761323768846407,,0.5,,,0.49999999999999994,,,covered,1.0000000000000002
quadratic_dense,module,2,QuadraticWell,0.3193460301990231,,1.0,,,0.9999999999999998,,,covered,1.0000000000000002
quadratic_dense,module,3,QuadraticWell,0.520650382563608,,0.25,,,0.25,,,covered,1.0
quadratic_dense,module,4,QuadraticWell,0.5424417004129493,,2.0,,,1.9999999999999993,,,covered,1.0000000000000004
quadratic_dense,module,5,QuadraticWell,0.6425140758589525,,8.0,,,8.0,,,covered,1.0
quadratic_dense,coupling,0,QuadraticCoupling,0.36816489801059704,0.7761323768846407,0.11555481063951313,0.1155548106394607,0.11555481063948692,0.11555481063921069,0.11555481063921069,0.11555481063921069,covered,1.0000000000026172
quadratic_dense,coupling,1,QuadraticCoupling,0.36816489801059704,0.520650382563608,0.16535119293261658,0.16535119293249362,0.1653511929325551,0.1653511929325368,0.1653511929325368,0.1653511929325368,covered,1.0000000000004825
quadratic_dense,coupling,2,QuadraticCoupling,0.7761323768846407,0.3193460301990231,0.17648116148888218,0.1764811614892903,0.17648116148908624,0.1764811614887221,0.1764811614887221,0.1764811614887221,covered,1.0000000000032196
quadratic_dense,coupling,3,QuadraticCoupling,0.7761323768846407,0.520650382563608,0.10584331549316359,0.10584331549316359,0.10584331549316359,0.10584331549312131,0.10584331549312131,0.10584331549312131,covered,1.0000000000003995
quadratic_dense,coupling,4,QuadraticCoupling,0.7761323768846407,0.6425140758589525,0.12708476833314908,0.12708476833314908,0.12708476833314908,0.127084768333176,0.127084768333176,0.127084768333176,covered,0.9999999999997882
quadratic_dense,coupling,5,QuadraticCoupling,0.3193460301990231,0.520650382563608,0.19968142355075172,0.19968142355116628,0.199681423550959,0.19968142355089594,0.19968142355089594,0.19968142355089594,covered,1.0000000000013538
quadratic_dense,coupling,6,QuadraticCoupling,0.520650382563608,0.5424417004129493,0.22722457359430231,0.22722457359430231,0.22722457359430231,0.22722457359431703,0.22722457359431703,0.22722457359431703,covered,0.9999999999999353
quadratic_dense,coupling,7,QuadraticCoupling,0.520650382563608,0.6425140758589525,0.20724684208225186,0.20724684208225186,0.20724684208225186,0.20724684208230748,0.20724684208230748,0.20724684208230748,covered,0.9999999999997317
quadratic_dense,coupling,8,QuadraticCoupling,0.5424417004129493,0.6425140758589525,0.10107628250950944,0.10107628250950944,0.10107628250950944,0.10107628250945741,0.10107628250945741,0.10107628250945741,covered,1.0000000000005147
ill_conditioned_ring,module,0,QuadraticWell,0.6010448753611416,,0.5213956364515241,,,0.5213956364518769,,,covered,0.9999999999993233
ill_conditioned_ring,module,1,QuadraticWell,0.37210970181453284,,1.478085527427307,,,1.478085527430565,,,covered,0.9999999999977958
ill_conditioned_ring,module,2,QuadraticWell,0.02415122212795684,,0.10923684132004453,,,0.10923684131998462,,,covered,1.0000000000005485
ill_conditioned_ring,module,3,QuadraticWell,0.7409591411709501,,15.41334688613192,,,15.413346886099353,,,covered,1.000000000002113
ill_conditioned_ring,module,4,QuadraticWell,0.8579234791341559,,0.3096715486844641,,,0.30967154868431807,,,covered,1.0000000000004716
ill_conditioned_ring,module,5,QuadraticWell,0.29397055462242627,,2.4886604777871284,,,2.4886604777844563,,,covered,1.0000000000010738
ill_conditioned_ring,module,6,QuadraticWell,0.5699365128731002,,0.6765508364997822,,,0.676550836498855,,,covered,1.0000000000013705
ill_conditioned_ring,module,7,QuadraticWell,0.8539103329768345,,0.05000000000001735,,,0.05,,,covered,1.0000000000003468
ill_conditioned_ring,module,8,QuadraticWell,0.8374069240441451,,1.1391122480826847,,,1.1391122480805214,,,covered,1.0000000000018991
ill_conditioned_ring,module,9,QuadraticWell,0.24484060979273492,,19.999999999977796,,,20.0,,,covered,0.9999999999988898
ill_conditioned_ring,module,10,QuadraticWell,0.364571458750391,,0.23865375003144926,,,0.23865375003134995,,,covered,1.0000000000004161
ill_conditioned_ring,module,11,QuadraticWell,0.14059122450119443,,9.15442068733147,,,9.15442068734601,,,covered,0.9999999999984117
ill_conditioned_ring,module,12,QuadraticWell,0.012609901855983985,,0.8778766110884375,,,0.8778766110934768,,,covered,0.9999999999942597
ill_conditioned_ring,module,13,QuadraticWell,0.3240594596358829,,0.0648788356864178,,,0.06487883568635296,,,covered,1.0000000000009994
ill_conditioned_ring,module,14,QuadraticWell,0.6796428897959691,,0.401822590476605,,,0.40182259047656643,,,covered,1.000000000000096
ill_conditioned_ring,module,15,QuadraticWell,0.11040841051568961,,0.1839226517434003,,,0.18392265174508207,,,covered,0.9999999999908561
ill_conditioned_ring,module,16,QuadraticWell,0.3289955544296731,,0.14174318157790658,,,0.14174318157790983,,,covered,0.9999999999999771
ill_conditioned_ring,module,17,QuadraticWell,0.4402915288765674,,11.878563111566208,,,11.87856311156143,,,covered,1.0000000000004023
ill_conditioned_ring,module,18,QuadraticWell,0.2406685059211987,,7.0550130797526975,,,7.055013079767405,,,covered,0.9999999999979153
ill_conditioned_ring,module,19,QuadraticWell,0.29360492024538465,,1.9179293612900632,,,1.9179293612908799,,,covered,0.9999999999995742
ill_conditioned_ring,module,20,QuadraticWell,0.595874001423874,,5.437068194221364,,,5.4370681942211565,,,covered,1.0000000000000382
ill_conditioned_ring,module,21,QuadraticWell,0.16729356741799506,,3.2292278843460878,,,3.2292278843459683,,,covered,1.000000000000037
ill_conditioned_ring,module,22,QuadraticWell,0.8700031384838958,,0.0841852664002823,,,0.08418526640033569,,,covered,0.9999999999993658
ill_conditioned_ring,module,23,QuadraticWell,0.8045070226326774,,4.190170906045649,,,4.190170906045426,,,covered,1.0000000000000533
ill_conditioned_ring,coupling,0,QuadraticCoupling,0.6010448753611416,0.37210970181453284,0.12000000000000693,0.12000000000003469,0.12000000000002081,0.12,0.12,0.12,covered,1.000000000000289
ill_conditioned_ring,coupling,1,QuadraticCoupling,0.37210970181453284,0.02415122212795684,0.18000000000013877,0.18000000000032612,0.18000000000023245,0.18,0.18,0.18,covered,1.0000000000018119
ill_conditioned_ring,coupling,2,QuadraticCoupling,0.02415122212795684,0.7409591411709501,0.23999999999858446,0.23999999999966692,0.2399999999991257,0.24,0.24,0.24,covered,0.9999999999986122
ill_conditioned_ring,coupling,3,QuadraticCoupling,0.7409591411709501,0.8579234791341559,0.12000000000000693,0.12000000000000693,0.12000000000000693,0.12,0.12,0.12,covered,1.0000000000000577
ill_conditioned_ring,coupling,4,QuadraticCoupling,0.8579234791341559,0.29397055462242627,0.1799999999997502,0.18000000000152655,0.18000000000063837,0.18,0.18,0.18,covered,1.0000000000084808
ill_conditioned_ring,coupling,5,QuadraticCoupling,0.29397055462242627,0.5699365128731002,0.24000000000041632,0.2400000000003608,0.24000000000038857,0.24,0.24,0.24,covered,1.0000000000017348
ill_conditioned_ring,coupling,6,QuadraticCoupling,0.5699365128731002,0.8539103329768345,0.11999999999983346,0.11999999999983346,0.11999999999983346,0.12,0.12,0.12,covered,0.9999999999986122
ill_conditioned_ring,coupling,7,QuadraticCoupling,0.8539103329768345,0.8374069240441451,0.1800000000000104,0.1800000000000104,0.1800000000000104,0.18,0.18,0.18,covered,1.0000000000000577
ill_conditioned_ring,coupling,8,QuadraticCoupling,0.8374069240441451,0.24484060979273492,0.23999999999966692,0.24000000000111021,0.24000000000038857,0.24,0.24,0.24,covered,1.0000000000046259
ill_conditioned_ring,coupling,9,QuadraticCoupling,0.24484060979273492,0.364571458750391,0.12000000000003469,0.12000000000003469,0.12000000000003469,0.12,0.12,0.12,covered,1.000000000000289
ill_conditioned_ring,coupling,10,QuadraticCoupling,0.364571458750391,0.14059122450119443,0.17999999999979183,0.17999999999979183,0.17999999999979183,0.18,0.18,0.18,covered,0.9999999999988435
ill_conditioned_ring,coupling,11,QuadraticCoupling,0.14059122450119443,0.012609901855983985,0.24000000000006938,0.24000000000031918,0.24000000000019428,0.24,0.24,0.24,covered,1.00000000000133
ill_conditioned_ring,coupling,12,QuadraticCoupling,0.012609901855983985,0.3240594596358829,0.12000000000033306,0.12000000000020816,0.12000000000027061,0.12,0.12,0.12,covered,1.0000000000027756
ill_conditioned_ring,coupling,13,QuadraticCoupling,0.3240594596358829,0.6796428897959691,0.18000000000013877,0.1799999999997502,0.17999999999994448,0.18,0.18,0.18,covered,1.000000000000771
ill_conditioned_ring,coupling,14,QuadraticCoupling,0.6796428897959691,0.11040841051568961,0.2400000000010547,0.2400000000000555,0.2400000000005551,0.24,0.24,0.24,covered,1.0000000000043947
ill_conditioned_ring,coupling,15,QuadraticCoupling,0.11040841051568961,0.3289955544296731,0.12000000000020122,0.12000000000003469,0.12000000000011796,0.12,0.12,0.12,covered,1.0000000000016769
ill_conditioned_ring,coupling,16,QuadraticCoupling,0.3289955544296731,0.4402915288765674,0.1799999999999653,0.1799999999999653,0.1799999999999653,0.18,0.18,0.18,covered,0.9999999999998073
ill_conditioned_ring,coupling,17,QuadraticCoupling,0.4402915288765674,0.2406685059211987,0.24000000000006938,0.24000000000006938,0.24000000000006938,0.24,0.24,0.24,covered,1.000000000000289
ill_conditioned_ring,coupling,18,QuadraticCoupling,0.2406685059211987,0.29360492024538465,0.11999999999999132,0.11999999999999132,0.11999999999999132,0.12,0.12,0.12,covered,0.9999999999999277
ill_conditioned_ring,coupling,19,QuadraticCoupling,0.29360492024538465,0.595874001423874,0.17999999999979183,0.18000000000009714,0.17999999999994448,0.18,0.18,0.18,covered,1.0000000000005398
ill_conditioned_ring,coupling,20,QuadraticCoupling,0.595874001423874,0.16729356741799506,0.23999999999966692,0.23999999999972244,0.23999999999969468,0.24,0.24,0.24,covered,0.9999999999988435
ill_conditioned_ring,coupling,21,QuadraticCoupling,0.16729356741799506,0.8700031384838958,0.11999999999916733,0.11999999999983346,0.1199999999995004,0.12,0.12,0.12,covered,0.9999999999986122
ill_conditioned_ring,coupling,22,QuadraticCoupling,0.8700031384838958,0.8045070226326774,0.1800000000000104,0.1800000000000104,0.1800000000000104,0.18,0.18,0.18,covered,1.0000000000000577
ill_conditioned_ring,coupling,23,QuadraticCoupling,0.8045070226326774,0.6010448753611416,0.1600000000001249,0.1600000000001249,0.1600000000001249,0.16,0.16,0.16,covered,1.0000000000007807
ill_conditioned_ring,module,0,QuadraticWell,0.411423435905484,,0.5213956364527931,,,0.5213956364518769,,,covered,1.000000000001757
ill_conditioned_ring,module,1,QuadraticWell,0.5819017876436875,,1.478085527429961,,,1.478085527430565,,,covered,0.9999999999995912
ill_conditioned_ring,module,2,QuadraticWell,0.14701506419622346,,0.10923684131993083,,,0.10923684131998462,,,covered,0.9999999999995076
ill_conditioned_ring,module,3,QuadraticWell,0.5711494656821481,,15.413346886087512,,,15.413346886099353,,,covered,0.9999999999992317
ill_conditioned_ring,module,4,QuadraticWell,0.07358728424451354,,0.30967154868456265,,,0.30967154868431807,,,covered,1.0000000000007898
ill_conditioned_ring,module,5,QuadraticWell,0.09721885563488634,,2.488660477785031,,,2.4886604777844563,,,covered,1.000000000000231
ill_conditioned_ring,module,6,QuadraticWell,0.07426896351189381,,0.6765508364983533,,,0.676550836498855,,,covered,0.9999999999992586
ill_conditioned_ring,module,7,QuadraticWell,0.37532216600361595,,0.05,,,0.05,,,covered,1.0
ill_conditioned_ring,module,8,QuadraticWell,0.08548578334700534,,1.1391122480807179,,,1.1391122480805214,,,covered,1.0000000000001725
ill_conditioned_ring,module,9,QuadraticWell,0.5531252745353671,,20.0,,,20.0,,,covered,1.0
ill_conditioned_ring,module,10,QuadraticWell,0.39467191916232497,,0.23865375003127579,,,0.23865375003134995,,,covered,0.9999999999996892
ill_conditioned_ring,module,11,QuadraticWell,0.7712530275056745,,9.154420687360084,,,9.15442068734601,,,covered,1.0000000000015374
ill_conditioned_ring,module,12,QuadraticWell,0.2480592370372735,,0.8778766110902994,,,0.8778766110934768,,,covered,0.9999999999963806
ill_conditioned_ring,module,13,QuadraticWell,0.4087804391395314,,0.06487883568624432,,,0.06487883568635296,,,covered,0.9999999999983256
ill_conditioned_ring,module,14,QuadraticWell,0.3654898260781486,,0.40182259047645613,,,0.40182259047656643,,,covered,0.9999999999997256
ill_conditioned_ring,module,15,QuadraticWell,0.38059851259483274,,0.18392265174522673,,,0.18392265174508207,,,covered,1.0000000000007865
ill_conditioned_ring,module,16,QuadraticWell,0.38629770027519805,,0.1417431815778849,,,0.14174318157790983,,,covered,0.9999999999998241
ill_conditioned_ring,module,17,QuadraticWell,0.18545070659045942,,11.878563111566208,,,11.87856311156143,,,covered,1.0000000000004023
ill_conditioned_ring,module,18,QuadraticWell,0.8366567173777791,,7.055013079769656,,,7.055013079767405,,,covered,1.000000000000319
ill_conditioned_ring,module,19,QuadraticWell,0.5510623299610798,,1.9179293612909953,,,1.9179293612908799,,,covered,1.0000000000000602
ill_conditioned_ring,module,20,QuadraticWell,0.4982000124081112,,5.437068194219632,,,5.4370681942211565,,,covered,0.9999999999997197
ill_conditioned_ring,module,21,QuadraticWell,0.3801620287621358,,3.2292278843460878,,,3.2292278843459683,,,covered,1.000000000000037
ill_conditioned_ring,module,22,QuadraticWell,0.9464397396951747,,0.08418526640019557,,,0.08418526640033569,,,covered,0.9999999999983356
ill_conditioned_ring,module,23,QuadraticWell,0.036733895285026893,,4.190170906047501,,,4.190170906045426,,,covered,1.0000000000004952
ill_conditioned_ring,coupling,0,QuadraticCoupling,0.411423435905484,0.5819017876436875,0.12000000000003469,0.12000000000000693,0.12000000000002081,0.12,0.12,0.12,covered,1.000000000000289
ill_conditioned_ring,coupling,1,QuadraticCoupling,0.5819017876436875,0.14701506419622346,0.1799999999997502,0.18000000000013877,0.17999999999994448,0.18,0.18,0.18,covered,1.000000000000771
ill_conditioned_ring,coupling,2,QuadraticCoupling,0.14701506419622346,0.5711494656821481,0.23999999999972244,0.23999999999966692,0.23999999999969468,0.24,0.24,0.24,covered,0.9999999999988435
ill_conditioned_ring,coupling,3,QuadraticCoupling,0.5711494656821481,0.07358728424451354,0.1200000000001804,0.12000000000002775,0.12000000000010408,0.12,0.12,0.12,covered,1.0000000000015035
ill_conditioned_ring,coupling,4,QuadraticCoupling,0.07358728424451354,0.09721885563488634,0.17999999999999827,0.17999999999999827,0.17999999999999827,0.18,0.18,0.18,covered,0.9999999999999905
ill_conditioned_ring,coupling,5,QuadraticCoupling,0.09721885563488634,0.07426896351189381,0.23999999999996877,0.23999999999996877,0.23999999999996877,0.24,0.24,0.24,covered,0.9999999999998699
ill_conditioned_ring,coupling,6,QuadraticCoupling,0.07426896351189381,0.37532216600361595,0.1200000000003747,0.12000000000020816,0.12000000000029143,0.12,0.12,0.12,covered,1.0000000000031226
ill_conditioned_ring,coupling,7,QuadraticCoupling,0.37532216600361595,0.08548578334700534,0.18000000000013877,0.17999999999969468,0.17999999999991673,0.18,0.18,0.18,covered,1.000000000000771
ill_conditioned_ring,coupling,8,QuadraticCoupling,0.08548578334700534,0.5531252745353671,0.2400000000000555,0.23999999999966692,0.2399999999998612,0.24,0.24,0.24,covered,1.0000000000002314
ill_conditioned_ring,coupling,9,QuadraticCoupling,0.5531252745353671,0.39467191916232497,0.12000000000000693,0.12000000000003469,0.12000000000002081,0.12,0.12,0.12,covered,1.000000000000289
ill_conditioned_ring,coupling,10,QuadraticCoupling,0.39467191916232497,0.7712530275056745,0.18000000000013877,0.1799999999997502,0.17999999999994448,0.18,0.18,0.18,covered,1.000000000000771
ill_conditioned_ring,coupling,11,QuadraticCoupling,0.7712530275056745,0.2480592370372735,0.23999999999966692,0.24000000000111021,0.24000000000038857,0.24,0.24,0.24,covered,1.0000000000046259
ill_conditioned_ring,coupling,12,QuadraticCoupling,0.2480592370372735,0.4087804391395314,0.12000000000003469,0.12000000000003469,0.12000000000003469,0.12,0.12,0.12,covered,1.000000000000289
ill_conditioned_ring,coupling,13,QuadraticCoupling,0.4087804391395314,0.3654898260781486,0.18000000000000868,0.18000000000000868,0.18000000000000868,0.18,0.18,0.18,covered,1.0000000000000482
ill_conditioned_ring,coupling,14,QuadraticCoupling,0.3654898260781486,0.38059851259483274,0.24000000000000435,0.24000000000000435,0.24000000000000435,0.24,0.24,0.24,covered,1.0000000000000182
ill_conditioned_ring,coupling,15,QuadraticCoupling,0.38059851259483274,0.38629770027519805,0.11999999999999675,0.11999999999999675,0.11999999999999675,0.12,0.12,0.12,covered,0.9999999999999729
ill_conditioned_ring,coupling,16,QuadraticCoupling,0.38629770027519805,0.18545070659045942,0.18000000000013877,0.18000000000013877,0.18000000000013877,0.18,0.18,0.18,covered,1.000000000000771
ill_conditioned_ring,coupling,17,QuadraticCoupling,0.18545070659045942,0.8366567173777791,0.23999999999972244,0.23999999999966692,0.23999999999969468,0.24,0.24,0.24,covered,0.9999999999988435
ill_conditioned_ring,coupling,18,QuadraticCoupling,0.8366567173777791,0.5510623299610798,0.1200000000001804,0.1200000000001804,0.1200000000001804,0.12,0.12,0.12,covered,1.0000000000015035
ill_conditioned_ring,coupling,19,QuadraticCoupling,0.5510623299610798,0.4982000124081112,0.1800000000000104,0.1799999999999653,0.17999999999998784,0.18,0.18,0.18,covered,1.0000000000000577
ill_conditioned_ring,coupling,20,QuadraticCoupling,0.4982000124081112,0.3801620287621358,0.24000000000006938,0.24000000000006938,0.24000000000006938,0.24,0.24,0.24,covered,1.000000000000289
ill_conditioned_ring,coupling,21,QuadraticCoupling,0.3801620287621358,0.9464397396951747,0.11999999999916733,0.11999999999983346,0.1199999999995004,0.12,0.12,0.12,covered,0.9999999999986122
ill_conditioned_ring,coupling,22,QuadraticCoupling,0.9464397396951747,0.036733895285026893,0.1799999999990563,0.17999999999956978,0.17999999999931304,0.18,0.18,0.18,covered,0.9999999999976099
ill_conditioned_ring,coupling,23,QuadraticCoupling,0.036733895285026893,0.411423435905484,0.16000000000004164,0.15999999999993061,0.15999999999998613,0.16,0.16,0.16,covered,1.0000000000002602
ill_conditioned_ring,module,0,QuadraticWell,0.5403801465804909,,0.5213956364529119,,,0.5213956364518769,,,covered,1.0000000000019849
ill_conditioned_ring,module,1,QuadraticWell,0.5560218387267916,,1.4780855274327365,,,1.478085527430565,,,covered,1.000000000001469
ill_conditioned_ring,module,2,QuadraticWell,0.14663908472605655,,0.1092368413201043,,,0.10923684131998462,,,covered,1.0000000000010956
ill_conditioned_ring,module,3,QuadraticWell,0.9334145877246459,,15.41334688617633,,,15.413346886099353,,,covered,1.0000000000049942
ill_conditioned_ring,module,4,QuadraticWell,0.4906471253688942,,0.30967154868430635,,,0.30967154868431807,,,covered,0.9999999999999621
ill_conditioned_ring,module,5,QuadraticWell,0.9663633216456647,,2.48866047778429,,,2.4886604777844563,,,covered,0.999999999999933
ill_conditioned_ring,module,6,QuadraticWell,0.5815787762311325,,0.6765508364983944,,,0.676550836498855,,,covered,0.9999999999993193
ill_conditioned_ring,module,7,QuadraticWell,0.8974527319416257,,0.05000000000001735,,,0.05,,,covered,1.0000000000003468
ill_conditioned_ring,module,8,QuadraticWell,0.8701384186679478,,1.1391122480826847,,,1.1391122480805214,,,covered,1.0000000000018991
ill_conditioned_ring,module,9,QuadraticWell,0.8598243503928072,,19.99999999995559,,,20.0,,,covered,0.9999999999977796
ill_conditioned_ring,module,10,QuadraticWell,0.04372534335979815,,0.23865375003144138,,,0.23865375003134995,,,covered,1.000000000000383
ill_conditioned_ring,module,11,QuadraticWell,0.2182742210079046,,9.154420687353674,,,9.15442068734601,,,covered,1.0000000000008373
ill_conditioned_ring,module,12,QuadraticWell,0.6598805712720259,,0.8778766110937848,,,0.8778766110934768,,,covered,1.0000000000003508
ill_conditioned_ring,module,13,QuadraticWell,0.7168971878871289,,0.06487883568634426,,,0.06487883568635296,,,covered,0.9999999999998659
ill_conditioned_ring,module,14,QuadraticWell,0.917756597125448,,0.401822590476605,,,0.40182259047656643,,,covered,1.000000000000096
ill_conditioned_ring,module,15,QuadraticWell,0.3888236384659242,,0.18392265174522673,,,0.18392265174508207,,,covered,1.0000000000007865
ill_conditioned_ring,module,16,QuadraticWell,0.8738657740169922,,0.14174318157806456,,,0.14174318157790983,,,covered,1.0000000000010916
ill_conditioned_ring,module,17,QuadraticWell,0.4217095244970635,,11.878563111566208,,,11.87856311156143,,,covered,1.0000000000004023
ill_conditioned_ring,module,18,QuadraticWell,0.6185101801988682,,7.0550130797675745,,,7.055013079767405,,,covered,1.000000000000024
ill_conditioned_ring,module,19,QuadraticWell,0.37842901802975304,,1.9179293612900632,,,1.9179293612908799,,,covered,0.9999999999995742
ill_conditioned_ring,module,20,QuadraticWell,0.5568071500142481,,5.437068194222059,,,5.4370681942211565,,,covered,1.0000000000001659
ill_conditioned_ring,module,21,QuadraticWell,0.556703569239806,,3.229227884341809,,,3.2292278843459683,,,covered,0.9999999999987119
ill_conditioned_ring,module,22,QuadraticWell,0.24867633661294955,,0.08418526640024866,,,0.08418526640033569,,,covered,0.9999999999989663
ill_conditioned_ring,module,23,QuadraticWell,0.5018525584196657,,4.190170906045649,,,4.190170906045426,,,covered,1.0000000000000533
ill_conditioned_ring,coupling,0,QuadraticCoupling,0.5403801465804909,0.5560218387267916,0.1199999999999961,0.1199999999999961,0.1199999999999961,0.12,0.12,0.12,covered,0.9999999999999675
ill_conditioned_ring,coupling,1,QuadraticCoupling,0.5560218387267916,0.14663908472605655,0.1799999999997502,0.17999999999944488,0.17999999999959754,0.18,0.18,0.18,covered,0.9999999999986122
ill_conditioned_ring,coupling,2,QuadraticCoupling,0.14663908472605655,0.9334145877246459,0.23999999999972244,0.23999999999966692,0.23999999999969468,0.24,0.24,0.24,covered,0.9999999999988435
ill_conditioned_ring,coupling,3,QuadraticCoupling,0.9334145877246459,0.4906471253688942,0.11999999999983346,0.11999999999986122,0.11999999999984734,0.12,0.12,0.12,covered,0.9999999999988435
ill_conditioned_ring,coupling,4,QuadraticCoupling,0.4906471253688942,0.9663633216456647,0.18000000000013877,0.1799999999997502,0.17999999999994448,0.18,0.18,0.18,covered,1.000000000000771
ill_conditioned_ring,coupling,5,QuadraticCoupling,0.9663633216456647,0.5815787762311325,0.2400000000003608,0.2400000000003608,0.2400000000003608,0.24,0.24,0.24,covered,1.0000000000015035
ill_conditioned_ring,coupling,6,QuadraticCoupling,0.5815787762311325,0.8974527319416257,0.1200000000001804,0.1200000000001804,0.1200000000001804,0.12,0.12,0.12,covered,1.0000000000015035
ill_conditioned_ring,coupling,7,QuadraticCoupling,0.8974527319416257,0.8701384186679478,0.1800000000000104,0.1800000000000104,0.1800000000000104,0.18,0.18,0.18,covered,1.0000000000000577
ill_conditioned_ring,coupling,8,QuadraticCoupling,0.8701384186679478,0.8598243503928072,0.24000000000001387,0.24000000000001387,0.24000000000001387,0.24,0.24,0.24,covered,1.0000000000000577
ill_conditioned_ring,coupling,9,QuadraticCoupling,0.8598243503928072,0.04372534335979815,0.12000000000052735,0.11999999999994448,0.12000000000023592,0.12,0.12,0.12,covered,1.0000000000043947
ill_conditioned_ring,coupling,10,QuadraticCoupling,0.04372534335979815,0.2182742210079046,0.17999999999991673,0.18000000000013877,0.18000000000002775,0.18,0.18,0.18,covered,1.000000000000771
ill_conditioned_ring,coupling,11,QuadraticCoupling,0.2182742210079046,0.6598805712720259,0.23999999999972244,0.23999999999966692,0.23999999999969468,0.24,0.24,0.24,covered,0.9999999999988435
ill_conditioned_ring,coupling,12,QuadraticCoupling,0.6598805712720259,0.7168971878871289,0.12000000000000693,0.12000000000000693,0.12000000000000693,0.12,0.12,0.12,covered,1.0000000000000577
ill_conditioned_ring,coupling,13,QuadraticCoupling,0.7168971878871289,0.917756597125448,0.18000000000009714,0.18000000000009714,0.18000000000009714,0.18,0.18,0.18,covered,1.0000000000005398
ill_conditioned_ring,coupling,14,QuadraticCoupling,0.917756597125448,0.3888236384659242,0.2400000000010547,0.24000000000111021,0.24000000000108246,0.24,0.24,0.24,covered,1.0000000000046259
ill_conditioned_ring,coupling,15,QuadraticCoupling,0.3888236384659242,0.8738657740169922,0.11999999999986122,0.11999999999983346,0.11999999999984734,0.12,0.12,0.12,covered,0.9999999999988435
ill_conditioned_ring,coupling,16,QuadraticCoupling,0.8738657740169922,0.4217095244970635,0.18000000000044408,0.17999999999944488,0.17999999999994448,0.18,0.18,0.18,covered,1.0000000000024671
ill_conditioned_ring,coupling,17,QuadraticCoupling,0.4217095244970635,0.6185101801988682,0.24000000000006938,0.24000000000001387,0.24000000000004162,0.24,0.24,0.24,covered,1.000000000000289
ill_conditioned_ring,coupling,18,QuadraticCoupling,0.6185101801988682,0.37842901802975304,0.12000000000000693,0.12000000000003469,0.12000000000002081,0.12,0.12,0.12,covered,1.000000000000289
ill_conditioned_ring,coupling,19,QuadraticCoupling,0.37842901802975304,0.5568071500142481,0.18000000000013877,0.18000000000009714,0.18000000000011795,0.18,0.18,0.18,covered,1.000000000000771
ill_conditioned_ring,coupling,20,QuadraticCoupling,0.5568071500142481,0.556703569239806,0.24,0.24,0.24,0.24,0.24,0.24,covered,1.0
ill_conditioned_ring,coupling,21,QuadraticCoupling,0.556703569239806,0.24867633661294955,0.1200000000001804,0.12000000000020816,0.12000000000019428,0.12,0.12,0.12,covered,1.0000000000017348
ill_conditioned_ring,coupling,22,QuadraticCoupling,0.24867633661294955,0.5018525584196657,0.18000000000013877,0.18000000000009714,0.18000000000011795,0.18,0.18,0.18,covered,1.000000000000771
ill_conditioned_ring,coupling,23,QuadraticCoupling,0.5018525584196657,0.5403801465804909,0.15999999999999479,0.15999999999999479,0.15999999999999479,0.16,0.16,0.16,covered,0.9999999999999674
ill_conditioned_ring,module,0,QuadraticWell,0.47533169116470686,,0.5213956364527931,,,0.5213956364518769,,,covered,1.000000000001757
ill_conditioned_ring,module,1,QuadraticWell,0.08479688435813795,,1.4780855274293583,,,1.478085527430565,,,covered,0.9999999999991835
ill_conditioned_ring,module,2,QuadraticWell,0.2373962669947634,,0.1092368413199742,,,0.10923684131998462,,,covered,0.9999999999999046
ill_conditioned_ring,module,3,QuadraticWell,0.027210257248169292,,15.413346886084607,,,15.413346886099353,,,covered,0.9999999999990433
ill_conditioned_ring,module,4,QuadraticWell,0.564802309901286,,0.309671548684334,,,0.30967154868431807,,,covered,1.0000000000000515
ill_conditioned_ring,module,5,QuadraticWell,0.5275855129308351,,2.4886604777846366,,,2.4886604777844563,,,covered,1.0000000000000724
ill_conditioned_ring,module,6,QuadraticWell,0.393418969580709,,0.67655083650019,,,0.676550836498855,,,covered,1.0000000000019733
ill_conditioned_ring,module,7,QuadraticWell,0.23249380626059218,,0.05,,,0.05,,,covered,1.0
ill_conditioned_ring,module,8,QuadraticWell,0.505776115375015,,1.1391122480799092,,,1.1391122480805214,,,covered,0.9999999999994625
ill_conditioned_ring,module,9,QuadraticWell,0.3539495571259538,,20.000000000022204,,,20.0,,,covered,1.0000000000011102
ill_conditioned_ring,module,10,QuadraticWell,0.7695627823245177,,0.2386537500312128,,,0.23865375003134995,,,covered,0.9999999999994253
ill_conditioned_ring,module,11,QuadraticWell,0.4906877857924672,,9.154420687346041,,,9.15442068734601,,,covered,1.0000000000000036
ill_conditioned_ring,module,12,QuadraticWell,0.8107456249042851,,0.8778766110934813,,,0.8778766110934768,,,covered,1.000000000000005
ill_conditioned_ring,module,13,QuadraticWell,0.27710113064527214,,0.0648788356864178,,,0.06487883568635296,,,covered,1.0000000000009994
ill_conditioned_ring,module,14,QuadraticWell,0.7307460625150572,,0.4018225904759111,,,0.40182259047656643,,,covered,0.9999999999983692
ill_conditioned_ring,module,15,QuadraticWell,0.27788519630640734,,0.18392265174522673,,,0.18392265174508207,,,covered,1.0000000000007865
ill_conditioned_ring,module,16,QuadraticWell,0.12018810490411454,,0.14174318157799487,,,0.14174318157790983,,,covered,1.0000000000006
ill_conditioned_ring,module,17,QuadraticWell,0.18621462748801365,,11.8785631115218,,,11.87856311156143,,,covered,0.9999999999966637
ill_conditioned_ring,module,18,QuadraticWell,0.0676151956180253,,7.055013079784693,,,7.055013079767405,,,covered,1.0000000000024505
ill_conditioned_ring,module,19,QuadraticWell,0.8536041241709916,,1.9179293612923831,,,1.9179293612908799,,,covered,1.0000000000007838
ill_conditioned_ring,module,20,QuadraticWell,0.70521652827326,,5.437068194222059,,,5.4370681942211565,,,covered,1.0000000000001659
ill_conditioned_ring,module,21,QuadraticWell,0.1879513633610752,,3.2292278843460878,,,3.2292278843459683,,,covered,1.000000000000037
ill_conditioned_ring,module,22,QuadraticWell,0.8173667405184811,,0.08418526640032567,,,0.08418526640033569,,,covered,0.999999999999881
ill_conditioned_ring,module,23,QuadraticWell,0.4856932354700067,,4.190170906044594,,,4.190170906045426,,,covered,0.9999999999998014
ill_conditioned_ring,coupling,0,QuadraticCoupling,0.47533169116470686,0.08479688435813795,0.11999999999986122,0.1199999999996808,0.11999999999977101,0.12,0.12,0.12,covered,0.9999999999988435
ill_conditioned_ring,coupling,1,QuadraticCoupling,0.08479688435813795,0.2373962669947634,0.17999999999986815,0.1799999999999653,0.17999999999991673,0.18,0.18,0.18,covered,0.9999999999998073
ill_conditioned_ring,coupling,2,QuadraticCoupling,0.2373962669947634,0.027210257248169292,0.24000000000006938,0.23999999999997224,0.2400000000000208,0.24,0.24,0.24,covered,1.000000000000289
ill_conditioned_ring,coupling,3,QuadraticCoupling,0.027210257248169292,0.564802309901286,0.12000000000068001,0.12000000000052735,0.12000000000060368,0.12,0.12,0.12,covered,1.0000000000056668
ill_conditioned_ring,coupling,4,QuadraticCoupling,0.564802309901286,0.5275855129308351,0.17999999999996705,0.17999999999996705,0.17999999999996705,0.18,0.18,0.18,covered,0.9999999999998169
ill_conditioned_ring,coupling,5,QuadraticCoupling,0.5275855129308351,0.393418969580709,0.24000000000001387,0.24000000000006938,0.24000000000004162,0.24,0.24,0.24,covered,1.000000000000289
ill_conditioned_ring,coupling,6,QuadraticCoupling,0.393418969580709,0.23249380626059218,0.12000000000003469,0.12000000000003469,0.12000000000003469,0.12,0.12,0.12,covered,1.000000000000289
ill_conditioned_ring,coupling,7,QuadraticCoupling,0.23249380626059218,0.505776115375015,0.18000000000013877,0.1799999999997502,0.17999999999994448,0.18,0.18,0.18,covered,1.000000000000771
ill_conditioned_ring,coupling,8,QuadraticCoupling,0.505776115375015,0.3539495571259538,0.24000000000001387,0.24000000000006938,0.24000000000004162,0.24,0.24,0.24,covered,1.000000000000289
ill_conditioned_ring,coupling,9,QuadraticCoupling,0.3539495571259538,0.7695627823245177,0.12000000000020816,0.1200000000001804,0.12000000000019428,0.12,0.12,0.12,covered,1.0000000000017348
ill_conditioned_ring,coupling,10,QuadraticCoupling,0.7695627823245177,0.4906877857924672,0.1799999999997502,0.18000000000013877,0.17999999999994448,0.18,0.18,0.18,covered,1.000000000000771
ill_conditioned_ring,coupling,11,QuadraticCoupling,0.4906877857924672,0.8107456249042851,0.24000000000041632,0.2400000000003608,0.24000000000038857,0.24,0.24,0.24,covered,1.0000000000017348
ill_conditioned_ring,coupling,12,QuadraticCoupling,0.8107456249042851,0.27710113064527214,0.11999999999983346,0.11999999999986122,0.11999999999984734,0.12,0.12,0.12,covered,0.9999999999988435
ill_conditioned_ring,coupling,13,QuadraticCoupling,0.27710113064527214,0.7307460625150572,0.18000000000013877,0.18000000000044408,0.18000000000029143,0.18,0.18,0.18,covered,1.0000000000024671
ill_conditioned_ring,coupling,14,QuadraticCoupling,0.7307460625150572,0.27788519630640734,0.23999999999966692,0.23999999999972244,0.23999999999969468,0.24,0.24,0.24,covered,0.9999999999988435
ill_conditioned_ring,coupling,15,QuadraticCoupling,0.27788519630640734,0.12018810490411454,0.12000000000003469,0.12000000000002775,0.12000000000003122,0.12,0.12,0.12,covered,1.000000000000289
ill_conditioned_ring,coupling,16,QuadraticCoupling,0.12018810490411454,0.18621462748801365,0.1799999999999549,0.1799999999999653,0.17999999999996008,0.18,0.18,0.18,covered,0.9999999999998073
ill_conditioned_ring,coupling,17,QuadraticCoupling,0.18621462748801365,0.0676151956180253,0.24000000000006938,0.2400000000000555,0.24000000000006244,0.24,0.24,0.24,covered,1.000000000000289
ill_conditioned_ring,coupling,18,QuadraticCoupling,0.0676151956180253,0.8536041241709916,0.11999999999933386,0.11999999999983346,0.11999999999958366,0.12,0.12,0.12,covered,0.9999999999986122
ill_conditioned_ring,coupling,19,QuadraticCoupling,0.8536041241709916,0.70521652827326,0.17999999999992367,0.17999999999992367,0.17999999999992367,0.18,0.18,0.18,covered,0.999999999999576
ill_conditioned_ring,coupling,20,QuadraticCoupling,0.70521652827326,0.1879513633610752,0.23999999999966692,0.23999999999833466,0.2399999999990008,0.24,0.24,0.24,covered,0.9999999999986122
ill_conditioned_ring,coupling,21,QuadraticCoupling,0.1879513633610752,0.8173667405184811,0.11999999999986122,0.12000000000052735,0.12000000000019428,0.12,0.12,0.12,covered,1.0000000000043947
ill_conditioned_ring,coupling,22,QuadraticCoupling,0.8173667405184811,0.4856932354700067,0.1799999999997502,0.18000000000013877,0.17999999999994448,0.18,0.18,0.18,covered,1.000000000000771
ill_conditioned_ring,coupling,23,QuadraticCoupling,0.4856932354700067,0.47533169116470686,0.15999999999999567,0.15999999999999567,0.15999999999999567,0.16,0.16,0.16,covered,0.9999999999999729
ill_conditioned_ring,module,0,QuadraticWell,0.16477557872523205,,0.5213956364514053,,,0.5213956364518769,,,covered,0.9999999999990955
ill_conditioned_ring,module,1,QuadraticWell,0.43703364363399816,,1.4780855274328581,,,1.478085527430565,,,covered,1.0000000000015514
ill_conditioned_ring,module,2,QuadraticWell,0.4466838789927611,,0.1092368413201043,,,0.10923684131998462,,,covered,1.0000000000010956
ill_conditioned_ring,module,3,QuadraticWell,0.6181085392628347,,15.413346886087512,,,15.413346886099353,,,covered,0.9999999999992317
ill_conditioned_ring,module,4,QuadraticWell,0.24238445287659893,,0.3096715486841329,,,0.30967154868431807,,,covered,0.999999999999402
ill_conditioned_ring,module,5,QuadraticWell,0.6000708189110187,,2.4886604777849834,,,2.4886604777844563,,,covered,1.0000000000002118
ill_conditioned_ring,module,6,QuadraticWell,0.8774467942178347,,0.6765508364987414,,,0.676550836498855,,,covered,0.9999999999998321
ill_conditioned_ring,module,7,QuadraticWell,0.6332299360967224,,0.05000000000001735,,,0.05,,,covered,1.0000000000003468
ill_conditioned_ring,module,8,QuadraticWell,0.10179937937803285,,1.1391122480807179,,,1.1391122480805214,,,covered,1.0000000000001725
ill_conditioned_ring,module,9,QuadraticWell,0.19044077616398483,,20.000000000022204,,,20.0,,,covered,1.0000000000011102
ill_conditioned_ring,module,10,QuadraticWell,0.6913436767637839,,0.23865375003155975,,,0.23865375003134995,,,covered,1.000000000000879
ill_conditioned_ring,module,11,QuadraticWell,0.2000476653071986,,9.15442068733147,,,9.15442068734601,,,covered,0.9999999999984117
ill_conditioned_ring,module,12,QuadraticWell,0.22838897476037137,,0.8778766110930749,,,0.8778766110934768,,,covered,0.9999999999995421
ill_conditioned_ring,module,13,QuadraticWell,0.7631871008144321,,0.06487883568635239,,,0.06487883568635296,,,covered,0.9999999999999912
ill_conditioned_ring,module,14,QuadraticWell,0.9512652845172346,,0.401822590476605,,,0.40182259047656643,,,covered,1.000000000000096
ill_conditioned_ring,module,15,QuadraticWell,0.5147785647354907,,0.18392265174520686,,,0.18392265174508207,,,covered,1.0000000000006786
ill_conditioned_ring,module,16,QuadraticWell,0.5444359520571104,,0.14174318157806456,,,0.14174318157790983,,,covered,1.0000000000010916
ill_conditioned_ring,module,17,QuadraticWell,0.7685818394642231,,11.878563111559984,,,11.87856311156143,,,covered,0.9999999999998783
ill_conditioned_ring,module,18,QuadraticWell,0.13237278815983083,,7.055013079774902,,,7.055013079767405,,,covered,1.0000000000010627
ill_conditioned_ring,module,19,QuadraticWell,0.7003041259619067,,1.9179293612896076,,,1.9179293612908799,,,covered,0.9999999999993366
ill_conditioned_ring,module,20,QuadraticWell,0.263880934950515,,5.437068194219632,,,5.4370681942211565,,,covered,0.9999999999997197
ill_conditioned_ring,module,21,QuadraticWell,0.30227061458639115,,3.2292278843460878,,,3.2292278843459683,,,covered,1.000000000000037
ill_conditioned_ring,module,22,QuadraticWell,0.5838791114333237,,0.08418526640036904,,,0.08418526640033569,,,covered,1.0000000000003961
ill_conditioned_ring,module,23,QuadraticWell,0.2686318158819548,,4.190170906044594,,,4.190170906045426,,,covered,0.9999999999998014
ill_conditioned_ring,coupling,0,QuadraticCoupling,0.16477557872523205,0.43703364363399816,0.11999999999986122,0.11999999999986122,0.11999999999986122,0.12,0.12,0.12,covered,0.9999999999988435
ill_conditioned_ring,coupling,1,QuadraticCoupling,0.43703364363399816,0.4466838789927611,0.17999999999999783,0.17999999999999783,0.17999999999999783,0.18,0.18,0.18,covered,0.999999999999988
ill_conditioned_ring,coupling,2,QuadraticCoupling,0.4466838789927611,0.6181085392628347,0.24000000000006938,0.24000000000001387,0.24000000000004162,0.24,0.24,0.24,covered,1.000000000000289
ill_conditioned_ring,coupling,3,QuadraticCoupling,0.6181085392628347,0.24238445287659893,0.1200000000001804,0.12000000000020816,0.12000000000019428,0.12,0.12,0.12,covered,1.0000000000017348
ill_conditioned_ring,coupling,4,QuadraticCoupling,0.24238445287659893,0.6000708189110187,0.17999999999944488,0.18000000000044408,0.17999999999994448,0.18,0.18,0.18,covered,1.0000000000024671
ill_conditioned_ring,coupling,5,QuadraticCoupling,0.6000708189110187,0.8774467942178347,0.23999999999966692,0.23999999999966692,0.23999999999966692,0.24,0.24,0.24,covered,0.9999999999986122
ill_conditioned_ring,coupling,6,QuadraticCoupling,0.8774467942178347,0.6332299360967224,0.12000000000000693,0.12000000000000693,0.12000000000000693,0.12,0.12,0.12,covered,1.0000000000000577
ill_conditioned_ring,coupling,7,QuadraticCoupling,0.6332299360967224,0.10179937937803285,0.18000000000044408,0.17999999999969468,0.18000000000006938,0.18,0.18,0.18,covered,1.0000000000024671
ill_conditioned_ring,coupling,8,QuadraticCoupling,0.10179937937803285,0.19044077616398483,0.2400000000000555,0.24000000000006938,0.24000000000006244,0.24,0.24,0.24,covered,1.000000000000289
ill_conditioned_ring,coupling,9,QuadraticCoupling,0.19044077616398483,0.6913436767637839,0.11999999999986122,0.1200000000001804,0.12000000000002081,0.12,0.12,0.12,covered,1.0000000000015035
ill_conditioned_ring,coupling,10,QuadraticCoupling,0.6913436767637839,0.2000476653071986,0.1799999999997502,0.18000000000013877,0.17999999999994448,0.18,0.18,0.18,covered,1.000000000000771
ill_conditioned_ring,coupling,11,QuadraticCoupling,0.2000476653071986,0.22838897476037137,0.23999999999998264,0.23999999999998264,0.23999999999998264,0.24,0.24,0.24,covered,0.9999999999999277
ill_conditioned_ring,coupling,12,QuadraticCoupling,0.22838897476037137,0.7631871008144321,0.11999999999986122,0.11999999999983346,0.11999999999984734,0.12,0.12,0.12,covered,0.9999999999988435
ill_conditioned_ring,coupling,13,QuadraticCoupling,0.7631871008144321,0.9512652845172346,0.18000000000009714,0.18000000000009714,0.18000000000009714,0.18,0.18,0.18,covered,1.0000000000005398
ill_conditioned_ring,coupling,14,QuadraticCoupling,0.9512652845172346,0.5147785647354907,0.2400000000003608,0.2400000000003608,0.2400000000003608,0.24,0.24,0.24,covered,1.0000000000015035
ill_conditioned_ring,coupling,15,QuadraticCoupling,0.5147785647354907,0.5444359520571104,0.11999999999998526,0.11999999999998526,0.11999999999998526,0.12,0.12,0.12,covered,0.9999999999998772
ill_conditioned_ring,coupling,16,QuadraticCoupling,0.5444359520571104,0.7685818394642231,0.18000000000009714,0.18000000000009714,0.18000000000009714,0.18,0.18,0.18,covered,1.0000000000005398
ill_conditioned_ring,coupling,17,QuadraticCoupling,0.7685818394642231,0.13237278815983083,0.23999999999966692,0.23999999999972244,0.23999999999969468,0.24,0.24,0.24,covered,0.9999999999988435
ill_conditioned_ring,coupling,18,QuadraticCoupling,0.13237278815983083,0.7003041259619067,0.11999999999986122,0.11999999999983346,0.11999999999984734,0.12,0.12,0.12,covered,0.9999999999988435
ill_conditioned_ring,coupling,19,QuadraticCoupling,0.7003041259619067,0.263880934950515,0.1799999999997502,0.18000000000013877,0.17999999999994448,0.18,0.18,0.18,covered,1.000000000000771
ill_conditioned_ring,coupling,20,QuadraticCoupling,0.263880934950515,0.30227061458639115,0.24000000000006938,0.24000000000006938,0.24000000000006938,0.24,0.24,0.24,covered,1.000000000000289
ill_conditioned_ring,coupling,21,QuadraticCoupling,0.30227061458639115,0.5838791114333237,0.11999999999986122,0.11999999999983346,0.11999999999984734,0.12,0.12,0.12,covered,0.9999999999988435
ill_conditioned_ring,coupling,22,QuadraticCoupling,0.5838791114333237,0.2686318158819548,0.18000000000009714,0.18000000000013877,0.18000000000011795,0.18,0.18,0.18,covered,1.000000000000771
ill_conditioned_ring,coupling,23,QuadraticCoupling,0.2686318158819548,0.16477557872523205,0.15999999999993061,0.15999999999993061,0.15999999999993061,0.16,0.16,0.16,covered,0.9999999999995663
ill_conditioned_ring,module,0,QuadraticWell,0.15443672465716002,,0.5213956364541809,,,0.5213956364518769,,,covered,1.0000000000044187
ill_conditioned_ring,module,1,QuadraticWell,0.8335007708140436,,1.478085527430568,,,1.478085527430565,,,covered,1.000000000000002
ill_conditioned_ring,module,2,QuadraticWell,0.5946226687919492,,0.10923684132019028,,,0.10923684131998462,,,covered,1.0000000000018827
ill_conditioned_ring,module,3,QuadraticWell,0.4876118434780453,,15.413346886090768,,,15.413346886099353,,,covered,0.999999999999443
ill_conditioned_ring,module,4,QuadraticWell,0.7808877889378297,,0.3096715486837702,,,0.30967154868431807,,,covered,0.9999999999982309
ill_conditioned_ring,module,5,QuadraticWell,0.21060499952641945,,2.4886604777815773,,,2.4886604777844563,,,covered,0.9999999999988431
ill_conditioned_ring,module,6,QuadraticWell,0.5012278006366974,,0.6765508364997822,,,0.676550836498855,,,covered,1.0000000000013705
ill_conditioned_ring,module,7,QuadraticWell,0.18826302641976986,,0.05,,,0.05,,,covered,1.0
ill_conditioned_ring,module,8,QuadraticWell,0.8653400910520522,,1.1391122480771336,,,1.1391122480805214,,,covered,0.9999999999970259
ill_conditioned_ring,module,9,QuadraticWell,0.7338855097130501,,20.0,,,20.0,,,covered,1.0
ill_conditioned_ring,module,10,QuadraticWell,0.1316794197982879,,0.23865375003127579,,,0.23865375003134995,,,covered,0.9999999999996892
ill_conditioned_ring,module,11,QuadraticWell,0.16060191524527087,,9.154420687353674,,,9.15442068734601,,,covered,1.0000000000008373
ill_conditioned_ring,module,12,QuadraticWell,0.8380053962460807,,0.8778766110934378,,,0.8778766110934768,,,covered,0.9999999999999556
ill_conditioned_ring,module,13,QuadraticWell,0.7436265068344986,,0.0648788356863551,,,0.06487883568635296,,,covered,1.0000000000000329
ill_conditioned_ring,module,14,QuadraticWell,0.17132227626867924,,0.40182259047576224,,,0.40182259047656643,,,covered,0.9999999999979986
ill_conditioned_ring,module,15,QuadraticWell,0.47171784546068224,,0.18392265174522673,,,0.18392265174508207,,,covered,1.0000000000007865
ill_conditioned_ring,module,16,QuadraticWell,0.04694246905117417,,0.14174318157772303,,,0.14174318157790983,,,covered,0.9999999999986822
ill_conditioned_ring,module,17,QuadraticWell,0.8767460537798566,,11.878563111562759,,,11.87856311156143,,,covered,1.000000000000112
ill_conditioned_ring,module,18,QuadraticWell,0.1151783908674573,,7.055013079784693,,,7.055013079767405,,,covered,1.0000000000024505
ill_conditioned_ring,module,19,QuadraticWell,0.3549092933296615,,1.9179293612900632,,,1.9179293612908799,,,covered,0.9999999999995742
ill_conditioned_ring,module,20,QuadraticWell,0.030352577061778234,,5.437068194225291,,,5.4370681942211565,,,covered,1.0000000000007605
ill_conditioned_ring,module,21,QuadraticWell,0.6432630636414648,,3.229227884341809,,,3.2292278843459683,,,covered,0.9999999999987119
ill_conditioned_ring,module,22,QuadraticWell,0.12354052484069136,,0.0841852664003655,,,0.08418526640033569,,,covered,1.0000000000003542
ill_conditioned_ring,module,23,QuadraticWell,0.025968829995540545,,4.190170906048955,,,4.190170906045426,,,covered,1.0000000000008422
ill_conditioned_ring,coupling,0,QuadraticCoupling,0.15443672465716002,0.8335007708140436,0.12000000000055511,0.12000000000052735,0.12000000000054123,0.12,0.12,0.12,covered,1.0000000000046259
ill_conditioned_ring,coupling,1,QuadraticCoupling,0.8335007708140436,0.5946226687919492,0.18000000000009714,0.18000000000009714,0.18000000000009714,0.18,0.18,0.18,covered,1.0000000000005398
ill_conditioned_ring,coupling,2,QuadraticCoupling,0.5946226687919492,0.4876118434780453,0.24000000000001387,0.24000000000006938,0.24000000000004162,0.24,0.24,0.24,covered,1.000000000000289
ill_conditioned_ring,coupling,3,QuadraticCoupling,0.4876118434780453,0.7808877889378297,0.12000000000020816,0.1200000000001804,0.12000000000019428,0.12,0.12,0.12,covered,1.0000000000017348
ill_conditioned_ring,coupling,4,QuadraticCoupling,0.7808877889378297,0.21060499952641945,0.18000000000044408,0.18000000000013877,0.18000000000029143,0.18,0.18,0.18,covered,1.0000000000024671
ill_conditioned_ring,coupling,5,QuadraticCoupling,0.21060499952641945,0.5012278006366974,0.23999999999972244,0.23999999999966692,0.23999999999969468,0.24,0.24,0.24,covered,0.9999999999988435
ill_conditioned_ring,coupling,6,QuadraticCoupling,0.5012278006366974,0.18826302641976986,0.1200000000001804,0.12000000000020816,0.12000000000019428,0.12,0.12,0.12,covered,1.0000000000017348
ill_conditioned_ring,coupling,7,QuadraticCoupling,0.18826302641976986,0.8653400910520522,0.18000000000013877,0.18000000000044408,0.18000000000029143,0.18,0.18,0.18,covered,1.0000000000024671
ill_conditioned_ring,coupling,8,QuadraticCoupling,0.8653400910520522,0.7338855097130501,0.23999999999966692,0.23999999999966692,0.23999999999966692,0.24,0.24,0.24,covered,0.9999999999986122
ill_conditioned_ring,coupling,9,QuadraticCoupling,0.7338855097130501,0.1316794197982879,0.12000000000052735,0.11999999999986122,0.12000000000019428,0.12,0.12,0.12,covered,1.0000000000043947
ill_conditioned_ring,coupling,10,QuadraticCoupling,0.1316794197982879,0.16060191524527087,0.18000000000000868,0.18000000000000868,0.18000000000000868,0.18,0.18,0.18,covered,1.0000000000000482
ill_conditioned_ring,coupling,11,QuadraticCoupling,0.16060191524527087,0.8380053962460807,0.23999999999972244,0.23999999999966692,0.23999999999969468,0.24,0.24,0.24,covered,0.9999999999988435
ill_conditioned_ring,coupling,12,QuadraticCoupling,0.8380053962460807,0.7436265068344986,0.12000000000000693,0.12000000000000693,0.12000000000000693,0.12,0.12,0.12,covered,1.0000000000000577
ill_conditioned_ring,coupling,13,QuadraticCoupling,0.7436265068344986,0.17132227626867924,0.1799999999997502,0.179999999998751,0.1799999999992506,0.18,0.18,0.18,covered,0.9999999999986122
ill_conditioned_ring,coupling,14,QuadraticCoupling,0.17132227626867924,0.47171784546068224,0.24000000000041632,0.24000000000041632,0.24000000000041632,0.24,0.24,0.24,covered,1.0000000000017348
ill_conditioned_ring,coupling,15,QuadraticCoupling,0.47171784546068224,0.04694246905117417,0.11999999999986122,0.11999999999994448,0.11999999999990285,0.12,0.12,0.12,covered,0.9999999999995374
ill_conditioned_ring,coupling,16,QuadraticCoupling,0.04694246905117417,0.8767460537798566,0.18000000000095756,0.18000000000044408,0.18000000000070082,0.18,0.18,0.18,covered,1.0000000000053197
ill_conditioned_ring,coupling,17,QuadraticCoupling,0.8767460537798566,0.1151783908674573,0.23999999999966692,0.2400000000000555,0.2399999999998612,0.24,0.24,0.24,covered,1.0000000000002314
ill_conditioned_ring,coupling,18,QuadraticCoupling,0.1151783908674573,0.3549092933296615,0.12000000000002775,0.12000000000003469,0.12000000000003122,0.12,0.12,0.12,covered,1.000000000000289
ill_conditioned_ring,coupling,19,QuadraticCoupling,0.3549092933296615,0.030352577061778234,0.18000000000013877,0.18000000000032612,0.18000000000023245,0.18,0.18,0.18,covered,1.0000000000018119
ill_conditioned_ring,coupling,20,QuadraticCoupling,0.030352577061778234,0.6432630636414648,0.23999999999997224,0.23999999999966692,0.23999999999981958,0.24,0.24,0.24,covered,0.9999999999998843
ill_conditioned_ring,coupling,21,QuadraticCoupling,0.6432630636414648,0.12354052484069136,0.11999999999983346,0.12000000000002775,0.1199999999999306,0.12,0.12,0.12,covered,1.0000000000002314
ill_conditioned_ring,coupling,22,QuadraticCoupling,0.12354052484069136,0.025968829995540545,0.18000000000004163,0.18000000000015265,0.18000000000009714,0.18,0.18,0.18,covered,1.000000000000848
ill_conditioned_ring,coupling,23,QuadraticCoupling,0.025968829995540545,0.15443672465716002,0.15999999999992368,0.1600000000001041,0.16000000000001388,0.16,0.16,0.16,covered,1.0000000000006506
ill_conditioned_ring,module,0,QuadraticWell,0.16330557767931395,,0.5213956364514053,,,0.5213956364518769,,,covered,0.9999999999990955
ill_conditioned_ring,module,1,QuadraticWell,0.5159759250369319,,1.478085527429961,,,1.478085527430565,,,covered,0.9999999999995912
ill_conditioned_ring,module,2,QuadraticWell,0.0946732924604807,,0.10923684131990896,,,0.10923684131998462,,,covered,0.9999999999993073
ill_conditioned_ring,module,3,QuadraticWell,0.9777041341786984,,15.413346886087512,,,15.413346886099353,,,covered,0.9999999999992317
ill_conditioned_ring,module,4,QuadraticWell,0.14335115890935027,,0.3096715486841329,,,0.30967154868431807,,,covered,0.999999999999402
ill_conditioned_ring,module,5,QuadraticWell,0.13030731670965573,,2.4886604777815773,,,2.4886604777844563,,,covered,0.9999999999988431
ill_conditioned_ring,module,6,QuadraticWell,0.45610133448200657,,0.6765508364974144,,,0.676550836498855,,,covered,0.9999999999978708
ill_conditioned_ring,module,7,QuadraticWell,0.7486562804062036,,0.050000000000001085,,,0.05,,,covered,1.0000000000000215
ill_conditioned_ring,module,8,QuadraticWell,0.37812138329148665,,1.1391122480805247,,,1.1391122480805214,,,covered,1.0000000000000029
ill_conditioned_ring,module,9,QuadraticWell,0.920182785518913,,19.99999999995559,,,20.0,,,covered,0.9999999999977796
ill_conditioned_ring,module,10,QuadraticWell,0.2970912129446933,,0.23865375003127579,,,0.23865375003134995,,,covered,0.9999999999996892
ill_conditioned_ring,module,11,QuadraticWell,0.8413773509477505,,9.154420687337879,,,9.15442068734601,,,covered,0.9999999999991118
ill_conditioned_ring,module,12,QuadraticWell,0.8944913362296214,,0.8778766110937848,,,0.8778766110934768,,,covered,1.0000000000003508
ill_conditioned_ring,module,13,QuadraticWell,0.5899230390023106,,0.06487883568634426,,,0.06487883568635296,,,covered,0.9999999999998659
ill_conditioned_ring,module,14,QuadraticWell,0.8054384846630385,,0.401822590476605,,,0.40182259047656643,,,covered,1.000000000000096
ill_conditioned_ring,module,15,QuadraticWell,0.8586026656491066,,0.1839226517450334,,,0.18392265174508207,,,covered,0.9999999999997353
ill_conditioned_ring,module,16,QuadraticWell,0.9460675969365039,,0.14174318157806456,,,0.14174318157790983,,,covered,1.0000000000010916
ill_conditioned_ring,module,17,QuadraticWell,0.5270603008684742,,11.878563111565535,,,11.87856311156143,,,covered,1.0000000000003455
ill_conditioned_ring,module,18,QuadraticWell,0.7277541620055179,,7.055013079769656,,,7.055013079767405,,,covered,1.000000000000319
ill_conditioned_ring,module,19,QuadraticWell,0.506760910083588,,1.9179293612909953,,,1.9179293612908799,,,covered,1.0000000000000602
ill_conditioned_ring,module,20,QuadraticWell,0.2945186575739491,,5.437068194219632,,,5.4370681942211565,,,covered,0.9999999999997197
ill_conditioned_ring,module,21,QuadraticWell,0.25188825774371015,,3.2292278843460878,,,3.2292278843459683,,,covered,1.000000000000037
ill_conditioned_ring,module,22,QuadraticWell,0.9229831042146965,,0.0841852664002823,,,0.08418526640033569,,,covered,0.9999999999993658
ill_conditioned_ring,module,23,QuadraticWell,0.4521232498221894,,4.190170906044594,,,4.190170906045426,,,covered,0.9999999999998014
ill_conditioned_ring,coupling,0,QuadraticCoupling,0.16330557767931395,0.5159759250369319,0.11999999999986122,0.11999999999983346,0.11999999999984734,0.12,0.12,0.12,covered,0.9999999999988435
ill_conditioned_ring,coupling,1,QuadraticCoupling,0.5159759250369319,0.0946732924604807,0.1799999999997502,0.17999999999969468,0.17999999999972244,0.18,0.18,0.18,covered,0.9999999999986122
ill_conditioned_ring,coupling,2,QuadraticCoupling,0.0946732924604807,0.9777041341786984,0.2400000000000555,0.23999999999966692,0.2399999999998612,0.24,0.24,0.24,covered,1.0000000000002314
ill_conditioned_ring,coupling,3,QuadraticCoupling,0.9777041341786984,0.14335115890935027,0.11999999999983346,0.11999999999986122,0.11999999999984734,0.12,0.12,0.12,covered,0.9999999999988435
ill_conditioned_ring,coupling,4,QuadraticCoupling,0.14335115890935027,0.13030731670965573,0.18000000000000868,0.18000000000000868,0.18000000000000868,0.18,0.18,0.18,covered,1.0000000000000482
ill_conditioned_ring,coupling,5,QuadraticCoupling,0.13030731670965573,0.45610133448200657,0.24000000000041632,0.24000000000041632,0.24000000000041632,0.24,0.24,0.24,covered,1.0000000000017348
ill_conditioned_ring,coupling,6,QuadraticCoupling,0.45610133448200657,0.7486562804062036,0.12000000000020816,0.1200000000001804,0.12000000000019428,0.12,0.12,0.12,covered,1.0000000000017348
ill_conditioned_ring,coupling,7,QuadraticCoupling,0.7486562804062036,0.37812138329148665,0.18000000000044408,0.17999999999944488,0.17999999999994448,0.18,0.18,0.18,covered,1.0000000000024671
ill_conditioned_ring,coupling,8,QuadraticCoupling,0.37812138329148665,0.920182785518913,0.24000000000111021,0.2400000000010547,0.24000000000108246,0.24,0.24,0.24,covered,1.0000000000046259
ill_conditioned_ring,coupling,9,QuadraticCoupling,0.920182785518913,0.2970912129446933,0.11999999999983346,0.12000000000055511,0.12000000000019428,0.12,0.12,0.12,covered,1.0000000000046259
ill_conditioned_ring,coupling,10,QuadraticCoupling,0.2970912129446933,0.8413773509477505,0.17999999999944488,0.18000000000044408,0.17999999999994448,0.18,0.18,0.18,covered,1.0000000000024671
ill_conditioned_ring,coupling,11,QuadraticCoupling,0.8413773509477505,0.8944913362296214,0.24000000000001387,0.24000000000001387,0.24000000000001387,0.24,0.24,0.24,covered,1.0000000000000577
ill_conditioned_ring,coupling,12,QuadraticCoupling,0.8944913362296214,0.5899230390023106,0.1200000000001804,0.1200000000001804,0.1200000000001804,0.12,0.12,0.12,covered,1.0000000000015035
ill_conditioned_ring,coupling,13,QuadraticCoupling,0.5899230390023106,0.8054384846630385,0.1799999999997502,0.1799999999997502,0.1799999999997502,0.18,0.18,0.18,covered,0.9999999999986122
ill_conditioned_ring,coupling,14,QuadraticCoupling,0.8054384846630385,0.8586026656491066,0.24000000000001387,0.24000000000001387,0.24000000000001387,0.24,0.24,0.24,covered,1.0000000000000577
ill_conditioned_ring,coupling,15,QuadraticCoupling,0.8586026656491066,0.9460675969365039,0.12000000000000693,0.12000000000000693,0.12000000000000693,0.12,0.12,0.12,covered,1.0000000000000577
ill_conditioned_ring,coupling,16,QuadraticCoupling,0.9460675969365039,0.5270603008684742,0.1799999999997502,0.1799999999997502,0.1799999999997502,0.18,0.18,0.18,covered,0.9999999999986122
ill_conditioned_ring,coupling,17,QuadraticCoupling,0.5270603008684742,0.7277541620055179,0.24000000000001387,0.24000000000001387,0.24000000000001387,0.24,0.24,0.24,covered,1.0000000000000577
ill_conditioned_ring,coupling,18,QuadraticCoupling,0.7277541620055179,0.506760910083588,0.12000000000000693,0.12000000000000693,0.12000000000000693,0.12,0.12,0.12,covered,1.0000000000000577
ill_conditioned_ring,coupling,19,QuadraticCoupling,0.506760910083588,0.2945186575739491,0.18000000000009714,0.17999999999979183,0.17999999999994448,0.18,0.18,0.18,covered,1.0000000000005398
ill_conditioned_ring,coupling,20,QuadraticCoupling,0.2945186575739491,0.25188825774371015,0.23999999999998264,0.23999999999998264,0.23999999999998264,0.24,0.24,0.24,covered,0.9999999999999277
ill_conditioned_ring,coupling,21,QuadraticCoupling,0.25188825774371015,0.9229831042146965,0.11999999999916733,0.11999999999983346,0.1199999999995004,0.12,0.12,0.12,covered,0.9999999999986122
ill_conditioned_ring,coupling,22,QuadraticCoupling,0.9229831042146965,0.4521232498221894,0.18000000000044408,0.17999999999944488,0.17999999999994448,0.18,0.18,0.18,covered,1.0000000000024671
ill_conditioned_ring,coupling,23,QuadraticCoupling,0.4521232498221894,0.16330557767931395,0.16000000000027756,0.16000000000027756,0.16000000000027756,0.16,0.16,0.16,covered,1.0000000000017346
ill_conditioned_ring,module,0,QuadraticWell,0.6565195958662762,,0.521395636452218,,,0.5213956364518769,,,covered,1.0000000000006541
ill_conditioned_ring,module,1,QuadraticWell,0.3920622825244461,,1.478085527427307,,,1.478085527430565,,,covered,0.9999999999977958
ill_conditioned_ring,module,2,QuadraticWell,0.8588357599641915,,0.10923684131984333,,,0.10923684131998462,,,covered,0.9999999999987066
ill_conditioned_ring,module,3,QuadraticWell,0.3617583672047171,,15.41334688610187,,,15.413346886099353,,,covered,1.0000000000001632
ill_conditioned_ring,module,4,QuadraticWell,0.6406694966473426,,0.30967154868429064,,,0.30967154868431807,,,covered,0.9999999999999114
ill_conditioned_ring,module,5,QuadraticWell,0.24634597789567939,,2.4886604777871284,,,2.4886604777844563,,,covered,1.0000000000010738
ill_conditioned_ring,module,6,QuadraticWell,0.9041510530056418,,0.6765508364987414,,,0.676550836498855,,,covered,0.9999999999998321
ill_conditioned_ring,module,7,QuadraticWell,0.9433072226482222,,0.05000000000001735,,,0.05,,,covered,1.0000000000003468
ill_conditioned_ring,module,8,QuadraticWell,0.5378636511835291,,1.1391122480799092,,,1.1391122480805214,,,covered,0.9999999999994625
ill_conditioned_ring,module,9,QuadraticWell,0.5014914585609491,,20.0,,,20.0,,,covered,1.0
ill_conditioned_ring,module,10,QuadraticWell,0.8772842618032453,,0.2386537500312128,,,0.23865375003134995,,,covered,0.9999999999994253
ill_conditioned_ring,module,11,QuadraticWell,0.6295420983953941,,9.154420687348981,,,9.15442068734601,,,covered,1.0000000000003246
ill_conditioned_ring,module,12,QuadraticWell,0.3753840124356505,,0.8778766110930749,,,0.8778766110934768,,,covered,0.9999999999995421
ill_conditioned_ring,module,13,QuadraticWell,0.045277707912362214,,0.06487883568646281,,,0.06487883568635296,,,covered,1.0000000000016933
ill_conditioned_ring,module,14,QuadraticWell,0.09725889119084818,,0.40182259047770763,,,0.40182259047656643,,,covered,1.00000000000284
ill_conditioned_ring,module,15,QuadraticWell,0.6551057677047117,,0.1839226517450334,,,0.18392265174508207,,,covered,0.9999999999997353
ill_conditioned_ring,module,16,QuadraticWell,0.6808802096909333,,0.14174318157806456,,,0.14174318157790983,,,covered,1.0000000000010916
ill_conditioned_ring,module,17,QuadraticWell,0.9551288149965604,,11.878563111554433,,,11.87856311156143,,,covered,0.9999999999994109
ill_conditioned_ring,module,18,QuadraticWell,0.6124196001274709,,7.055013079766881,,,7.055013079767405,,,covered,0.9999999999999257
ill_conditioned_ring,module,19,QuadraticWell,0.3359327656470269,,1.917929361291451,,,1.9179293612908799,,,covered,1.0000000000002978
ill_conditioned_ring,module,20,QuadraticWell,0.7433605503721341,,5.437068194222059,,,5.4370681942211565,,,covered,1.0000000000001659
ill_conditioned_ring,module,21,QuadraticWell,0.3493956698519504,,3.2292278843460878,,,3.2292278843459683,,,covered,1.000000000000037
ill_conditioned_ring,module,22,QuadraticWell,0.7351692178230144,,0.08418526640033652,,,0.08418526640033569,,,covered,1.00000000000001
ill_conditioned_ring,module,23,QuadraticWell,0.08707957428525763,,4.190170906050409,,,4.190170906045426,,,covered,1.000000000001189
ill_conditioned_ring,coupling,0,QuadraticCoupling,0.6565195958662762,0.3920622825244461,0.11999999999983346,0.11999999999986122,0.11999999999984734,0.12,0.12,0.12,covered,0.9999999999988435
ill_conditioned_ring,coupling,1,QuadraticCoupling,0.3920622825244461,0.8588357599641915,0.18000000000013877,0.1799999999997502,0.17999999999994448,0.18,0.18,0.18,covered,1.000000000000771
ill_conditioned_ring,coupling,2,QuadraticCoupling,0.8588357599641915,0.3617583672047171,0.23999999999966692,0.23999999999972244,0.23999999999969468,0.24,0.24,0.24,covered,0.9999999999988435
ill_conditioned_ring,coupling,3,QuadraticCoupling,0.3617583672047171,0.6406694966473426,0.11999999999986122,0.11999999999983346,0.11999999999984734,0.12,0.12,0.12,covered,0.9999999999988435
ill_conditioned_ring,coupling,4,QuadraticCoupling,0.6406694966473426,0.24634597789567939,0.1799999999997502,0.17999999999944488,0.17999999999959754,0.18,0.18,0.18,covered,0.9999999999986122
ill_conditioned_ring,coupling,5,QuadraticCoupling,0.24634597789567939,0.9041510530056418,0.23999999999972244,0.23999999999966692,0.23999999999969468,0.24,0.24,0.24,covered,0.9999999999988435
ill_conditioned_ring,coupling,6,QuadraticCoupling,0.9041510530056418,0.9433072226482222,0.12000000000000693,0.12000000000000693,0.12000000000000693,0.12,0.12,0.12,covered,1.0000000000000577
ill_conditioned_ring,coupling,7,QuadraticCoupling,0.9433072226482222,0.5378636511835291,0.1799999999997502,0.1799999999997502,0.1799999999997502,0.18,0.18,0.18,covered,0.9999999999986122
ill_conditioned_ring,coupling,8,QuadraticCoupling,0.5378636511835291,0.5014914585609491,0.24000000000001387,0.24000000000001387,0.24000000000001387,0.24,0.24,0.24,covered,1.0000000000000577
ill_conditioned_ring,coupling,9,QuadraticCoupling,0.5014914585609491,0.8772842618032453,0.1200000000001804,0.1200000000001804,0.1200000000001804,0.12,0.12,0.12,covered,1.0000000000015035
ill_conditioned_ring,coupling,10,QuadraticCoupling,0.8772842618032453,0.6295420983953941,0.18000000000009714,0.18000000000009714,0.18000000000009714,0.18,0.18,0.18,covered,1.0000000000005398
ill_conditioned_ring,coupling,11,QuadraticCoupling,0.6295420983953941,0.3753840124356505,0.24000000000001387,0.24000000000006938,0.24000000000004162,0.24,0.24,0.24,covered,1.000000000000289
ill_conditioned_ring,coupling,12,QuadraticCoupling,0.3753840124356505,0.045277707912362214,0.12000000000020816,0.11999999999994448,0.12000000000007632,0.12,0.12,0.12,covered,1.0000000000017348
ill_conditioned_ring,coupling,13,QuadraticCoupling,0.045277707912362214,0.09725889119084818,0.18000000000000346,0.1799999999999549,0.17999999999997918,0.18,0.18,0.18,covered,1.0000000000000193
ill_conditioned_ring,coupling,14,QuadraticCoupling,0.09725889119084818,0.6551057677047117,0.23999999999866772,0.23999999999966692,0.23999999999916732,0.24,0.24,0.24,covered,0.9999999999986122
ill_conditioned_ring,coupling,15,QuadraticCoupling,0.6551057677047117,0.6808802096909333,0.12000000000000693,0.12000000000000693,0.12000000000000693,0.12,0.12,0.12,covered,1.0000000000000577
ill_conditioned_ring,coupling,16,QuadraticCoupling,0.6808802096909333,0.9551288149965604,0.18000000000009714,0.18000000000009714,0.18000000000009714,0.18,0.18,0.18,covered,1.0000000000005398
ill_conditioned_ring,coupling,17,QuadraticCoupling,0.9551288149965604,0.6124196001274709,0.23999999999966692,0.23999999999966692,0.23999999999966692,0.24,0.24,0.24,covered,0.9999999999986122
ill_conditioned_ring,coupling,18,QuadraticCoupling,0.6124196001274709,0.3359327656470269,0.11999999999983346,0.11999999999986122,0.11999999999984734,0.12,0.12,0.12,covered,0.9999999999988435
ill_conditioned_ring,coupling,19,QuadraticCoupling,0.3359327656470269,0.7433605503721341,0.18000000000013877,0.1799999999997502,0.17999999999994448,0.18,0.18,0.18,covered,1.000000000000771
ill_conditioned_ring,coupling,20,QuadraticCoupling,0.7433605503721341,0.3493956698519504,0.23999999999966692,0.23999999999972244,0.23999999999969468,0.24,0.24,0.24,covered,0.9999999999988435
ill_conditioned_ring,coupling,21,QuadraticCoupling,0.3493956698519504,0.7351692178230144,0.12000000000020816,0.1200000000001804,0.12000000000019428,0.12,0.12,0.12,covered,1.0000000000017348
ill_conditioned_ring,coupling,22,QuadraticCoupling,0.7351692178230144,0.08707957428525763,0.1799999999997502,0.18000000000038857,0.18000000000006938,0.18,0.18,0.18,covered,1.0000000000021587
ill_conditioned_ring,coupling,23,QuadraticCoupling,0.08707957428525763,0.6565195958662762,0.1600000000004996,0.15999999999977796,0.16000000000013878,0.16,0.16,0.16,covered,1.0000000000031224
nonlinear_quartic,module,0,QuarticWell,0.7361228679715852,,4.029058429221317,,,4.029058429086891,,,covered,1.000000000033364
nonlinear_quartic,module,1,QuarticWell,0.6362342104115375,,1.221210746581165,,,1.221210746398307,,,covered,1.000000000149735
nonlinear_quartic,module,2,QuarticWell,0.10538141254728706,,1.8391690750470449,,,1.8391690749800549,,,covered,1.000000000036424
nonlinear_quartic,module,3,QuarticWell,0.005630777801370002,,2.7148659572097107,,,2.7148659569834974,,,covered,1.000000000083324
nonlinear_quartic,module,4,QuarticWell,0.2922136766237252,,0.8748598076499102,,,0.8748598074361843,,,covered,1.0000000002442972
nonlinear_quartic,module,5,QuarticWell,0.05275245821302732,,1.1354158234552068,,,1.1354158233350315,,,covered,1.0000000001058424
nonlinear_quartic,module,6,QuarticWell,0.7827570711731028,,0.45940188499201057,,,0.45940188490642186,,,covered,1.0000000001863047
nonlinear_quartic,module,7,QuarticWell,0.6010448753611416,,0.885930118221669,,,0.8859301180861315,,,covered,1.000000000152989
nonlinear_quartic,module,8,QuarticWell,0.37210970181453284,,0.3657307438120572,,,0.3657307436654817,,,covered,1.0000000004007745
nonlinear_quartic,module,9,QuarticWell,0.02415122212795684,,2.0224492333687776,,,2.0224492332993966,,,covered,1.0000000000343054
nonlinear_quartic,module,10,QuarticWell,0.7409591411709501,,3.259765282080232,,,3.259765281980272,,,covered,1.0000000000306648
nonlinear_quartic,module,11,QuarticWell,0.8579234791341559,,1.274530079811958,,,1.274530079642541,,,covered,1.0000000001329252
nonlinear_quartic,coupling,0,QuadraticCoupling,0.7361228679715852,0.6362342104115375,0.1600000000001249,0.1600000000001249,0.1600000000001249,0.16,0.16,0.16,covered,1.0000000000007807
nonlinear_quartic,coupling,1,QuadraticCoupling,0.6362342104115375,0.10538141254728706,0.2199999999996947,0.21999999999877876,0.21999999999923672,0.22,0.22,0.22,covered,0.9999999999986122
nonlinear_quartic,coupling,2,QuadraticCoupling,0.10538141254728706,0.005630777801370002,0.28000000000000697,0.2799999999999098,0.2799999999999584,0.28,0.28,0.28,covered,1.0000000000000249
nonlinear_quartic,coupling,3,QuadraticCoupling,0.005630777801370002,0.2922136766237252,0.16000000000009715,0.15999999999993061,0.16000000000001388,0.16,0.16,0.16,covered,1.000000000000607
nonlinear_quartic,coupling,4,QuadraticCoupling,0.2922136766237252,0.05275245821302732,0.21999999999986122,0.22000000000001388,0.21999999999993755,0.22,0.22,0.22,covered,1.000000000000063
nonlinear_quartic,coupling,5,QuadraticCoupling,0.05275245821302732,0.7827570711731028,0.2799999999996392,0.2800000000009992,0.2800000000003192,0.28,0.28,0.28,covered,1.0000000000035685
nonlinear_quartic,coupling,6,QuadraticCoupling,0.7827570711731028,0.6010448753611416,0.15999999999995143,0.15999999999995143,0.15999999999995143,0.16,0.16,0.16,covered,0.9999999999996965
nonlinear_quartic,coupling,7,QuadraticCoupling,0.6010448753611416,0.37210970181453284,0.22000000000004163,0.22000000000020817,0.2200000000001249,0.22,0.22,0.22,covered,1.0000000000009461
nonlinear_quartic,coupling,8,QuadraticCoupling,0.37210970181453284,0.02415122212795684,0.2800000000001388,0.28000000000043024,0.2800000000002845,0.28,0.28,0.28,covered,1.0000000000015365
nonlinear_quartic,coupling,9,QuadraticCoupling,0.02415122212795684,0.7409591411709501,0.1599999999997502,0.16000000000047185,0.16000000000011103,0.16,0.16,0.16,covered,1.000000000002949
nonlinear_quartic,coupling,10,QuadraticCoupling,0.7409591411709501,0.8579234791341559,0.21999999999986816,0.21999999999986816,0.21999999999986816,0.22,0.22,0.22,covered,0.9999999999994007
nonlinear_quartic,module,0,QuarticWell,0.420769520924127,,4.649380630479052,,,4.6493806303429555,,,covered,1.000000000029272
nonlinear_quartic,module,1,QuarticWell,0.2590065353411596,,2.7766108712884416,,,2.7766108710969477,,,covered,1.0000000000689668
nonlinear_quartic,module,2,QuarticWell,0.2952294757552973,,1.7670086119736896,,,1.7670086119092097,,,covered,1.000000000036491
nonlinear_quartic,module,3,QuarticWell,0.20045468974400327,,2.3354175694091888,,,2.3354175691858092,,,covered,1.0000000000956486
nonlinear_quartic,module,4,QuarticWell,0.2720874357278958,,0.9518672655505129,,,0.9518672653353808,,,covered,1.0000000002260105
nonlinear_quartic,module,5,QuarticWell,0.16167685892157346,,0.7957562716784752,,,0.7957562715600669,,,covered,1.0000000001487996
nonlinear_quartic,module,6,QuarticWell,0.08203896485494035,,1.902786389796534,,,1.9027863897071347,,,covered,1.0000000000469833
nonlinear_quartic,module,7,QuarticWell,0.921140090125817,,0.8832253469133416,,,0.8832253467779209,,,covered,1.0000000001533254
nonlinear_quartic,module,8,QuarticWell,0.28123590824800354,,0.2469166510896085,,,0.24691665094303974,,,covered,1.000000000593596
nonlinear_quartic,module,9,QuarticWell,0.3384055601709796,,1.4672560210523302,,,1.4672560209777272,,,covered,1.0000000000508453
nonlinear_quartic,module,10,QuarticWell,0.965273748369972,,3.759989451985094,,,3.7599894518910904,,,covered,1.000000000025001
nonlinear_quartic,module,11,QuarticWell,0.3015728240897483,,0.779874169285541,,,0.7798741691158125,,,covered,1.0000000002176357
nonlinear_quartic,coupling,0,QuadraticCoupling,0.420769520924127,0.2590065353411596,0.15999999999993061,0.15999999999993061,0.15999999999993061,0.16,0.16,0.16,covered,0.9999999999995663
nonlinear_quartic,coupling,1,QuadraticCoupling,0.2590065353411596,0.2952294757552973,0.2200000000000347,0.2200000000000347,0.2200000000000347,0.22,0.22,0.22,covered,1.0000000000001577
nonlinear_quartic,coupling,2,QuadraticCoupling,0.2952294757552973,0.20045468974400327,0.27999999999996533,0.27999999999996533,0.27999999999996533,0.28,0.28,0.28,covered,0.9999999999998761
nonlinear_quartic,coupling,3,QuadraticCoupling,0.20045468974400327,0.2720874357278958,0.16000000000001735,0.16000000000001735,0.16000000000001735,0.16,0.16,0.16,covered,1.0000000000001084
nonlinear_quartic,coupling,4,QuadraticCoupling,0.2720874357278958,0.16167685892157346,0.2200000000000347,0.2200000000000347,0.2200000000000347,0.22,0.22,0.22,covered,1.0000000000001577
nonlinear_quartic,coupling,5,QuadraticCoupling,0.16167685892157346,0.08203896485494035,0.27999999999996533,0.28000000000000697,0.27999999999998615,0.28,0.28,0.28,covered,1.0000000000000249
nonlinear_quartic,coupling,6,QuadraticCoupling,0.08203896485494035,0.921140090125817,0.1600000000004996,0.15999999999977796,0.16000000000013878,0.16,0.16,0.16,covered,1.0000000000031224
nonlinear_quartic,coupling,7,QuadraticCoupling,0.921140090125817,0.28123590824800354,0.22000000000038858,0.2200000000005551,0.22000000000047185,0.22,0.22,0.22,covered,1.0000000000025233
nonlinear_quartic,coupling,8,QuadraticCoupling,0.28123590824800354,0.3384055601709796,0.27999999999996533,0.27999999999996533,0.27999999999996533,0.28,0.28,0.28,covered,0.9999999999998761
nonlinear_quartic,coupling,9,QuadraticCoupling,0.3384055601709796,0.965273748369972,0.16000000000027756,0.16000000000047185,0.1600000000003747,0.16,0.16,0.16,covered,1.000000000002949
nonlinear_quartic,coupling,10,QuadraticCoupling,0.965273748369972,0.3015728240897483,0.22000000000038858,0.21999999999916733,0.21999999999977796,0.22,0.22,0.22,covered,1.0000000000017664
nonlinear_quartic,module,0,QuarticWell,0.08125083132178532,,6.219820816746515,,,6.219820816597836,,,covered,1.0000000000239042
nonlinear_quartic,module,1,QuarticWell,0.2875471737368525,,2.604717613766298,,,2.6047176135882593,,,covered,1.0000000000683524
nonlinear_quartic,module,2,QuarticWell,0.6954886896189851,,2.0720880952768073,,,2.072088095212579,,,covered,1.0000000000309968
nonlinear_quartic,module,3,QuarticWell,0.5345202111451877,,2.869927384154552,,,2.869927383930005,,,covered,1.0000000000782414
nonlinear_quartic,module,4,QuarticWell,0.09194374424807436,,1.8736477580751412,,,1.8736477578646107,,,covered,1.000000000112364
nonlinear_quartic,module,5,QuarticWell,0.6752630422544164,,0.3164494093422895,,,0.31644940922506787,,,covered,1.0000000003704277
nonlinear_quartic,module,6,QuarticWell,0.5857409645363282,,0.6105212853990711,,,0.6105212853141675,,,covered,1.0000000001390674
nonlinear_quartic,module,7,QuarticWell,0.7363446392478783,,0.7832621627475425,,,0.7832621626122266,,,covered,1.0000000001727594
nonlinear_quartic,module,8,QuarticWell,0.5455284167767032,,0.7938805462565138,,,0.7938805461103655,,,covered,1.0000000001840936
nonlinear_quartic,module,9,QuarticWell,0.12976777078959917,,1.7857188559715536,,,1.7857188558967247,,,covered,1.000000000041904
nonlinear_quartic,module,10,QuarticWell,0.3437534693088046,,3.093015559326966,,,3.0930155592284536,,,covered,1.0000000000318499
nonlinear_quartic,module,11,QuarticWell,0.13028243403612524,,1.2620406675893516,,,1.262040667420253,,,covered,1.0000000001339884
nonlinear_quartic,coupling,0,QuadraticCoupling,0.08125083132178532,0.2875471737368525,0.15999999999980571,0.15999999999993061,0.15999999999986816,0.16,0.16,0.16,covered,0.9999999999995663
nonlinear_quartic,coupling,1,QuadraticCoupling,0.2875471737368525,0.6954886896189851,0.21999999999986122,0.2199999999996947,0.21999999999977796,0.22,0.22,0.22,covered,0.9999999999993692
nonlinear_quartic,coupling,2,QuadraticCoupling,0.6954886896189851,0.5345202111451877,0.28000000000030534,0.28000000000030534,0.28000000000030534,0.28,0.28,0.28,covered,1.0000000000010905
nonlinear_quartic,coupling,3,QuadraticCoupling,0.5345202111451877,0.09194374424807436,0.16000000000047185,0.15999999999980571,0.16000000000013878,0.16,0.16,0.16,covered,1.000000000002949
nonlinear_quartic,coupling,4,QuadraticCoupling,0.09194374424807436,0.6752630422544164,0.22000000000086042,0.22000000000038858,0.2200000000006245,0.22,0.22,0.22,covered,1.000000000003911
nonlinear_quartic,coupling,5,QuadraticCoupling,0.6752630422544164,0.5857409645363282,0.28000000000013187,0.28000000000013187,0.28000000000013187,0.28,0.28,0.28,covered,1.000000000000471
nonlinear_quartic,coupling,6,QuadraticCoupling,0.5857409645363282,0.7363446392478783,0.15999999999995143,0.15999999999995143,0.15999999999995143,0.16,0.16,0.16,covered,0.9999999999996965
nonlinear_quartic,coupling,7,QuadraticCoupling,0.7363446392478783,0.5455284167767032,0.22000000000004163,0.22000000000004163,0.22000000000004163,0.22,0.22,0.22,covered,1.0000000000001892
nonlinear_quartic,coupling,8,QuadraticCoupling,0.5455284167767032,0.12976777078959917,0.27999999999961145,0.2800000000001388,0.2799999999998751,0.28,0.28,0.28,covered,1.0000000000004956
nonlinear_quartic,coupling,9,QuadraticCoupling,0.12976777078959917,0.3437534693088046,0.15999999999993061,0.15999999999993061,0.15999999999993061,0.16,0.16,0.16,covered,0.9999999999995663
nonlinear_quartic,coupling,10,QuadraticCoupling,0.3437534693088046,0.13028243403612524,0.22000000000020817,0.22000000000020817,0.22000000000020817,0.22,0.22,0.22,covered,1.0000000000009461
nonlinear_quartic,module,0,QuarticWell,0.3519748663780264,,4.891984935313058,,,4.89198493519323,,,covered,1.0000000000244946
nonlinear_quartic,module,1,QuarticWell,0.11365962267279776,,3.789682910872253,,,3.7896829106880503,,,covered,1.0000000000486065
nonlinear_quartic,module,2,QuarticWell,0.30682407510107995,,1.767122783231207,,,1.76712278316675,,,covered,1.0000000000364757
nonlinear_quartic,module,3,QuarticWell,0.3634840080664872,,2.409228324704393,,,2.4092283244797352,,,covered,1.0000000000932487
nonlinear_quartic,module,4,QuarticWell,0.5634890810194656,,0.34636076864160853,,,0.34636076842677577,,,covered,1.0000000006202572
nonlinear_quartic,module,5,QuarticWell,0.28797282973806093,,0.5062016087563836,,,0.5062016086398248,,,covered,1.0000000002302618
nonlinear_quartic,module,6,QuarticWell,0.05572056847904204,,2.006110014462433,,,2.0061100143766963,,,covered,1.0000000000427378
nonlinear_quartic,module,7,QuarticWell,0.7937186294004855,,0.7846127600064062,,,0.784612759870997,,,covered,1.000000000172581
nonlinear_quartic,module,8,QuarticWell,0.07344176455062847,,0.24795855607203413,,,0.24795855592550142,,,covered,1.0000000005909564
nonlinear_quartic,module,9,QuarticWell,0.5980470704235403,,1.3475832721063496,,,1.3475832720305079,,,covered,1.0000000000562799
nonlinear_quartic,module,10,QuarticWell,0.6418476714203813,,3.1321078061173226,,,3.1321078060224146,,,covered,1.0000000000303018
nonlinear_quartic,module,11,QuarticWell,0.7039090253620948,,0.8221622842359502,,,0.8221622840666858,,,covered,1.000000000205877
nonlinear_quartic,coupling,0,QuadraticCoupling,0.3519748663780264,0.11365962267279776,0.15999999999993061,0.15999999999980571,0.15999999999986816,0.16,0.16,0.16,covered,0.9999999999995663
nonlinear_quartic,coupling,1,QuadraticCoupling,0.11365962267279776,0.30682407510107995,0.2199999999998196,0.21999999999986122,0.2199999999998404,0.22,0.22,0.22,covered,0.9999999999993692
nonlinear_quartic,coupling,2,QuadraticCoupling,0.30682407510107995,0.3634840080664872,0.27999999999996533,0.27999999999996533,0.27999999999996533,0.28,0.28,0.28,covered,0.9999999999998761
nonlinear_quartic,coupling,3,QuadraticCoupling,0.3634840080664872,0.5634890810194656,0.15999999999993061,0.1600000000001249,0.16000000000002776,0.16,0.16,0.16,covered,1.0000000000007807
nonlinear_quartic,coupling,4,QuadraticCoupling,0.5634890810194656,0.28797282973806093,0.2199999999996947,0.21999999999986122,0.21999999999977796,0.22,0.22,0.22,covered,0.9999999999993692
nonlinear_quartic,coupling,5,QuadraticCoupling,0.28797282973806093,0.05572056847904204,0.2800000000001388,0.2800000000003331,0.28000000000023595,0.28,0.28,0.28,covered,1.0000000000011895
nonlinear_quartic,coupling,6,QuadraticCoupling,0.05572056847904204,0.7937186294004855,0.16000000000038858,0.16000000000047185,0.16000000000043021,0.16,0.16,0.16,covered,1.000000000002949
nonlinear_quartic,coupling,7,QuadraticCoupling,0.7937186294004855,0.07344176455062847,0.22000000000038858,0.21999999999947265,0.2199999999999306,0.22,0.22,0.22,covered,1.0000000000017664
nonlinear_quartic,coupling,8,QuadraticCoupling,0.07344176455062847,0.5980470704235403,0.28000000000122127,0.2800000000009992,0.28000000000111025,0.28,0.28,0.28,covered,1.0000000000043616
nonlinear_quartic,coupling,9,QuadraticCoupling,0.5980470704235403,0.6418476714203813,0.15999999999999479,0.15999999999999479,0.15999999999999479,0.16,0.16,0.16,covered,0.9999999999999674
nonlinear_quartic,coupling,10,QuadraticCoupling,0.6418476714203813,0.7039090253620948,0.2199999999999549,0.2199999999999549,0.2199999999999549,0.22,0.22,0.22,covered,0.9999999999997949
nonlinear_quartic,module,0,QuarticWell,0.2930850486988427,,5.13018411316166,,,5.130184113009498,,,covered,1.0000000000296603
nonlinear_quartic,module,1,QuarticWell,0.5417472714044427,,1.4652681824223261,,,1.4652681822406537,,,covered,1.0000000001239857
nonlinear_quartic,module,2,QuarticWell,0.5292060318056373,,1.8700338675738566,,,1.8700338675098036,,,covered,1.0000000000342524
nonlinear_quartic,module,3,QuarticWell,0.025221677178340087,,2.6536822318846656,,,2.653682231661757,,,covered,1.0000000000839997
nonlinear_quartic,module,4,QuarticWell,0.13785165632682164,,1.5990248600645347,,,1.5990248598475607,,,covered,1.0000000001356915
nonlinear_quartic,module,5,QuarticWell,0.5746763018022788,,0.26450656876287465,,,0.2645065686459003,,,covered,1.0000000004422362
nonlinear_quartic,module,6,QuarticWell,0.677328535205958,,0.515486505536359,,,0.5154865054502363,,,covered,1.0000000001670706
nonlinear_quartic,module,7,QuarticWell,0.05386089259151838,,2.81752684928496,,,2.8175268491701426,,,covered,1.0000000000407512
nonlinear_quartic,module,8,QuarticWell,0.19665955899000973,,0.20154495399923658,,,0.20154495385273877,,,covered,1.0000000007268741
nonlinear_quartic,module,9,QuarticWell,0.8610509601766199,,1.5391183486549544,,,1.5391183485802582,,,covered,1.0000000000485318
nonlinear_quartic,module,10,QuarticWell,0.6291484666714833,,3.1198865258211685,,,3.1198865257247728,,,covered,1.0000000000308973
nonlinear_quartic,module,11,QuarticWell,0.8736487021856594,,1.3343052324343514,,,1.3343052322639017,,,covered,1.000000000127744
nonlinear_quartic,coupling,0,QuadraticCoupling,0.2930850486988427,0.5417472714044427,0.15999999999993061,0.1600000000001249,0.16000000000002776,0.16,0.16,0.16,covered,1.0000000000007807
nonlinear_quartic,coupling,1,QuadraticCoupling,0.5417472714044427,0.5292060318056373,0.21999999999999825,0.21999999999999825,0.21999999999999825,0.22,0.22,0.22,covered,0.999999999999992
nonlinear_quartic,coupling,2,QuadraticCoupling,0.5292060318056373,0.025221677178340087,0.27999999999961145,0.2800000000011241,0.2800000000003678,0.28,0.28,0.28,covered,1.0000000000040146
nonlinear_quartic,coupling,3,QuadraticCoupling,0.025221677178340087,0.13785165632682164,0.15999999999992368,0.15999999999993061,0.15999999999992714,0.16,0.16,0.16,covered,0.9999999999995663
nonlinear_quartic,coupling,4,QuadraticCoupling,0.13785165632682164,0.5746763018022788,0.21999999999986122,0.2199999999996947,0.21999999999977796,0.22,0.22,0.22,covered,0.9999999999993692
nonlinear_quartic,coupling,5,QuadraticCoupling,0.5746763018022788,0.677328535205958,0.2799999999999584,0.2799999999999584,0.2799999999999584,0.28,0.28,0.28,covered,0.9999999999998513
nonlinear_quartic,coupling,6,QuadraticCoupling,0.677328535205958,0.05386089259151838,0.15999999999977796,0.1599999999990008,0.15999999999938938,0.16,0.16,0.16,covered,0.9999999999986122
nonlinear_quartic,coupling,7,QuadraticCoupling,0.05386089259151838,0.19665955899000973,0.22000000000036082,0.22000000000020817,0.2200000000002845,0.22,0.22,0.22,covered,1.00000000000164
nonlinear_quartic,coupling,8,QuadraticCoupling,0.19665955899000973,0.8610509601766199,0.2799999999994449,0.27999999999961145,0.2799999999995282,0.28,0.28,0.28,covered,0.9999999999986122
nonlinear_quartic,coupling,9,QuadraticCoupling,0.8610509601766199,0.6291484666714833,0.1600000000001249,0.1600000000001249,0.1600000000001249,0.16,0.16,0.16,covered,1.0000000000007807
nonlinear_quartic,coupling,10,QuadraticCoupling,0.6291484666714833,0.8736487021856594,0.22000000000004163,0.22000000000004163,0.22000000000004163,0.22,0.22,0.22,covered,1.0000000000001892
nonlinear_quartic,module,0,QuarticWell,0.26976829572532834,,5.232277477834931,,,5.232277477736208,,,covered,1.000000000018868
nonlinear_quartic,module,1,QuarticWell,0.46080003463969915,,1.751714084042757,,,1.7517140838607514,,,covered,1.0000000001039013
nonlinear_quartic,module,2,QuarticWell,0.21949188852634005,,1.779066521782499,,,1.779066521717607,,,covered,1.0000000000364753
nonlinear_quartic,module,3,QuarticWell,0.32792668228936384,,2.3627265719115793,,,2.3627265716879173,,,covered,1.0000000000946627
nonlinear_quartic,module,4,QuarticWell,0.03228491249651889,,2.271118360318984,,,2.271118360115634,,,covered,1.0000000000895373
nonlinear_quartic,module,5,QuarticWell,0.43361564835794125,,0.3113103157440312,,,0.3113103156271196,,,covered,1.0000000003755467
nonlinear_quartic,module,6,QuarticWell,0.18834764281131536,,1.521616380360668,,,1.521616380273644,,,covered,1.0000000000571918
nonlinear_quartic,module,7,QuarticWell,0.15686173105076098,,2.2681523412426206,,,2.268152341104753,,,covered,1.000000000060784
nonlinear_quartic,module,8,QuarticWell,0.5973120835557937,,0.9729751900572219,,,0.972975189910575,,,covered,1.00000000015072
nonlinear_quartic,module,9,QuarticWell,0.8843177364694212,,1.5712174485915007,,,1.5712174485152925,,,covered,1.0000000000485025
nonlinear_quartic,module,10,QuarticWell,0.6721629904893712,,3.165080185577567,,,3.1650801854810955,,,covered,1.00000000003048
nonlinear_quartic,module,11,QuarticWell,0.11020350294639389,,1.3381209713397482,,,1.338120971171866,,,covered,1.0000000001254612
nonlinear_quartic,coupling,0,QuadraticCoupling,0.26976829572532834,0.46080003463969915,0.15999999999993061,0.15999999999993061,0.15999999999993061,0.16,0.16,0.16,covered,0.9999999999995663
nonlinear_quartic,coupling,1,QuadraticCoupling,0.46080003463969915,0.21949188852634005,0.22000000000020817,0.22000000000020817,0.22000000000020817,0.22,0.22,0.22,covered,1.0000000000009461
nonlinear_quartic,coupling,2,QuadraticCoupling,0.21949188852634005,0.32792668228936384,0.27999999999996533,0.27999999999996533,0.27999999999996533,0.28,0.28,0.28,covered,0.9999999999998761
nonlinear_quartic,coupling,3,QuadraticCoupling,0.32792668228936384,0.03228491249651889,0.16000000000027756,0.16000000000038858,0.16000000000033307,0.16,0.16,0.16,covered,1.0000000000024285
nonlinear_quartic,coupling,4,QuadraticCoupling,0.03228491249651889,0.43361564835794125,0.22000000000001388,0.21999999999986122,0.21999999999993755,0.22,0.22,0.22,covered,1.000000000000063
nonlinear_quartic,coupling,5,QuadraticCoupling,0.43361564835794125,0.18834764281131536,0.2800000000001388,0.2800000000001388,0.2800000000001388,0.28,0.28,0.28,covered,1.0000000000004956
nonlinear_quartic,coupling,6,QuadraticCoupling,0.18834764281131536,0.15686173105076098,0.16000000000001735,0.16000000000001735,0.16000000000001735,0.16,0.16,0.16,covered,1.0000000000001084
nonlinear_quartic,coupling,7,QuadraticCoupling,0.15686173105076098,0.5973120835557937,0.2200000000005551,0.22000000000038858,0.22000000000047185,0.22,0.22,0.22,covered,1.0000000000025233
nonlinear_quartic,coupling,8,QuadraticCoupling,0.5973120835557937,0.8843177364694212,0.28000000000030534,0.28000000000030534,0.28000000000030534,0.28,0.28,0.28,covered,1.0000000000010905
nonlinear_quartic,coupling,9,QuadraticCoupling,0.8843177364694212,0.6721629904893712,0.15999999999977796,0.15999999999977796,0.15999999999977796,0.16,0.16,0.16,covered,0.9999999999986122
nonlinear_quartic,coupling,10,QuadraticCoupling,0.6721629904893712,0.11020350294639389,0.2199999999996947,0.22000000000016653,0.2199999999999306,0.22,0.22,0.22,covered,1.000000000000757
nonlinear_quartic,module,0,QuarticWell,0.8941791146911283,,4.0219003161440074,,,4.021900316008607,,,covered,1.0000000000336657
nonlinear_quartic,module,1,QuarticWell,0.9599224084590373,,1.1225131115256708,,,1.1225131113431914,,,covered,1.0000000001625633
nonlinear_quartic,module,2,QuarticWell,0.6244328474239245,,1.9726482534155723,,,1.972648253355704,,,covered,1.0000000000303493
nonlinear_quartic,module,3,QuarticWell,0.47622133726550114,,2.668808447400912,,,2.668808447178251,,,covered,1.0000000000834308
nonlinear_quartic,module,4,QuarticWell,0.5928263892679682,,0.34604342006411243,,,0.34604341984924586,,,covered,1.0000000006209238
nonlinear_quartic,module,5,QuarticWell,0.2595812322176957,,0.5615373174215557,,,0.5615373173047489,,,covered,1.0000000002080125
nonlinear_quartic,module,6,QuarticWell,0.14328624559442366,,1.6761004727899766,,,1.6761004727085913,,,covered,1.0000000000485563
nonlinear_quartic,module,7,QuarticWell,0.2828146876830593,,1.7134536824486364,,,1.713453682318371,,,covered,1.000000000076025
nonlinear_quartic,module,8,QuarticWell,0.6436549744879192,,1.1532363765717506,,,1.1532363764252738,,,covered,1.0000000001270137
nonlinear_quartic,module,9,QuarticWell,0.6274043769674432,,1.3533561966843328,,,1.3533561966085763,,,covered,1.0000000000559768
nonlinear_quartic,module,10,QuarticWell,0.6051326066493657,,3.099342600496274,,,3.099342600397725,,,covered,1.0000000000317968
nonlinear_quartic,module,11,QuarticWell,0.14751294028668324,,1.2000256651006003,,,1.2000256649297172,,,covered,1.0000000001423994
nonlinear_quartic,coupling,0,QuadraticCoupling,0.8941791146911283,0.9599224084590373,0.15999999999995143,0.15999999999995143,0.15999999999995143,0.16,0.16,0.16,covered,0.9999999999996965
nonlinear_quartic,coupling,1,QuadraticCoupling,0.9599224084590373,0.6244328474239245,0.22000000000038858,0.22000000000038858,0.22000000000038858,0.22,0.22,0.22,covered,1.0000000000017664
nonlinear_quartic,coupling,2,QuadraticCoupling,0.6244328474239245,0.47622133726550114,0.2799999999999584,0.27999999999979186,0.2799999999998751,0.28,0.28,0.28,covered,0.9999999999998513
nonlinear_quartic,coupling,3,QuadraticCoupling,0.47622133726550114,0.5928263892679682,0.15999999999993061,0.15999999999995143,0.15999999999994102,0.16,0.16,0.16,covered,0.9999999999996965
nonlinear_quartic,coupling,4,QuadraticCoupling,0.5928263892679682,0.2595812322176957,0.22000000000038858,0.21999999999986122,0.2200000000001249,0.22,0.22,0.22,covered,1.0000000000017664
nonlinear_quartic,coupling,5,QuadraticCoupling,0.2595812322176957,0.14328624559442366,0.2800000000001388,0.2800000000001388,0.2800000000001388,0.28,0.28,0.28,covered,1.0000000000004956
nonlinear_quartic,coupling,6,QuadraticCoupling,0.14328624559442366,0.2828146876830593,0.15999999999993061,0.15999999999993061,0.15999999999993061,0.16,0.16,0.16,covered,0.9999999999995663
nonlinear_quartic,coupling,7,QuadraticCoupling,0.2828146876830593,0.6436549744879192,0.21999999999986122,0.2199999999996947,0.21999999999977796,0.22,0.22,0.22,covered,0.9999999999993692
nonlinear_quartic,coupling,8,QuadraticCoupling,0.6436549744879192,0.6274043769674432,0.28000000000000175,0.28000000000000175,0.28000000000000175,0.28,0.28,0.28,covered,1.0000000000000062
nonlinear_quartic,coupling,9,QuadraticCoupling,0.6274043769674432,0.6051326066493657,0.15999999999999479,0.15999999999999479,0.15999999999999479,0.16,0.16,0.16,covered,0.9999999999999674
nonlinear_quartic,coupling,10,QuadraticCoupling,0.6051326066493657,0.14751294028668324,0.22000000000038858,0.2200000000005551,0.22000000000047185,0.22,0.22,0.22,covered,1.0000000000025233
nonlinear_quartic,module,0,QuarticWell,0.8977181453918979,,4.0240615998182685,,,4.024061599682079,,,covered,1.0000000000338438
nonlinear_quartic,module,1,QuarticWell,0.21946721516131545,,3.029410586693783,,,3.0294105865173133,,,covered,1.000000000058252
nonlinear_quartic,module,2,QuarticWell,0.6573933278705427,,2.0163445337709365,,,2.016344533704432,,,covered,1.0000000000329827
nonlinear_quartic,module,3,QuarticWell,0.17390326802893777,,2.3571609699725458,,,2.357160969748277,,,covered,1.0000000000951434
nonlinear_quartic,module,4,QuarticWell,0.5781016388960472,,0.3448160011475665,,,0.344816000932741,,,covered,1.0000000006230148
nonlinear_quartic,module,5,QuarticWell,0.6474735818457081,,0.2949981295829218,,,0.2949981294659593,,,covered,1.0000000003964855
nonlinear_quartic,module,6,QuarticWell,0.49156618129166213,,0.7531418642507077,,,0.7531418641645795,,,covered,1.0000000001143585
nonlinear_quartic,module,7,QuarticWell,0.970448254090933,,0.9567697428271815,,,0.9567697426930315,,,covered,1.0000000001402114
nonlinear_quartic,module,8,QuarticWell,0.35466455942801484,,0.3372927177829151,,,0.33729271763619795,,,covered,1.0000000004349845
nonlinear_quartic,module,9,QuarticWell,0.926765245419669,,1.6361252356896858,,,1.6361252356121434,,,covered,1.0000000000473939
nonlinear_quartic,module,10,QuarticWell,0.39195770335983876,,3.064253312002873,,,3.0642533119058033,,,covered,1.0000000000316782
nonlinear_quartic,module,11,QuarticWell,0.5836850657784282,,0.6368752076797554,,,0.636875207509984,,,covered,1.0000000002665692
nonlinear_quartic,coupling,0,QuadraticCoupling,0.8977181453918979,0.21946721516131545,0.16000000000047185,0.16000000000027756,0.1600000000003747,0.16,0.16,0.16,covered,1.000000000002949
nonlinear_quartic,coupling,1,QuadraticCoupling,0.21946721516131545,0.6573933278705427,0.21999999999986122,0.22000000000038858,0.2200000000001249,0.22,0.22,0.22,covered,1.0000000000017664
nonlinear_quartic,coupling,2,QuadraticCoupling,0.6573933278705427,0.17390326802893777,0.27999999999961145,0.2799999999994449,0.2799999999995282,0.28,0.28,0.28,covered,0.9999999999986122
nonlinear_quartic,coupling,3,QuadraticCoupling,0.17390326802893777,0.5781016388960472,0.16000000000027756,0.16000000000047185,0.1600000000003747,0.16,0.16,0.16,covered,1.000000000002949
nonlinear_quartic,coupling,4,QuadraticCoupling,0.5781016388960472,0.6474735818457081,0.2199999999999549,0.2199999999999549,0.2199999999999549,0.22,0.22,0.22,covered,0.9999999999997949
nonlinear_quartic,coupling,5,QuadraticCoupling,0.6474735818457081,0.49156618129166213,0.2799999999999584,0.27999999999979186,0.2799999999998751,0.28,0.28,0.28,covered,0.9999999999998513
nonlinear_quartic,coupling,6,QuadraticCoupling,0.49156618129166213,0.970448254090933,0.15999999999958367,0.15999999999977796,0.15999999999968081,0.16,0.16,0.16,covered,0.9999999999986122
nonlinear_quartic,coupling,7,QuadraticCoupling,0.970448254090933,0.35466455942801484,0.2199999999990008,0.21999999999916733,0.21999999999908407,0.22,0.22,0.22,covered,0.9999999999962151
nonlinear_quartic,coupling,8,QuadraticCoupling,0.35466455942801484,0.926765245419669,0.2800000000008327,0.2800000000009992,0.28000000000091596,0.28,0.28,0.28,covered,1.0000000000035685
nonlinear_quartic,coupling,9,QuadraticCoupling,0.926765245419669,0.39195770335983876,0.15999999999977796,0.15999999999958367,0.15999999999968081,0.16,0.16,0.16,covered,0.9999999999986122
nonlinear_quartic,coupling,10,QuadraticCoupling,0.39195770335983876,0.5836850657784282,0.21999999999986122,0.22000000000004163,0.21999999999995143,0.22,0.22,0.22,covered,1.0000000000001892
active_hinges,module,0,QuadraticWell,0.19722457359431705,,8.0,,,8.0,,,covered,1.0
active_hinges,module,1,QuadraticWell,0.8772468420823074,,1.6555065597694387,,,1.6555065597696212,,,covered,0.9999999999998898
active_hinges,module,2,QuadraticWell,0.07107628250945741,,3.108812563541547,,,3.1088125635418384,,,covered,0.9999999999999063
active_hinges,module,3,QuadraticWell,0.751126155560274,,4.260164357769395,,,4.260164357759851,,,covered,1.0000000000022404
active_hinges,module,4,QuadraticWell,0.10844273532474505,,0.4694654553301802,,,0.46946545533085315,,,covered,0.9999999999985666
active_hinges,module,5,QuadraticWell,0.7605504916426055,,0.3425877461800723,,,0.34258774618003096,,,covered,1.0000000000001208
active_hinges,module,6,QuadraticWell,0.2065514142346206,,0.6433324490039644,,,0.6433324490047159,,,covered,0.9999999999988318
active_hinges,module,7,QuadraticWell,0.8702089750722283,,1.2080894444043724,,,1.2080894444044474,,,covered,0.9999999999999378
active_hinges,module,8,QuadraticWell,0.12442194036290657,,0.25,,,0.25,,,covered,1.0
active_hinges,module,9,QuadraticWell,0.7548302444255913,,2.268625044390182,,,2.268625044390925,,,covered,0.9999999999996725
active_hinges,module,10,QuadraticWell,0.19819182823419002,,5.837920422718514,,,5.8379204227257855,,,covered,0.9999999999987544
active_hinges,module,11,QuadraticWell,0.9215846958268311,,0.881591254995999,,,0.8815912549960212,,,covered,0.9999999999999748
active_hinges,coupling,0,QuadraticCoupling,0.19722457359431705,0.8772468420823074,0.08000000000013878,0.08000000000023592,0.08000000000018735,0.08,0.08,0.08,covered,1.000000000002949
active_hinges,coupling,1,QuadraticCoupling,0.8772468420823074,0.07107628250945741,0.1400000000004996,0.13999999999991675,0.14000000000020818,0.14,0.14,0.14,covered,1.0000000000035685
active_hinges,coupling,2,QuadraticCoupling,0.07107628250945741,0.751126155560274,0.20000000000027757,0.20000000000111023,0.2000000000006939,0.2,0.2,0.2,covered,1.0000000000055511
active_hinges,coupling,3,QuadraticCoupling,0.751126155560274,0.10844273532474505,0.08000000000023592,0.0800000000002498,0.08000000000024286,0.08,0.08,0.08,covered,1.0000000000031224
active_hinges,coupling,4,QuadraticCoupling,0.10844273532474505,0.7605504916426055,0.14000000000061064,0.1400000000004996,0.14000000000055512,0.14,0.14,0.14,covered,1.0000000000043616
active_hinges,coupling,5,QuadraticCoupling,0.7605504916426055,0.2065514142346206,0.19999999999972246,0.2,0.19999999999986123,0.2,0.2,0.2,covered,1.0
active_hinges,coupling,6,QuadraticCoupling,0.2065514142346206,0.8702089750722283,0.07999999999979183,0.07999999999988898,0.07999999999984041,0.08,0.08,0.08,covered,0.9999999999986122
active_hinges,coupling,7,QuadraticCoupling,0.8702089750722283,0.12442194036290657,0.13999999999980572,0.13999999999991675,0.13999999999986124,0.14,0.14,0.14,covered,0.9999999999994053
active_hinges,coupling,8,QuadraticCoupling,0.12442194036290657,0.7548302444255913,0.20000000000027757,0.19999999999972246,0.2,0.2,0.2,0.2,covered,1.0000000000013878
active_hinges,coupling,9,QuadraticCoupling,0.7548302444255913,0.19819182823419002,0.07999999999988898,0.08000000000013878,0.08000000000001388,0.08,0.08,0.08,covered,1.0000000000017346
active_hinges,coupling,10,QuadraticCoupling,0.19819182823419002,0.9215846958268311,0.14000000000111024,0.1400000000004996,0.14000000000080493,0.14,0.14,0.14,covered,1.00000000000793
active_hinges,coupling,11,DirectedHingeCoupling,0.19722457359431705,0.8772468420823074,0.7,0.6999999999983346,0.6999999999991673,0.7,0.7,0.7,covered,1.0
active_hinges,coupling,12,AsymmetricHingeCoupling,0.07107628250945741,0.751126155560274,0.3839999999978684,0.8640000000043521,0.5759999999980016,0.38400000000000006,0.864,0.576,covered,1.000000000005037
active_hinges,coupling,13,DirectedHingeCoupling,0.10844273532474505,0.7605504916426055,0.7000000000009714,0.6999999999983346,0.699999999999653,0.7,0.7,0.7,covered,1.0000000000013878
active_hinges,coupling,14,AsymmetricHingeCoupling,0.2065514142346206,0.8702089750722283,0.3839999999973355,0.863999999998801,0.5759999999962141,0.38400000000000006,0.864,0.576,covered,0.9999999999986122
active_hinges,coupling,15,DirectedHingeCoupling,0.12442194036290657,0.7548302444255913,0.7000000000009714,0.7000000000011102,0.7000000000010408,0.7,0.7,0.7,covered,1.000000000001586
active_hinges,coupling,16,AsymmetricHingeCoupling,0.19819182823419002,0.9215846958268311,0.3839999999973355,0.8639999999932498,0.5759999999962141,0.38400000000000006,0.864,0.576,covered,0.9999999999934274
active_hinges,module,0,QuadraticWell,0.7128329331534723,,8.0,,,8.0,,,covered,1.0
active_hinges,module,1,QuadraticWell,0.39134036321253357,,1.6555065597706573,,,1.6555065597696212,,,covered,1.0000000000006257
active_hinges,module,2,QuadraticWell,0.7096683913365774,,3.1088125635378367,,,3.1088125635418384,,,covered,0.9999999999987128
active_hinges,module,3,QuadraticWell,0.19943067525681638,,4.260164357761012,,,4.260164357759851,,,covered,1.0000000000002727
active_hinges,module,4,QuadraticWell,0.32201683986451896,,0.46946545533091644,,,0.46946545533085315,,,covered,1.0000000000001348
active_hinges,module,5,QuadraticWell,0.9589205156742857,,0.3425877461800723,,,0.34258774618003096,,,covered,1.0000000000001208
active_hinges,module,6,QuadraticWell,0.5388735048936987,,0.6433324490047599,,,0.6433324490047159,,,covered,1.0000000000000686
active_hinges,module,7,QuadraticWell,0.03646748247656387,,1.2080894444040555,,,1.2080894444044474,,,covered,0.9999999999996756
active_hinges,module,8,QuadraticWell,0.17599904101281685,,0.25,,,0.25,,,covered,1.0
active_hinges,module,9,QuadraticWell,0.42528389472619244,,2.268625044391466,,,2.268625044390925,,,covered,1.0000000000002387
active_hinges,module,10,QuadraticWell,0.31730472513297386,,5.837920422724065,,,5.8379204227257855,,,covered,0.9999999999997053
active_hinges,module,11,QuadraticWell,0.45201431955146626,,0.8815912549959625,,,0.8815912549960212,,,covered,0.9999999999999334
active_hinges,coupling,0,QuadraticCoupling,0.7128329331534723,0.39134036321253357,0.08000000000006245,0.07999999999996531,0.08000000000001388,0.08,0.08,0.08,covered,1.0000000000007807
active_hinges,coupling,1,QuadraticCoupling,0.39134036321253357,0.7096683913365774,0.1400000000000694,0.14000000000015267,0.14000000000011104,0.14,0.14,0.14,covered,1.0000000000010905
active_hinges,coupling,2,QuadraticCoupling,0.7096683913365774,0.19943067525681638,0.20000000000041634,0.2,0.20000000000020818,0.2,0.2,0.2,covered,1.0000000000020817
active_hinges,coupling,3,QuadraticCoupling,0.19943067525681638,0.32201683986451896,0.07999999999996531,0.07999999999996531,0.07999999999996531,0.08,0.08,0.08,covered,0.9999999999995663
active_hinges,coupling,4,QuadraticCoupling,0.32201683986451896,0.9589205156742857,0.14000000000041635,0.1400000000004996,0.14000000000045798,0.14,0.14,0.14,covered,1.0000000000035685
active_hinges,coupling,5,QuadraticCoupling,0.9589205156742857,0.5388735048936987,0.20000000000041634,0.20000000000041634,0.20000000000041634,0.2,0.2,0.2,covered,1.0000000000020817
active_hinges,coupling,6,QuadraticCoupling,0.5388735048936987,0.03646748247656387,0.07999999999988898,0.07999999999984735,0.07999999999986816,0.08,0.08,0.08,covered,0.9999999999986122
active_hinges,coupling,7,QuadraticCoupling,0.03646748247656387,0.17599904101281685,0.14000000000016655,0.1400000000000694,0.14000000000011797,0.14,0.14,0.14,covered,1.0000000000011895
active_hinges,coupling,8,QuadraticCoupling,0.17599904101281685,0.42528389472619244,0.2,0.2,0.2,0.2,0.2,0.2,covered,1.0
active_hinges,coupling,9,QuadraticCoupling,0.42528389472619244,0.31730472513297386,0.08000000000005204,0.08000000000005204,0.08000000000005204,0.08,0.08,0.08,covered,1.0000000000006506
active_hinges,coupling,10,QuadraticCoupling,0.31730472513297386,0.45201431955146626,0.13999999999989593,0.13999999999989593,0.13999999999989593,0.14,0.14,0.14,covered,0.9999999999992566
active_hinges,coupling,11,DirectedHingeCoupling,0.7128329331534723,0.39134036321253357,0.0,0.0,0.0,0.0,0.0,0.0,covered,0.0
active_hinges,coupling,12,AsymmetricHingeCoupling,0.7096683913365774,0.19943067525681638,0.0,0.0,0.0,0.0,0.0,0.0,covered,0.0
active_hinges,coupling,13,DirectedHingeCoupling,0.32201683986451896,0.9589205156742857,0.7,0.7000000000011102,0.7000000000005551,0.7,0.7,0.7,covered,1.000000000001586
active_hinges,coupling,14,AsymmetricHingeCoupling,0.5388735048936987,0.03646748247656387,0.0,0.0,0.0,0.0,0.0,0.0,covered,0.0
active_hinges,coupling,15,DirectedHingeCoupling,0.17599904101281685,0.42528389472619244,0.7,0.7,0.7,0.7,0.7,0.7,covered,1.0
active_hinges,coupling,16,AsymmetricHingeCoupling,0.31730472513297386,0.45201431955146626,0.38400000000011103,0.8639999999995559,0.5760000000001665,0.38400000000000006,0.864,0.576,covered,1.000000000000289
active_hinges,module,0,QuadraticWell,0.8024540550435577,,8.0,,,8.0,,,covered,1.0
active_hinges,module,1,QuadraticWell,0.8778347546756088,,1.6555065597694387,,,1.6555065597696212,,,covered,0.9999999999998898
active_hinges,module,2,QuadraticWell,0.17925566269934248,,3.108812563542784,,,3.1088125635418384,,,covered,1.0000000000003042
active_hinges,module,3,QuadraticWell,0.7915462978295508,,4.260164357769395,,,4.260164357759851,,,covered,1.0000000000022404
active_hinges,module,4,QuadraticWell,0.464043540020153,,0.46946545533091644,,,0.46946545533085315,,,covered,1.0000000000001348
active_hinges,module,5,QuadraticWell,0.037827118261858174,,0.34258774617979604,,,0.34258774618003096,,,covered,0.9999999999993142
active_hinges,module,6,QuadraticWell,0.7436115836561534,,0.6433324490047599,,,0.6433324490047159,,,covered,1.0000000000000686
active_hinges,module,7,QuadraticWell,0.5271141964716137,,1.2080894444043724,,,1.2080894444044474,,,covered,0.9999999999999378
active_hinges,module,8,QuadraticWell,0.2419472114974315,,0.25,,,0.25,,,covered,1.0
active_hinges,module,9,QuadraticWell,0.9381982443947282,,2.2686250443929574,,,2.268625044390925,,,covered,1.000000000000896
active_hinges,module,10,QuadraticWell,0.24085750337622236,,5.837920422729616,,,5.8379204227257855,,,covered,1.0000000000006561
active_hinges,module,11,QuadraticWell,0.7210633288974991,,0.881591254995999,,,0.8815912549960212,,,covered,0.9999999999999748
active_hinges,coupling,0,QuadraticCoupling,0.8024540550435577,0.8778347546756088,0.08000000000001908,0.08000000000001908,0.08000000000001908,0.08,0.08,0.08,covered,1.0000000000002385
active_hinges,coupling,1,QuadraticCoupling,0.8778347546756088,0.17925566269934248,0.13999999999980572,0.13999999999972246,0.1399999999997641,0.14,0.14,0.14,covered,0.9999999999986122
active_hinges,coupling,2,QuadraticCoupling,0.17925566269934248,0.7915462978295508,0.2,0.19999999999972246,0.19999999999986123,0.2,0.2,0.2,covered,1.0
active_hinges,coupling,3,QuadraticCoupling,0.7915462978295508,0.464043540020153,0.08000000000006245,0.07999999999996531,0.08000000000001388,0.08,0.08,0.08,covered,1.0000000000007807
active_hinges,coupling,4,QuadraticCoupling,0.464043540020153,0.037827118261858174,0.1400000000000694,0.14000000000016655,0.14000000000011797,0.14,0.14,0.14,covered,1.0000000000011895
active_hinges,coupling,5,QuadraticCoupling,0.037827118261858174,0.7436115836561534,0.2000000000001388,0.20000000000111023,0.2000000000006245,0.2,0.2,0.2,covered,1.0000000000055511
active_hinges,coupling,6,QuadraticCoupling,0.7436115836561534,0.5271141964716137,0.08000000000006245,0.08000000000006245,0.08000000000006245,0.08,0.08,0.08,covered,1.0000000000007807
active_hinges,coupling,7,QuadraticCoupling,0.5271141964716137,0.2419472114974315,0.13999999999980572,0.13999999999972246,0.1399999999997641,0.14,0.14,0.14,covered,0.9999999999986122
active_hinges,coupling,8,QuadraticCoupling,0.2419472114974315,0.9381982443947282,0.2,0.19999999999972246,0.19999999999986123,0.2,0.2,0.2,covered,1.0
active_hinges,coupling,9,QuadraticCoupling,0.9381982443947282,0.24085750337622236,0.07999999999988898,0.07999999999944489,0.07999999999966693,0.08,0.08,0.08,covered,0.9999999999986122
active_hinges,coupling,10,QuadraticCoupling,0.24085750337622236,0.7210633288974991,0.13999999999972246,0.13999999999980572,0.1399999999997641,0.14,0.14,0.14,covered,0.9999999999986122
active_hinges,coupling,11,DirectedHingeCoupling,0.8024540550435577,0.8778347546756088,0.7000000000000693,0.7000000000000693,0.7000000000000693,0.7,0.7,0.7,covered,1.000000000000099
active_hinges,coupling,12,AsymmetricHingeCoupling,0.17925566269934248,0.7915462978295508,0.38400000000011103,0.863999999998801,0.5760000000017652,0.38400000000000006,0.864,0.576,covered,1.0000000000030647
active_hinges,coupling,13,DirectedHingeCoupling,0.464043540020153,0.037827118261858174,0.0,0.0,0.0,0.0,0.0,0.0,covered,0.0
active_hinges,coupling,14,AsymmetricHingeCoupling,0.7436115836561534,0.5271141964716137,0.3839999999994671,0.8639999999967193,0.5759999999985067,0.38400000000000006,0.864,0.576,covered,0.9999999999986121
active_hinges,coupling,15,DirectedHingeCoupling,0.2419472114974315,0.9381982443947282,0.7,0.7000000000011102,0.7000000000005551,0.7,0.7,0.7,covered,1.000000000001586
active_hinges,coupling,16,AsymmetricHingeCoupling,0.24085750337622236,0.7210633288974991,0.38400000000011103,0.863999999998801,0.5760000000017652,0.38400000000000006,0.864,0.576,covered,1.0000000000030647
active_hinges,module,0,QuadraticWell,0.8374933934507315,,8.0,,,8.0,,,covered,1.0
active_hinges,module,1,QuadraticWell,0.6999603473082542,,1.6555065597687448,,,1.6555065597696212,,,covered,0.9999999999994706
active_hinges,module,2,QuadraticWell,0.2873422737224829,,3.10881256354209,,,3.1088125635418384,,,covered,1.0000000000000808
active_hinges,module,3,QuadraticWell,0.22639031053779649,,4.260164357759624,,,4.260164357759851,,,covered,0.9999999999999468
active_hinges,module,4,QuadraticWell,0.8871953330834926,,0.46946545533074696,,,0.46946545533085315,,,covered,0.9999999999997738
active_hinges,module,5,QuadraticWell,0.8239424424807409,,0.3425877461800723,,,0.34258774618003096,,,covered,1.0000000000001208
active_hinges,module,6,QuadraticWell,0.3837760847584061,,0.6433324490039644,,,0.6433324490047159,,,covered,0.9999999999988318
active_hinges,module,7,QuadraticWell,0.19506619757301855,,1.2080894444087684,,,1.2080894444044474,,,covered,1.0000000000035767
active_hinges,module,8,QuadraticWell,0.46853846763331103,,0.25,,,0.25,,,covered,1.0
active_hinges,module,9,QuadraticWell,0.296421298239897,,2.268625044391466,,,2.268625044390925,,,covered,1.0000000000002387
active_hinges,module,10,QuadraticWell,0.7755192495510148,,5.8379204227287165,,,5.8379204227257855,,,covered,1.000000000000502
active_hinges,module,11,QuadraticWell,0.1508354061756404,,0.8815912549938808,,,0.8815912549960212,,,covered,0.9999999999975722
active_hinges,coupling,0,QuadraticCoupling,0.8374933934507315,0.6999603473082542,0.07999999999997572,0.07999999999997572,0.07999999999997572,0.08,0.08,0.08,covered,0.9999999999996965
active_hinges,coupling,1,QuadraticCoupling,0.6999603473082542,0.2873422737224829,0.14000000000015267,0.1400000000000694,0.14000000000011104,0.14,0.14,0.14,covered,1.0000000000010905
active_hinges,coupling,2,QuadraticCoupling,0.2873422737224829,0.22639031053779649,0.2,0.2,0.2,0.2,0.2,0.2,covered,1.0
active_hinges,coupling,3,QuadraticCoupling,0.22639031053779649,0.8871953330834926,0.08000000000013878,0.07999999999988898,0.08000000000001388,0.08,0.08,0.08,covered,1.0000000000017346
active_hinges,coupling,4,QuadraticCoupling,0.8871953330834926,0.8239424424807409,0.1399999999999792,0.1399999999999792,0.1399999999999792,0.14,0.14,0.14,covered,0.9999999999998513
active_hinges,coupling,5,QuadraticCoupling,0.8239424424807409,0.3837760847584061,0.19999999999972246,0.2,0.19999999999986123,0.2,0.2,0.2,covered,1.0
active_hinges,coupling,6,QuadraticCoupling,0.3837760847584061,0.19506619757301855,0.07999999999996531,0.07999999999996531,0.07999999999996531,0.08,0.08,0.08,covered,0.9999999999995663
active_hinges,coupling,7,QuadraticCoupling,0.19506619757301855,0.46853846763331103,0.13999999999972246,0.13999999999972246,0.13999999999972246,0.14,0.14,0.14,covered,0.9999999999980175
active_hinges,coupling,8,QuadraticCoupling,0.46853846763331103,0.296421298239897,0.2,0.2,0.2,0.2,0.2,0.2,covered,1.0
active_hinges,coupling,9,QuadraticCoupling,0.296421298239897,0.7755192495510148,0.08000000000013878,0.07999999999988898,0.08000000000001388,0.08,0.08,0.08,covered,1.0000000000017346
active_hinges,coupling,10,QuadraticCoupling,0.7755192495510148,0.1508354061756404,0.1400000000004996,0.13999999999972246,0.14000000000011104,0.14,0.14,0.14,covered,1.0000000000035685
active_hinges,coupling,11,DirectedHingeCoupling,0.8374933934507315,0.6999603473082542,0.0,0.0,0.0,0.0,0.0,0.0,covered,0.0
active_hinges,coupling,12,AsymmetricHingeCoupling,0.2873422737224829,0.22639031053779649,0.38400000000011103,0.8639999999999028,0.575999999999993,0.38400000000000006,0.864,0.576,covered,1.0000000000002889
active_hinges,coupling,13,DirectedHingeCoupling,0.8871953330834926,0.8239424424807409,0.0,0.0,0.0,0.0,0.0,0.0,covered,0.0
active_hinges,coupling,14,AsymmetricHingeCoupling,0.3837760847584061,0.19506619757301855,0.0,0.0,0.0,0.0,0.0,0.0,covered,0.0
active_hinges,coupling,15,DirectedHingeCoupling,0.46853846763331103,0.296421298239897,0.0,0.0,0.0,0.0,0.0,0.0,covered,0.0
active_hinges,coupling,16,AsymmetricHingeCoupling,0.7755192495510148,0.1508354061756404,0.0,0.0,0.0,0.0,0.0,0.0,covered,0.0
active_hinges,module,0,QuadraticWell,0.6812891523995764,,8.0,,,8.0,,,covered,1.0
active_hinges,module,1,QuadraticWell,0.6425532877080246,,1.6555065597687448,,,1.6555065597696212,,,covered,0.9999999999994706
active_hinges,module,2,QuadraticWell,0.7149321520041815,,3.108812563548939,,,3.1088125635418384,,,covered,1.000000000002284
active_hinges,module,3,QuadraticWell,0.6902298849465102,,4.260164357758293,,,4.260164357759851,,,covered,0.9999999999996343
active_hinges,module,4,QuadraticWell,0.9380074837640037,,0.46946545533074696,,,0.46946545533085315,,,covered,0.9999999999997738
active_hinges,module,5,QuadraticWell,0.686966798711163,,0.3425877461800723,,,0.34258774618003096,,,covered,1.0000000000001208
active_hinges,module,6,QuadraticWell,0.32839352532247207,,0.6433324490039644,,,0.6433324490047159,,,covered,0.9999999999988318
active_hinges,module,7,QuadraticWell,0.2780236435292438,,1.2080894444087684,,,1.2080894444044474,,,covered,1.0000000000035767
active_hinges,module,8,QuadraticWell,0.692913552087341,,0.25,,,0.25,,,covered,1.0
active_hinges,module,9,QuadraticWell,0.18125732930841915,,2.268625044391466,,,2.268625044390925,,,covered,1.0000000000002387
active_hinges,module,10,QuadraticWell,0.6485294942996499,,5.8379204227287165,,,5.8379204227257855,,,covered,1.000000000000502
active_hinges,module,11,QuadraticWell,0.16908742313069097,,0.8815912549966564,,,0.8815912549960212,,,covered,1.0000000000007205
active_hinges,coupling,0,QuadraticCoupling,0.6812891523995764,0.6425532877080246,0.07999999999999739,0.07999999999999739,0.07999999999999739,0.08,0.08,0.08,covered,0.9999999999999674
active_hinges,coupling,1,QuadraticCoupling,0.6425532877080246,0.7149321520041815,0.1399999999999792,0.1399999999999792,0.1399999999999792,0.14,0.14,0.14,covered,0.9999999999998513
active_hinges,coupling,2,QuadraticCoupling,0.7149321520041815,0.6902298849465102,0.20000000000002602,0.20000000000002602,0.20000000000002602,0.2,0.2,0.2,covered,1.0000000000001301
active_hinges,coupling,3,QuadraticCoupling,0.6902298849465102,0.9380074837640037,0.08000000000006245,0.08000000000006245,0.08000000000006245,0.08,0.08,0.08,covered,1.0000000000007807
active_hinges,coupling,4,QuadraticCoupling,0.9380074837640037,0.686966798711163,0.13999999999980572,0.13999999999980572,0.13999999999980572,0.14,0.14,0.14,covered,0.9999999999986122
active_hinges,coupling,5,QuadraticCoupling,0.686966798711163,0.32839352532247207,0.20000000000041634,0.2,0.20000000000020818,0.2,0.2,0.2,covered,1.0000000000020817
active_hinges,coupling,6,QuadraticCoupling,0.32839352532247207,0.2780236435292438,0.08000000000000868,0.08000000000000868,0.08000000000000868,0.08,0.08,0.08,covered,1.0000000000001084
active_hinges,coupling,7,QuadraticCoupling,0.2780236435292438,0.692913552087341,0.13999999999972246,0.13999999999980572,0.1399999999997641,0.14,0.14,0.14,covered,0.9999999999986122
active_hinges,coupling,8,QuadraticCoupling,0.692913552087341,0.18125732930841915,0.20000000000041634,0.2,0.20000000000020818,0.2,0.2,0.2,covered,1.0000000000020817
active_hinges,coupling,9,QuadraticCoupling,0.18125732930841915,0.6485294942996499,0.08000000000013878,0.07999999999988898,0.08000000000001388,0.08,0.08,0.08,covered,1.0000000000017346
active_hinges,coupling,10,QuadraticCoupling,0.6485294942996499,0.16908742313069097,0.1400000000004996,0.13999999999972246,0.14000000000011104,0.14,0.14,0.14,covered,1.0000000000035685
active_hinges,coupling,11,DirectedHingeCoupling,0.6812891523995764,0.6425532877080246,0.0,0.0,0.0,0.0,0.0,0.0,covered,0.0
active_hinges,coupling,12,AsymmetricHingeCoupling,0.7149321520041815,0.6902298849465102,0.3839999999994671,0.8640000000015765,0.5760000000005884,0.38400000000000006,0.864,0.576,covered,1.0000000000018248
active_hinges,coupling,13,DirectedHingeCoupling,0.9380074837640037,0.686966798711163,0.0,0.0,0.0,0.0,0.0,0.0,covered,0.0
active_hinges,coupling,14,AsymmetricHingeCoupling,0.32839352532247207,0.2780236435292438,0.3839999999997641,0.8640000000002498,0.575999999999993,0.38400000000000006,0.864,0.576,covered,1.000000000000289
active_hinges,coupling,15,DirectedHingeCoupling,0.692913552087341,0.18125732930841915,0.0,0.0,0.0,0.0,0.0,0.0,covered,0.0
active_hinges,coupling,16,AsymmetricHingeCoupling,0.6485294942996499,0.16908742313069097,0.0,0.0,0.0,0.0,0.0,0.0,covered,0.0
active_hinges,module,0,QuadraticWell,0.5085880185540722,,8.0,,,8.0,,,covered,1.0
active_hinges,module,1,QuadraticWell,0.319605587261913,,1.655506559759555,,,1.6555065597696212,,,covered,0.9999999999939195
active_hinges,module,2,QuadraticWell,0.7562893304827536,,3.108812563548939,,,3.1088125635418384,,,covered,1.000000000002284
active_hinges,module,3,QuadraticWell,0.874344041847164,,4.260164357747191,,,4.260164357759851,,,covered,0.9999999999970283
active_hinges,module,4,QuadraticWell,0.2676920747503683,,0.46946545533091644,,,0.46946545533085315,,,covered,1.0000000000001348
active_hinges,module,5,QuadraticWell,0.883492342185449,,0.3425877461800723,,,0.34258774618003096,,,covered,1.0000000000001208
active_hinges,module,6,QuadraticWell,0.7875061766558397,,0.6433324490047599,,,0.6433324490047159,,,covered,1.0000000000000686
active_hinges,module,7,QuadraticWell,0.22616459179221043,,1.2080894444032173,,,1.2080894444044474,,,covered,0.9999999999989817
active_hinges,module,8,QuadraticWell,0.28347743008188814,,0.25,,,0.25,,,covered,1.0
active_hinges,module,9,QuadraticWell,0.19967126594147921,,2.268625044391466,,,2.268625044390925,,,covered,1.0000000000002387
active_hinges,module,10,QuadraticWell,0.8107885080544193,,5.8379204227287165,,,5.8379204227257855,,,covered,1.000000000000502
active_hinges,module,11,QuadraticWell,0.4642222667613437,,0.8815912549961359,,,0.8815912549960212,,,covered,1.0000000000001301
active_hinges,coupling,0,QuadraticCoupling,0.5085880185540722,0.319605587261913,0.07999999999997572,0.08000000000005204,0.08000000000001388,0.08,0.08,0.08,covered,1.0000000000006506
active_hinges,coupling,1,QuadraticCoupling,0.319605587261913,0.7562893304827536,0.1400000000000694,0.14000000000015267,0.14000000000011104,0.14,0.14,0.14,covered,1.0000000000010905
active_hinges,coupling,2,QuadraticCoupling,0.7562893304827536,0.874344041847164,0.19999999999989593,0.19999999999989593,0.19999999999989593,0.2,0.2,0.2,covered,0.9999999999994796
active_hinges,coupling,3,QuadraticCoupling,0.874344041847164,0.2676920747503683,0.08000000000023592,0.08000000000013878,0.08000000000018735,0.08,0.08,0.08,covered,1.000000000002949
active_hinges,coupling,4,QuadraticCoupling,0.2676920747503683,0.883492342185449,0.14000000000041635,0.13999999999980572,0.14000000000011104,0.14,0.14,0.14,covered,1.0000000000029738
active_hinges,coupling,5,QuadraticCoupling,0.883492342185449,0.7875061766558397,0.19999999999989593,0.19999999999989593,0.19999999999989593,0.2,0.2,0.2,covered,0.9999999999994796
active_hinges,coupling,6,QuadraticCoupling,0.7875061766558397,0.22616459179221043,0.08000000000023592,0.08000000000013878,0.08000000000018735,0.08,0.08,0.08,covered,1.000000000002949
active_hinges,coupling,7,QuadraticCoupling,0.22616459179221043,0.28347743008188814,0.13999999999998267,0.13999999999998267,0.13999999999998267,0.14,0.14,0.14,covered,0.9999999999998761
active_hinges,coupling,8,QuadraticCoupling,0.28347743008188814,0.19967126594147921,0.2,0.2,0.2,0.2,0.2,0.2,covered,1.0
active_hinges,coupling,9,QuadraticCoupling,0.19967126594147921,0.8107885080544193,0.08000000000048572,0.08000000000023592,0.08000000000036082,0.08,0.08,0.08,covered,1.0000000000060716
active_hinges,coupling,10,QuadraticCoupling,0.8107885080544193,0.4642222667613437,0.13999999999980572,0.1400000000000694,0.13999999999993756,0.14,0.14,0.14,covered,1.0000000000004956
active_hinges,coupling,11,DirectedHingeCoupling,0.5085880185540722,0.319605587261913,0.0,0.0,0.0,0.0,0.0,0.0,covered,0.0
active_hinges,coupling,12,AsymmetricHingeCoupling,0.7562893304827536,0.874344041847164,0.3840000000008549,0.863999999998801,0.5760000000005884,0.38400000000000006,0.864,0.576,covered,1.000000000002226
active_hinges,coupling,13,DirectedHingeCoupling,0.2676920747503683,0.883492342185449,0.7,0.7000000000011102,0.7000000000005551,0.7,0.7,0.7,covered,1.000000000001586
active_hinges,coupling,14,AsymmetricHingeCoupling,0.7875061766558397,0.22616459179221043,0.0,0.0,0.0,0.0,0.0,0.0,covered,0.0
active_hinges,coupling,15,DirectedHingeCoupling,0.28347743008188814,0.19967126594147921,0.0,0.0,0.0,0.0,0.0,0.0,covered,0.0
active_hinges,coupling,16,AsymmetricHingeCoupling,0.8107885080544193,0.4642222667613437,0.0,0.0,0.0,0.0,0.0,0.0,covered,0.0
active_hinges,module,0,QuadraticWell,0.7556176874831716,,8.0,,,8.0,,,covered,1.0
active_hinges,module,1,QuadraticWell,0.09934064001419586,,1.6555065597618526,,,1.6555065597696212,,,covered,0.9999999999953074
active_hinges,module,2,QuadraticWell,0.47999452914015694,,3.108812563542784,,,3.1088125635418384,,,covered,1.0000000000003042
active_hinges,module,3,QuadraticWell,0.6103816221801159,,4.260164357758293,,,4.260164357759851,,,covered,0.9999999999996343
active_hinges,module,4,QuadraticWell,0.7462294627412194,,0.46946545533074696,,,0.46946545533085315,,,covered,0.9999999999997738
active_hinges,module,5,QuadraticWell,0.28682266507819615,,0.34258774618025223,,,0.34258774618003096,,,covered,1.000000000000646
active_hinges,module,6,QuadraticWell,0.7221834384246881,,0.6433324490047599,,,0.6433324490047159,,,covered,1.0000000000000686
active_hinges,module,7,QuadraticWell,0.7235925369531874,,1.2080894444043724,,,1.2080894444044474,,,covered,0.9999999999999378
active_hinges,module,8,QuadraticWell,0.5565174394059228,,0.25,,,0.25,,,covered,1.0
active_hinges,module,9,QuadraticWell,0.9611879952159782,,2.2686250443929574,,,2.268625044390925,,,covered,1.000000000000896
active_hinges,module,10,QuadraticWell,0.21108510831637436,,5.837920422729616,,,5.8379204227257855,,,covered,1.0000000000006561
active_hinges,module,11,QuadraticWell,0.19105575452726273,,0.8815912549938808,,,0.8815912549960212,,,covered,0.9999999999975722
active_hinges,coupling,0,QuadraticCoupling,0.7556176874831716,0.09934064001419586,0.07999999999988898,0.07999999999955591,0.07999999999972245,0.08,0.08,0.08,covered,0.9999999999986122
active_hinges,coupling,1,QuadraticCoupling,0.09934064001419586,0.47999452914015694,0.13999999999991675,0.1400000000000694,0.13999999999999307,0.14,0.14,0.14,covered,1.0000000000004956
active_hinges,coupling,2,QuadraticCoupling,0.47999452914015694,0.6103816221801159,0.2,0.19999999999989593,0.19999999999994797,0.2,0.2,0.2,covered,1.0
active_hinges,coupling,3,QuadraticCoupling,0.6103816221801159,0.7462294627412194,0.07999999999997572,0.07999999999997572,0.07999999999997572,0.08,0.08,0.08,covered,0.9999999999996965
active_hinges,coupling,4,QuadraticCoupling,0.7462294627412194,0.28682266507819615,0.13999999999980572,0.14000000000041635,0.14000000000011104,0.14,0.14,0.14,covered,1.0000000000029738
active_hinges,coupling,5,QuadraticCoupling,0.28682266507819615,0.7221834384246881,0.2,0.20000000000041634,0.20000000000020818,0.2,0.2,0.2,covered,1.0000000000020817
active_hinges,coupling,6,QuadraticCoupling,0.7221834384246881,0.7235925369531874,0.08000000000000011,0.08000000000000011,0.08000000000000011,0.08,0.08,0.08,covered,1.0000000000000013
active_hinges,coupling,7,QuadraticCoupling,0.7235925369531874,0.5565174394059228,0.1399999999999792,0.1399999999999792,0.1399999999999792,0.14,0.14,0.14,covered,0.9999999999998513
active_hinges,coupling,8,QuadraticCoupling,0.5565174394059228,0.9611879952159782,0.19999999999972246,0.19999999999972246,0.19999999999972246,0.2,0.2,0.2,covered,0.9999999999986122
active_hinges,coupling,9,QuadraticCoupling,0.9611879952159782,0.21108510831637436,0.07999999999988898,0.07999999999979183,0.07999999999984041,0.08,0.08,0.08,covered,0.9999999999986122
active_hinges,coupling,10,QuadraticCoupling,0.21108510831637436,0.19105575452726273,0.14000000000000434,0.14000000000000434,0.14000000000000434,0.14,0.14,0.14,covered,1.0000000000000309
active_hinges,coupling,11,DirectedHingeCoupling,0.7556176874831716,0.09934064001419586,0.0,0.0,0.0,0.0,0.0,0.0,covered,0.0
active_hinges,coupling,12,AsymmetricHingeCoupling,0.47999452914015694,0.6103816221801159,0.38399999999872325,0.8640000000015765,0.5760000000003774,0.38400000000000006,0.864,0.576,covered,1.0000000000018248
active_hinges,coupling,13,DirectedHingeCoupling,0.7462294627412194,0.28682266507819615,0.0,0.0,0.0,0.0,0.0,0.0,covered,0.0
active_hinges,coupling,14,AsymmetricHingeCoupling,0.7221834384246881,0.7235925369531874,0.3839999999994671,0.8640000000015765,0.5760000000005884,0.38400000000000006,0.864,0.576,covered,1.0000000000018248
active_hinges,coupling,15,DirectedHingeCoupling,0.5565174394059228,0.9611879952159782,0.7000000000011102,0.7000000000011102,0.7000000000011102,0.7,0.7,0.7,covered,1.000000000001586
active_hinges,coupling,16,AsymmetricHingeCoupling,0.21108510831637436,0.19105575452726273,0.38400000000011103,0.8639999999999028,0.575999999999993,0.38400000000000006,0.864,0.576,covered,1.0000000000002889
active_hinges,module,0,QuadraticWell,0.5730401347002952,,8.0,,,8.0,,,covered,1.0
active_hinges,module,1,QuadraticWell,0.050460317462919665,,1.655506559771806,,,1.6555065597696212,,,covered,1.0000000000013196
active_hinges,module,2,QuadraticWell,0.3895165856160787,,3.108812563542784,,,3.1088125635418384,,,covered,1.0000000000003042
active_hinges,module,3,QuadraticWell,0.6697122646497282,,4.260164357758293,,,4.260164357759851,,,covered,0.9999999999996343
active_hinges,module,4,QuadraticWell,0.8715471287676352,,0.46946545533213474,,,0.46946545533085315,,,covered,1.0000000000027298
active_hinges,module,5,QuadraticWell,0.8110141952694959,,0.3425877461800723,,,0.34258774618003096,,,covered,1.0000000000001208
active_hinges,module,6,QuadraticWell,0.5927272382538636,,0.6433324490047599,,,0.6433324490047159,,,covered,1.0000000000000686
active_hinges,module,7,QuadraticWell,0.3134791797953477,,1.2080894444032173,,,1.2080894444044474,,,covered,0.9999999999989817
active_hinges,module,8,QuadraticWell,0.9108079558124712,,0.25,,,0.25,,,covered,1.0
active_hinges,module,9,QuadraticWell,0.1624263991502873,,2.268625044391466,,,2.268625044390925,,,covered,1.0000000000002387
active_hinges,module,10,QuadraticWell,0.6634844199030668,,5.8379204227287165,,,5.8379204227257855,,,covered,1.000000000000502
active_hinges,module,11,QuadraticWell,0.20883267190172858,,0.8815912549966564,,,0.8815912549960212,,,covered,1.0000000000007205
active_hinges,coupling,0,QuadraticCoupling,0.5730401347002952,0.050460317462919665,0.08000000000023592,0.08000000000019429,0.08000000000021511,0.08,0.08,0.08,covered,1.000000000002949
active_hinges,coupling,1,QuadraticCoupling,0.050460317462919665,0.3895165856160787,0.14000000000016655,0.1400000000000694,0.14000000000011797,0.14,0.14,0.14,covered,1.0000000000011895
active_hinges,coupling,2,QuadraticCoupling,0.3895165856160787,0.6697122646497282,0.2,0.2000000000000694,0.2000000000000347,0.2,0.2,0.2,covered,1.0000000000003468
active_hinges,coupling,3,QuadraticCoupling,0.6697122646497282,0.8715471287676352,0.08000000000006245,0.08000000000006245,0.08000000000006245,0.08,0.08,0.08,covered,1.0000000000007807
active_hinges,coupling,4,QuadraticCoupling,0.8715471287676352,0.8110141952694959,0.14000000000006593,0.14000000000006593,0.14000000000006593,0.14,0.14,0.14,covered,1.000000000000471
active_hinges,coupling,5,QuadraticCoupling,0.8110141952694959,0.5927272382538636,0.2000000000000694,0.2000000000000694,0.2000000000000694,0.2,0.2,0.2,covered,1.0000000000003468
active_hinges,coupling,6,QuadraticCoupling,0.5927272382538636,0.3134791797953477,0.07999999999988898,0.08000000000013878,0.08000000000001388,0.08,0.08,0.08,covered,1.0000000000017346
active_hinges,coupling,7,QuadraticCoupling,0.3134791797953477,0.9108079558124712,0.14000000000041635,0.13999999999980572,0.14000000000011104,0.14,0.14,0.14,covered,1.0000000000029738
active_hinges,coupling,8,QuadraticCoupling,0.9108079558124712,0.1624263991502873,0.20000000000111023,0.2,0.20000000000055512,0.2,0.2,0.2,covered,1.0000000000055511
active_hinges,coupling,9,QuadraticCoupling,0.1624263991502873,0.6634844199030668,0.08000000000013878,0.07999999999988898,0.08000000000001388,0.08,0.08,0.08,covered,1.0000000000017346
active_hinges,coupling,10,QuadraticCoupling,0.6634844199030668,0.20883267190172858,0.13999999999980572,0.13999999999972246,0.1399999999997641,0.14,0.14,0.14,covered,0.9999999999986122
active_hinges,coupling,11,DirectedHingeCoupling,0.5730401347002952,0.050460317462919665,0.0,0.0,0.0,0.0,0.0,0.0,covered,0.0
active_hinges,coupling,12,AsymmetricHingeCoupling,0.3895165856160787,0.6697122646497282,0.3840000000028866,0.863999999998801,0.5760000000003774,0.38400000000000006,0.864,0.576,covered,1.000000000007517
active_hinges,coupling,13,DirectedHingeCoupling,0.8715471287676352,0.8110141952694959,0.0,0.0,0.0,0.0,0.0,0.0,covered,0.0
active_hinges,coupling,14,AsymmetricHingeCoupling,0.5927272382538636,0.3134791797953477,0.0,0.0,0.0,0.0,0.0,0.0,covered,0.0
active_hinges,coupling,15,DirectedHingeCoupling,0.9108079558124712,0.1624263991502873,0.0,0.0,0.0,0.0,0.0,0.0,covered,0.0
active_hinges,coupling,16,AsymmetricHingeCoupling,0.6634844199030668,0.20883267190172858,0.0,0.0,0.0,0.0,0.0,0.0,covered,0.0
